target_month,year,model,actual,forecast,abs_error,ape_pct
2018-07,2018,RW_R2_PIT,1238.0,1303.0,65.0,5.250403877221324
2018-07,2018,DRIFT_R2_PIT,1238.0,1344.4289044289046,106.42890442890462,8.596842037875978
2018-07,2018,MOM3_R2_PIT,1238.0,1284.881576213335,46.88157621333494,3.786880146472935
2018-07,2018,DAMPED_TREND_R2_PIT,1238.0,1303.194142239625,65.19414223962508,5.266085802877632
2018-07,2018,RIDGE_MACRO_R2,1238.0,1306.9063734312451,68.90637343124513,5.565942926594921
2018-07,2018,HUBER_MACRO_R2,1238.0,1339.3332412526624,101.33324125266245,8.185237580990504
2018-07,2018,SVR_RBF_MACRO_R2,1238.0,1295.041294569777,57.04129456977694,4.607535910321238
2018-08,2018,RW_R2_PIT,1202.0,1282.0,80.0,6.655574043261231
2018-08,2018,DRIFT_R2_PIT,1202.0,1330.3181818181818,128.31818181818176,10.675389502344572
2018-08,2018,MOM3_R2_PIT,1202.0,1254.3403787019558,52.34037870195584,4.354440823790004
2018-08,2018,DAMPED_TREND_R2_PIT,1202.0,1282.1552676509032,80.15526765090317,6.668491485100097
2018-08,2018,RIDGE_MACRO_R2,1202.0,1196.0328540573614,5.967145942638581,0.4964347706022114
2018-08,2018,HUBER_MACRO_R2,1202.0,1229.516233524276,27.516233524276004,2.2892041201560733
2018-08,2018,SVR_RBF_MACRO_R2,1202.0,1271.2682551143316,69.26825511433162,5.762750009511782
2018-09,2018,RW_R2_PIT,1198.0,1238.0,40.0,3.33889816360601
2018-09,2018,DRIFT_R2_PIT,1198.0,1292.7703962703963,94.7703962703963,7.910717551786002
2018-09,2018,MOM3_R2_PIT,1198.0,1177.3501289491385,20.64987105086152,1.7236954132605609
2018-09,2018,DAMPED_TREND_R2_PIT,1198.0,1238.12415954314,40.12415954313997,3.349262065370615
2018-09,2018,RIDGE_MACRO_R2,1198.0,1226.998565984689,28.998565984689094,2.4205814678371533
2018-09,2018,HUBER_MACRO_R2,1198.0,1225.3810812748964,27.38108127489636,2.2855660496574592
2018-09,2018,SVR_RBF_MACRO_R2,1198.0,1270.6511580420333,72.65115804203333,6.064370454259877
2018-10,2018,RW_R2_PIT,1215.0,1202.0,13.0,1.0699588477366255
2018-10,2018,DRIFT_R2_PIT,1215.0,1253.6340326340323,38.63403263403234,3.17975577234834
2018-10,2018,MOM3_R2_PIT,1215.0,1139.1246972557037,75.87530274429628,6.24488088430422
2018-10,2018,DAMPED_TREND_R2_PIT,1215.0,1202.0993003814192,12.900699618580802,1.061785976837926
2018-10,2018,RIDGE_MACRO_R2,1215.0,1217.522159901183,2.522159901182931,0.2075851770520931
2018-10,2018,HUBER_MACRO_R2,1215.0,1235.7062267463575,20.706226746357515,1.7042161931158448
2018-10,2018,SVR_RBF_MACRO_R2,1215.0,1259.3320108537632,44.33201085376322,3.6487251731492365
2018-11,2018,RW_R2_PIT,1221.0,1198.0,23.0,1.8837018837018837
2018-11,2018,DRIFT_R2_PIT,1221.0,1225.2435897435892,4.243589743589155,0.34755034755029934
2018-11,2018,MOM3_R2_PIT,1221.0,1145.2990149169405,75.70098508305955,6.199916878219455
2018-11,2018,DAMPED_TREND_R2_PIT,1221.0,1198.079438467083,22.920561532916963,1.877195866741766
2018-11,2018,RIDGE_MACRO_R2,1221.0,1193.874291489531,27.12570851046894,2.221597748605155
2018-11,2018,HUBER_MACRO_R2,1221.0,1259.8228720518216,38.822872051821605,3.17959640064059
2018-11,2018,SVR_RBF_MACRO_R2,1221.0,1259.4364446688076,38.43644466880755,3.1479479663233048
2018-12,2018,RW_R2_PIT,1250.0,1215.0,35.0,2.8000000000000003
2018-12,2018,DRIFT_R2_PIT,1250.0,1200.5000000000005,49.499999999999545,3.9599999999999635
2018-12,2018,MOM3_R2_PIT,1250.0,1200.2893290490183,49.710670950981694,3.976853676078535
2018-12,2018,DAMPED_TREND_R2_PIT,1250.0,1215.0635544478632,34.936445552136774,2.794915644170942
2018-12,2018,RIDGE_MACRO_R2,1250.0,1218.6163895691618,31.38361043083819,2.510688834467055
2018-12,2018,HUBER_MACRO_R2,1250.0,1268.5385737864938,18.53857378649377,1.4830859029195016
2018-12,2018,SVR_RBF_MACRO_R2,1250.0,1246.0285512729383,3.97144872706167,0.31771589816493356
2019-01,2019,RW_R2_PIT,1292.0,1221.0,71.0,5.495356037151703
2019-01,2019,DRIFT_R2_PIT,1292.0,1181.9114219114217,110.08857808857829,8.520787777753737
2019-01,2019,MOM3_R2_PIT,1292.0,1233.8957239118397,58.104276088160304,4.497234991343676
2019-01,2019,DAMPED_TREND_R2_PIT,1292.0,1221.0508474251,70.94915257489993,5.49142047793343
2019-01,2019,RIDGE_MACRO_R2,1292.0,1275.9530101102898,16.046989889710176,1.2420270812469176
2019-01,2019,HUBER_MACRO_R2,1292.0,1296.198122912908,4.1981229129080475,0.32493211400217087
2019-01,2019,SVR_RBF_MACRO_R2,1292.0,1268.4541249720949,23.54587502790514,1.8224361476706765
2019-02,2019,RW_R2_PIT,1320.0,1250.0,70.0,5.303030303030303
2019-02,2019,DRIFT_R2_PIT,1320.0,1172.667832167832,147.3321678321679,11.161527866073326
2019-02,2019,MOM3_R2_PIT,1320.0,1285.9883800667046,34.01161993329538,2.5766378737344984
2019-02,2019,DAMPED_TREND_R2_PIT,1320.0,1250.0406804980887,69.9593195019113,5.299948447114492
2019-02,2019,RIDGE_MACRO_R2,1320.0,1300.4571052618128,19.542894738187215,1.4805223286505467
2019-02,2019,HUBER_MACRO_R2,1320.0,1335.340524383693,15.340524383693037,1.1621609381585634
2019-02,2019,SVR_RBF_MACRO_R2,1320.0,1268.1352429880608,51.86475701193922,3.929148258480244
2019-03,2019,RW_R2_PIT,1301.0,1292.0,9.0,0.6917755572636434
2019-03,2019,DRIFT_R2_PIT,1301.0,1197.0314685314684,103.96853146853164,7.991432088280679
2019-03,2019,MOM3_R2_PIT,1301.0,1346.2088356844017,45.20883568440172,3.474929722090832
2019-03,2019,DAMPED_TREND_R2_PIT,1301.0,1292.0325472648187,8.967452735181269,0.6892738459017117
2019-03,2019,RIDGE_MACRO_R2,1301.0,1299.784212508359,1.2157874916410947,0.09345022994935394
2019-03,2019,HUBER_MACRO_R2,1301.0,1324.4935809338217,23.493580933821704,1.8058094491792238
2019-03,2019,SVR_RBF_MACRO_R2,1301.0,1275.7802689410548,25.21973105894517,1.9384881674823347
2019-04,2019,RW_R2_PIT,1286.0,1320.0,34.0,2.6438569206842923
2019-04,2019,DRIFT_R2_PIT,1286.0,1233.8508158508157,52.14918414918429,4.05514651237825
2019-04,2019,MOM3_R2_PIT,1286.0,1390.4559845938784,104.45598459387838,8.1225493463358
2019-04,2019,DAMPED_TREND_R2_PIT,1286.0,1320.0260395855014,34.026039585501394,2.645881771811928
2019-04,2019,RIDGE_MACRO_R2,1286.0,1310.414715366925,24.414715366925066,1.8985004173347642
2019-04,2019,HUBER_MACRO_R2,1286.0,1316.1301125284008,30.130112528400787,2.3429325449767333
2019-04,2019,SVR_RBF_MACRO_R2,1286.0,1279.5442265473887,6.455773452611311,0.5020041565016571
2019-05,2019,RW_R2_PIT,1284.0,1301.0,17.0,1.32398753894081
2019-05,2019,DRIFT_R2_PIT,1284.0,1262.637529137529,21.3624708624709,1.6637438366410358
2019-05,2019,MOM3_R2_PIT,1284.0,1336.6963067660229,52.69630676602287,4.104073735671563
2019-05,2019,DAMPED_TREND_R2_PIT,1284.0,1301.0208317900897,17.020831790089687,1.3256099524991969
2019-05,2019,RIDGE_MACRO_R2,1284.0,1268.0960890628685,15.903910937131513,1.2386223471286226
2019-05,2019,HUBER_MACRO_R2,1284.0,1270.0283887459595,13.971611254040454,1.0881317176043968
2019-05,2019,SVR_RBF_MACRO_R2,1284.0,1269.5400909372447,14.459909062755287,1.1261611419591346
2019-06,2019,RW_R2_PIT,1359.0,1286.0,73.0,5.371596762325239
2019-06,2019,DRIFT_R2_PIT,1359.0,1289.6818181818182,69.31818181818176,5.1006756304769505
2019-06,2019,MOM3_R2_PIT,1359.0,1282.3574542482334,76.64254575176665,5.639628090637722
2019-06,2019,DAMPED_TREND_R2_PIT,1359.0,1286.0166649029109,72.98333509708914,5.370370500153726
2019-06,2019,RIDGE_MACRO_R2,1359.0,1247.7333776639405,111.26662233605953,8.187389428701952
2019-06,2019,HUBER_MACRO_R2,1359.0,1245.3792092093415,113.62079079065848,8.360617423889513
2019-06,2019,SVR_RBF_MACRO_R2,1359.0,1259.7056709893152,99.2943290106848,7.30642597576783
2019-07,2019,RW_R2_PIT,1413.0,1284.0,129.0,9.129511677282377
2019-07,2019,DRIFT_R2_PIT,1413.0,1310.3100233100233,102.68997668997667,7.267514273883699
2019-07,2019,MOM3_R2_PIT,1413.0,1260.5859218015478,152.41407819845222,10.786558966627899
2019-07,2019,DAMPED_TREND_R2_PIT,1413.0,1284.013331801809,128.98666819819096,9.128568166892496
2019-07,2019,RIDGE_MACRO_R2,1413.0,1292.2966749481482,120.70332505185183,8.542344306571255
2019-07,2019,HUBER_MACRO_R2,1413.0,1293.7558559962379,119.24414400376213,8.439076008758821
2019-07,2019,SVR_RBF_MACRO_R2,1413.0,1262.6979114635567,150.3020885364433,10.637090483824721
2019-08,2019,RW_R2_PIT,1500.0,1359.0,141.0,9.4
2019-08,2019,DRIFT_R2_PIT,1500.0,1354.4102564102564,145.58974358974365,9.70598290598291
2019-08,2019,MOM3_R2_PIT,1500.0,1400.375956647783,99.62404335221709,6.641602890147806
2019-08,2019,DAMPED_TREND_R2_PIT,1500.0,1359.0106654178262,140.9893345821738,9.39928897214492
2019-08,2019,RIDGE_MACRO_R2,1500.0,1329.4159145261854,170.58408547381464,11.372272364920976
2019-08,2019,HUBER_MACRO_R2,1500.0,1326.9023026328553,173.09769736714475,11.539846491142983
2019-08,2019,SVR_RBF_MACRO_R2,1500.0,1286.9838768640068,213.0161231359932,14.20107487573288
2019-09,2019,RW_R2_PIT,1511.0,1413.0,98.0,6.485771012574454
2019-09,2019,DRIFT_R2_PIT,1511.0,1403.2156177156176,107.78438228438245,7.133314512533584
2019-09,2019,MOM3_R2_PIT,1511.0,1505.4536053917268,5.546394608273204,0.3670678099452815
2019-09,2019,DAMPED_TREND_R2_PIT,1511.0,1436.726240273222,74.27375972677805,4.915536712559765
2019-09,2019,RIDGE_MACRO_R2,1511.0,1348.1488787134926,162.85112128650735,10.777704916380367
2019-09,2019,HUBER_MACRO_R2,1511.0,1327.4240420739782,183.57595792602183,12.149302311450816
2019-09,2019,SVR_RBF_MACRO_R2,1511.0,1283.0982864931343,227.9017135068657,15.08284007325385
2019-10,2019,RW_R2_PIT,1495.0,1500.0,5.0,0.33444816053511706
2019-10,2019,DRIFT_R2_PIT,1495.0,1465.916083916084,29.083916083915938,1.945412447084678
2019-10,2019,MOM3_R2_PIT,1495.0,1663.969049639488,168.96904963948805,11.30227756785873
2019-10,2019,DAMPED_TREND_R2_PIT,1495.0,1516.432879814681,21.432879814680973,1.4336374457980585
2019-10,2019,RIDGE_MACRO_R2,1495.0,1364.4142954962215,130.58570450377852,8.734829732694214
2019-10,2019,HUBER_MACRO_R2,1495.0,1301.290784154937,193.709215845063,12.957138183616253
2019-10,2019,SVR_RBF_MACRO_R2,1495.0,1307.069235520833,187.930764479167,12.570619697603144
2019-11,2019,RW_R2_PIT,1471.0,1511.0,40.0,2.719238613188307
2019-11,2019,DRIFT_R2_PIT,1471.0,1516.0466200466203,45.04662004662032,3.062312715609811
2019-11,2019,MOM3_R2_PIT,1471.0,1622.41776562934,151.41776562934,10.293525875549966
2019-11,2019,DAMPED_TREND_R2_PIT,1471.0,1527.4502340051797,56.45023400517971,3.8375414007600077
2019-11,2019,RIDGE_MACRO_R2,1471.0,1381.9744938740666,89.02550612593336,6.052039845406754
2019-11,2019,HUBER_MACRO_R2,1471.0,1341.159789032295,129.84021096770493,8.82666288019748
2019-11,2019,SVR_RBF_MACRO_R2,1471.0,1341.3360555662045,129.66394443379545,8.814680111066991
2019-12,2019,RW_R2_PIT,1479.0,1495.0,16.0,1.0818120351588911
2019-12,2019,DRIFT_R2_PIT,1479.0,1548.1911421911418,69.19114219114181,4.678238146797958
2019-12,2019,MOM3_R2_PIT,1479.0,1553.6859524605875,74.68595246058749,5.049760139323022
2019-12,2019,DAMPED_TREND_R2_PIT,1479.0,1510.4900313666412,31.490031366641233,2.1291434324977168
2019-12,2019,RIDGE_MACRO_R2,1479.0,1425.6867369772694,53.31326302273055,3.6046830982238367
2019-12,2019,HUBER_MACRO_R2,1479.0,1423.4478044397226,55.55219556027737,3.7560646085380234
2019-12,2019,SVR_RBF_MACRO_R2,1479.0,1395.150687079285,83.84931292071497,5.669324741089586
2020-01,2020,RW_R2_PIT,1561.0,1471.0,90.0,5.7655349135169764
2020-01,2020,DRIFT_R2_PIT,1561.0,1558.272727272727,2.7272727272729753,0.1747131791975
2020-01,2020,MOM3_R2_PIT,1561.0,1452.125058208676,108.87494179132409,6.974691978944529
2020-01,2020,DAMPED_TREND_R2_PIT,1561.0,1471.3888634080793,89.61113659192074,5.740623740673975
2020-01,2020,RIDGE_MACRO_R2,1561.0,1434.5348352232263,126.46516477677369,8.101548031824066
2020-01,2020,HUBER_MACRO_R2,1561.0,1446.949245405914,114.0507545940859,7.3062623058351
2020-01,2020,SVR_RBF_MACRO_R2,1561.0,1392.2467357524054,168.75326424759464,10.810587075438479
2020-02,2020,RW_R2_PIT,1597.0,1479.0,118.0,7.3888541014402005
2020-02,2020,DRIFT_R2_PIT,1597.0,1565.6864801864801,31.31351981351986,1.9607714347852134
2020-02,2020,MOM3_R2_PIT,1597.0,1458.1666944839346,138.83330551606537,8.693381685414236
2020-02,2020,DAMPED_TREND_R2_PIT,1597.0,1482.4390433563424,114.56095664365762,7.173510121706801
2020-02,2020,RIDGE_MACRO_R2,1597.0,1540.1784907177823,56.821509282217676,3.558015609406241
2020-02,2020,HUBER_MACRO_R2,1597.0,1577.8427869690581,19.157213030941875,1.1995750175918518
2020-02,2020,SVR_RBF_MACRO_R2,1597.0,1408.1950409954766,188.80495900452343,11.82247708231205
2020-03,2020,RW_R2_PIT,1592.0,1561.0,31.0,1.9472361809045227
2020-03,2020,DRIFT_R2_PIT,1592.0,1602.3951048951046,10.395104895104623,0.6529588501950141
2020-03,2020,MOM3_R2_PIT,1592.0,1607.9993734407815,15.999373440781483,1.0049857688933093
2020-03,2020,DAMPED_TREND_R2_PIT,1592.0,1577.6600482175572,14.339951782442768,0.900750740103189
2020-03,2020,RIDGE_MACRO_R2,1592.0,1635.0062549879804,43.006254987980356,2.7013979263806753
2020-03,2020,HUBER_MACRO_R2,1592.0,1672.284928238423,80.28492823842294,5.043023130554205
2020-03,2020,SVR_RBF_MACRO_R2,1592.0,1420.7075371123722,171.29246288762783,10.759576814549487
2020-04,2020,RW_R2_PIT,1683.0,1597.0,86.0,5.109922756981581
2020-04,2020,DRIFT_R2_PIT,1683.0,1645.5920745920746,37.407925407925404,2.2226931317840406
2020-04,2020,MOM3_R2_PIT,1683.0,1687.6221927381293,4.622192738129343,0.27464009139211776
2020-04,2020,DAMPED_TREND_R2_PIT,1683.0,1614.4484705117588,68.55152948824116,4.0731746576495045
2020-04,2020,RIDGE_MACRO_R2,1683.0,1690.8827575065286,7.8827575065286055,0.46837537174858024
2020-04,2020,HUBER_MACRO_R2,1683.0,1692.3177354743739,9.317735474373876,0.553638471442298
2020-04,2020,SVR_RBF_MACRO_R2,1683.0,1342.3423552879806,340.6576447120194,20.24109594248481
2020-05,2020,RW_R2_PIT,1716.0,1592.0,124.0,7.226107226107226
2020-05,2020,DRIFT_R2_PIT,1716.0,1667.5081585081584,48.49184149184157,2.825864888801956
2020-05,2020,MOM3_R2_PIT,1716.0,1673.0020349242143,42.997965075785714,2.505708920500333
2020-05,2020,DAMPED_TREND_R2_PIT,1716.0,1608.9388678378962,107.06113216210383,6.238993715740317
2020-05,2020,RIDGE_MACRO_R2,1716.0,1631.9044661128046,84.09553388719542,4.900672137948451
2020-05,2020,HUBER_MACRO_R2,1716.0,1621.397838446745,94.60216155325497,5.512946477462411
2020-05,2020,SVR_RBF_MACRO_R2,1716.0,1385.2716194504123,330.72838054958765,19.27321564974287
2020-06,2020,RW_R2_PIT,1732.0,1683.0,49.0,2.8290993071593533
2020-06,2020,DRIFT_R2_PIT,1732.0,1704.1317016317014,27.86829836829861,1.6090241552135458
2020-06,2020,MOM3_R2_PIT,1732.0,1770.6086823458113,38.6086823458113,2.229138703568782
2020-06,2020,DAMPED_TREND_R2_PIT,1732.0,1702.3265808305268,29.673419169473163,1.7132459104776652
2020-06,2020,RIDGE_MACRO_R2,1732.0,1711.3659717261737,20.63402827382629,1.1913411243548666
2020-06,2020,HUBER_MACRO_R2,1732.0,1699.6124072301857,32.38759276981432,1.8699533931763463
2020-06,2020,SVR_RBF_MACRO_R2,1732.0,1439.7792836170236,292.22071638297643,16.871865841973236
2020-07,2020,RW_R2_PIT,1847.0,1716.0,131.0,7.0925825663237685
2020-07,2020,DRIFT_R2_PIT,1847.0,1731.6876456876453,115.31235431235473,6.2432243807447065
2020-07,2020,MOM3_R2_PIT,1847.0,1801.2755108578242,45.7244891421758,2.4756085079683703
2020-07,2020,DAMPED_TREND_R2_PIT,1847.0,1735.9115238943473,111.08847610565272,6.014535793484175
2020-07,2020,RIDGE_MACRO_R2,1847.0,1790.392041372995,56.60795862700502,3.0648596982677323
2020-07,2020,HUBER_MACRO_R2,1847.0,1806.2065353214873,40.79346467851269,2.2086337129676608
2020-07,2020,SVR_RBF_MACRO_R2,1847.0,1571.1276962969478,275.87230370305224,14.936237341800338
2020-08,2020,RW_R2_PIT,1969.0,1732.0,237.0,12.036566785170137
2020-08,2020,DRIFT_R2_PIT,1969.0,1761.8531468531464,207.14685314685357,10.52040899679297
2020-08,2020,MOM3_R2_PIT,1969.0,1832.8347084178192,136.16529158218077,6.915454117937063
2020-08,2020,DAMPED_TREND_R2_PIT,1969.0,1751.983552315214,217.01644768478604,11.021658084549825
2020-08,2020,RIDGE_MACRO_R2,1969.0,1828.1570589042947,140.84294109570533,7.153018846912408
2020-08,2020,HUBER_MACRO_R2,1969.0,1828.8130130577001,140.18698694229988,7.119704771066525
2020-08,2020,SVR_RBF_MACRO_R2,1969.0,1659.830941044733,309.169058955267,15.70183133343154
2020-09,2020,RW_R2_PIT,1922.0,1847.0,75.0,3.902185223725286
2020-09,2020,DRIFT_R2_PIT,1922.0,1829.1212121212118,92.87878787878822,4.832403115441634
2020-09,2020,MOM3_R2_PIT,1922.0,1966.2468595761336,44.2468595761336,2.3021258884564832
2020-09,2020,DAMPED_TREND_R2_PIT,1922.0,1914.4996450351125,7.500354964887492,0.39023699088904745
2020-09,2020,RIDGE_MACRO_R2,1922.0,1944.549374677641,22.549374677641026,1.173224488951146
2020-09,2020,HUBER_MACRO_R2,1922.0,1942.2405360774596,20.240536077459637,1.0530976106898875
2020-09,2020,SVR_RBF_MACRO_R2,1922.0,1580.8514713672412,341.1485286327588,17.749663300351656
2020-10,2020,RW_R2_PIT,1900.0,1969.0,69.0,3.6315789473684212
2020-10,2020,DRIFT_R2_PIT,1900.0,1941.3951048951049,41.39510489510485,2.178689731321308
2020-10,2020,MOM3_R2_PIT,1900.0,2159.4998165056977,259.4998165056977,13.657885079247247
2020-10,2020,DAMPED_TREND_R2_PIT,1900.0,2089.6262277800993,189.62622778009927,9.98032777789996
2020-10,2020,RIDGE_MACRO_R2,1900.0,2016.6376163020266,116.63761630202657,6.138821910632977
2020-10,2020,HUBER_MACRO_R2,1900.0,2004.9002230913534,104.90022309135338,5.521064373229125
2020-10,2020,SVR_RBF_MACRO_R2,1900.0,1526.4436916423444,373.55630835765555,19.66085833461345
2020-11,2020,RW_R2_PIT,1866.0,1922.0,56.0,3.0010718113612005
2020-11,2020,DRIFT_R2_PIT,1866.0,2014.4300699300695,148.43006993006952,7.9544517647411315
2020-11,2020,MOM3_R2_PIT,1866.0,2063.645313560838,197.64531356083808,10.591924628126371
2020-11,2020,DAMPED_TREND_R2_PIT,1866.0,1952.4361826553122,86.43618265531222,4.632164129437954
2020-11,2020,RIDGE_MACRO_R2,1866.0,1901.1651718291882,35.16517182918824,1.884521534254461
2020-11,2020,HUBER_MACRO_R2,1866.0,1875.6522149315679,9.652214931567869,0.517267681220143
2020-11,2020,SVR_RBF_MACRO_R2,1866.0,1558.9193206792295,307.0806793207705,16.45662804505737
2020-12,2020,RW_R2_PIT,1858.0,1900.0,42.0,2.2604951560818085
2020-12,2020,DRIFT_R2_PIT,1858.0,2053.6083916083912,195.60839160839123,10.527900517136233
2020-12,2020,MOM3_R2_PIT,1858.0,1939.132553709369,81.13255370936895,4.366660587156564
2020-12,2020,DAMPED_TREND_R2_PIT,1858.0,1910.7423750596029,52.742375059602864,2.8386638891067206
2020-12,2020,RIDGE_MACRO_R2,1858.0,1935.6062977319325,77.6062977319325,4.176872859630382
2020-12,2020,HUBER_MACRO_R2,1858.0,1901.8404913728211,43.840491372821134,2.3595528187740116
2020-12,2020,SVR_RBF_MACRO_R2,1858.0,1693.1615671004813,164.8384328995187,8.871820931082814
2021-01,2021,RW_R2_PIT,1867.0,1866.0,1.0,0.05356186395286556
2021-01,2021,DRIFT_R2_PIT,1867.0,2052.7226107226106,185.72261072261063,9.94764920849548
2021-01,2021,MOM3_R2_PIT,1867.0,1800.3924009801403,66.60759901985966,3.5676271569287445
2021-01,2021,DAMPED_TREND_R2_PIT,1867.0,1887.7080990606519,20.708099060651875,1.1091643846090988
2021-01,2021,RIDGE_MACRO_R2,1867.0,1913.2124800214083,46.21248002140828,2.475226567831188
2021-01,2021,HUBER_MACRO_R2,1867.0,1914.4896182760344,47.489618276034435,2.5436324732744744
2021-01,2021,SVR_RBF_MACRO_R2,1867.0,1656.3788743361122,210.62112566388782,11.28126007840856
2021-02,2021,RW_R2_PIT,1808.0,1858.0,50.0,2.765486725663717
2021-02,2021,DRIFT_R2_PIT,1808.0,2030.2062937062938,222.20629370629376,12.29017111207377
2021-02,2021,MOM3_R2_PIT,1808.0,1816.5790930078713,8.579093007871279,0.4745073566300486
2021-02,2021,DAMPED_TREND_R2_PIT,1808.0,1879.1314350891294,71.13143508912935,3.9342607903279507
2021-02,2021,RIDGE_MACRO_R2,1808.0,1887.6527965806763,79.6527965806763,4.405575032117052
2021-02,2021,HUBER_MACRO_R2,1808.0,1890.350306535665,82.35030653566491,4.554773591574387
2021-02,2021,SVR_RBF_MACRO_R2,1808.0,1711.7482195678845,96.25178043211554,5.323660422130285
2021-03,2021,RW_R2_PIT,1718.0,1867.0,149.0,8.672875436554133
2021-03,2021,DRIFT_R2_PIT,1718.0,2012.2797202797199,294.27972027971987,17.129203741543648
2021-03,2021,MOM3_R2_PIT,1718.0,1845.4822491123896,127.48224911238958,7.420387026332338
2021-03,2021,DAMPED_TREND_R2_PIT,1718.0,1887.9872711133783,169.98727111337826,9.894486095074404
2021-03,2021,RIDGE_MACRO_R2,1718.0,1778.9673801360223,60.96738013602226,3.548741567870911
2021-03,2021,HUBER_MACRO_R2,1718.0,1768.2910145555936,50.29101455559362,2.927300032339559
2021-03,2021,SVR_RBF_MACRO_R2,1718.0,1694.7935589184149,23.206441081585126,1.3507823679618816
2021-04,2021,RW_R2_PIT,1760.0,1808.0,48.0,2.727272727272727
2021-04,2021,DRIFT_R2_PIT,1760.0,1965.6410256410259,205.64102564102586,11.684149184149197
2021-04,2021,MOM3_R2_PIT,1760.0,1770.774248157929,10.774248157928923,0.6121731907914161
2021-04,2021,DAMPED_TREND_R2_PIT,1760.0,1827.2333880341919,67.23338803419188,3.8200788655790836
2021-04,2021,RIDGE_MACRO_R2,1760.0,1687.845435155423,72.15456484457695,4.099691184350964
2021-04,2021,HUBER_MACRO_R2,1760.0,1678.5943676711088,81.40563232889122,4.625320018687001
2021-04,2021,SVR_RBF_MACRO_R2,1760.0,1666.9164071376697,93.0835928623303,5.288840503541495
2021-05,2021,RW_R2_PIT,1850.0,1718.0,132.0,7.135135135135136
2021-05,2021,DRIFT_R2_PIT,1850.0,1873.1864801864808,23.18648018648082,1.2533232533232876
2021-05,2021,MOM3_R2_PIT,1850.0,1631.4585667800704,218.54143321992956,11.813050444320517
2021-05,2021,DAMPED_TREND_R2_PIT,1850.0,1734.824853230355,115.17514676964493,6.225683609169996
2021-05,2021,RIDGE_MACRO_R2,1850.0,1733.143964389324,116.85603561067592,6.316542465441942
2021-05,2021,HUBER_MACRO_R2,1850.0,1730.5433363920845,119.45666360791552,6.457116951779216
2021-05,2021,SVR_RBF_MACRO_R2,1850.0,1649.201762777156,200.7982372228439,10.853958768802373
2021-06,2021,RW_R2_PIT,1835.0,1760.0,75.0,4.087193460490464
2021-06,2021,DRIFT_R2_PIT,1835.0,1813.1783216783208,21.8216783216792,1.1891922791105831
2021-06,2021,MOM3_R2_PIT,1835.0,1693.8322165467362,141.16778345326384,7.693067218161517
2021-06,2021,DAMPED_TREND_R2_PIT,1835.0,1777.5032152768954,57.49678472310461,3.1333397669266816
2021-06,2021,RIDGE_MACRO_R2,1835.0,1808.7357137490424,26.26428625095764,1.431296253458182
2021-06,2021,HUBER_MACRO_R2,1835.0,1799.1442737102336,35.85572628976638,1.9539905335022552
2021-06,2021,SVR_RBF_MACRO_R2,1835.0,1639.3516818560702,195.64831814392983,10.6620336863177
2021-07,2021,RW_R2_PIT,1808.0,1850.0,42.0,2.3230088495575223
2021-07,2021,DRIFT_R2_PIT,1808.0,1791.0932400932402,16.906759906759817,0.9351084019225563
2021-07,2021,MOM3_R2_PIT,1808.0,1881.962590430229,73.96259043022906,4.090851240610014
2021-07,2021,DAMPED_TREND_R2_PIT,1808.0,1869.2215774214121,61.22157742141212,3.386149193662175
2021-07,2021,RIDGE_MACRO_R2,1808.0,1871.196914007114,63.196914007113946,3.4954045357917005
2021-07,2021,HUBER_MACRO_R2,1808.0,1874.056173126068,66.05617312606796,3.6535493985657057
2021-07,2021,SVR_RBF_MACRO_R2,1808.0,1740.348096205451,67.65190379454907,3.7418088381940855
2021-08,2021,RW_R2_PIT,1785.0,1835.0,50.0,2.801120448179272
2021-08,2021,DRIFT_R2_PIT,1785.0,1760.5244755244757,24.475524475524253,1.3711778417660647
2021-08,2021,MOM3_R2_PIT,1785.0,1918.4730563626877,133.47305636268766,7.477482149170177
2021-08,2021,DAMPED_TREND_R2_PIT,1785.0,1853.589215586879,68.58921558687894,3.8425330860996603
2021-08,2021,RIDGE_MACRO_R2,1785.0,1892.097676936128,107.09767693612798,5.999869856365713
2021-08,2021,HUBER_MACRO_R2,1785.0,1915.5791607544709,130.57916075447088,7.315359145908733
2021-08,2021,SVR_RBF_MACRO_R2,1785.0,1752.9039218747266,32.09607812527338,1.7980996148612538
2021-09,2021,RW_R2_PIT,1775.0,1808.0,33.0,1.8591549295774648
2021-09,2021,DRIFT_R2_PIT,1775.0,1744.1363636363633,30.863636363636715,1.7387964148527728
2021-09,2021,MOM3_R2_PIT,1775.0,1842.289294010371,67.2892940103709,3.790946141429346
2021-09,2021,DAMPED_TREND_R2_PIT,1775.0,1825.72176757832,50.72176757831994,2.857564370609574
2021-09,2021,RIDGE_MACRO_R2,1775.0,1889.1144657277218,114.11446572772184,6.428983984660386
2021-09,2021,HUBER_MACRO_R2,1775.0,1898.127169445944,123.12716944594399,6.936741940616563
2021-09,2021,SVR_RBF_MACRO_R2,1775.0,1877.345576776809,102.34557677680891,5.765947987425854
2021-10,2021,RW_R2_PIT,1777.0,1785.0,8.0,0.4501969611705121
2021-10,2021,DRIFT_R2_PIT,1777.0,1752.6666666666663,24.333333333333712,1.3693490902269956
2021-10,2021,MOM3_R2_PIT,1777.0,1742.9540991251517,34.04590087484826,1.9159201392711458
2021-10,2021,DAMPED_TREND_R2_PIT,1777.0,1801.9672848878922,24.96728488789222,1.405024473150941
2021-10,2021,RIDGE_MACRO_R2,1777.0,1799.2963049811196,22.296304981119647,1.2547160934788772
2021-10,2021,HUBER_MACRO_R2,1777.0,1799.5879793188553,22.587979318855332,1.2711299560413807
2021-10,2021,SVR_RBF_MACRO_R2,1777.0,1714.813819223705,62.18618077629503,3.499503701536018
2021-11,2021,RW_R2_PIT,1822.0,1775.0,47.0,2.579582875960483
2021-11,2021,DRIFT_R2_PIT,1822.0,1755.0233100233097,66.9766899766903,3.6759983521783917
2021-11,2021,MOM3_R2_PIT,1822.0,1736.1210331778436,85.87896682215637,4.71344494084283
2021-11,2021,DAMPED_TREND_R2_PIT,1822.0,1791.503753599123,30.496246400877,1.6737786169526345
2021-11,2021,RIDGE_MACRO_R2,1822.0,1832.8068607417954,10.80686074179539,0.5931317640941488
2021-11,2021,HUBER_MACRO_R2,1822.0,1823.5562006023943,1.5562006023942558,0.08541166862756619
2021-11,2021,SVR_RBF_MACRO_R2,1822.0,1800.9378767975081,21.062123202491875,1.155989198819532
2021-12,2021,RW_R2_PIT,1790.0,1777.0,13.0,0.7262569832402235
2021-12,2021,DRIFT_R2_PIT,1790.0,1760.1666666666667,29.833333333333258,1.6666666666666625
2021-12,2021,MOM3_R2_PIT,1790.0,1756.6860095871516,33.3139904128484,1.8611167828406927
2021-12,2021,DAMPED_TREND_R2_PIT,1790.0,1793.2956166290428,3.2956166290427973,0.18411266084037975
2021-12,2021,RIDGE_MACRO_R2,1790.0,1833.651006767812,43.65100676781208,2.4386037300453673
2021-12,2021,HUBER_MACRO_R2,1790.0,1828.0336663005453,38.03366630054529,2.1247858268461055
2021-12,2021,SVR_RBF_MACRO_R2,1790.0,1806.2929234584703,16.29292345847034,0.9102191876240414
2022-01,2022,RW_R2_PIT,1816.0,1822.0,6.0,0.3303964757709251
2022-01,2022,DRIFT_R2_PIT,1816.0,1779.734265734266,36.265734265733954,1.9970117987738962
2022-01,2022,MOM3_R2_PIT,1816.0,1847.4114816995454,31.411481699545448,1.729707142045454
2022-01,2022,DAMPED_TREND_R2_PIT,1816.0,1838.9380406781072,22.9380406781072,1.2631079668561234
2022-01,2022,RIDGE_MACRO_R2,1816.0,1852.8879497591827,36.887949759182675,2.0312747664748168
2022-01,2022,HUBER_MACRO_R2,1816.0,1844.2284977191468,28.228497719146844,1.554432693785619
2022-01,2022,SVR_RBF_MACRO_R2,1816.0,1784.4828561586332,31.51714384136676,1.7355255419254825
2022-02,2022,RW_R2_PIT,1856.0,1790.0,66.0,3.556034482758621
2022-02,2022,DRIFT_R2_PIT,1856.0,1787.6515151515155,68.34848484848453,3.6825692267502443
2022-02,2022,MOM3_R2_PIT,1856.0,1800.6211272482344,55.378872751765584,2.983775471539094
2022-02,2022,DAMPED_TREND_R2_PIT,1856.0,1806.072889771356,49.927110228644096,2.6900382666295313
2022-02,2022,RIDGE_MACRO_R2,1856.0,1739.9712530719048,116.02874692809519,6.251548864660301
2022-02,2022,HUBER_MACRO_R2,1856.0,1726.5999358656293,129.40006413437072,6.971986214136354
2022-02,2022,SVR_RBF_MACRO_R2,1856.0,1677.841851140479,178.1581488595209,9.599038192862118
2022-03,2022,RW_R2_PIT,1948.0,1816.0,132.0,6.7761806981519515
2022-03,2022,DRIFT_R2_PIT,1948.0,1811.1200466200469,136.87995337995312,7.026691651948312
2022-03,2022,MOM3_R2_PIT,1948.0,1843.0806471477279,104.91935285227214,5.386003739849699
2022-03,2022,DAMPED_TREND_R2_PIT,1948.0,1832.3316293225696,115.6683706774304,5.937801369477947
2022-03,2022,RIDGE_MACRO_R2,1948.0,1732.838248550893,215.161751449107,11.045264448106108
2022-03,2022,HUBER_MACRO_R2,1948.0,1703.15258753162,244.84741246838007,12.569169017883988
2022-03,2022,SVR_RBF_MACRO_R2,1948.0,1698.4558724977355,249.54412750226447,12.81027348574253
2022-04,2022,RW_R2_PIT,1937.0,1856.0,81.0,4.181724315952503
2022-04,2022,DRIFT_R2_PIT,1937.0,1836.9382284382284,100.0617715617716,5.165811644903025
2022-04,2022,MOM3_R2_PIT,1937.0,1879.5694027650313,57.43059723496867,2.964924999223989
2022-04,2022,DAMPED_TREND_R2_PIT,1937.0,1872.8397792332712,64.1602207667288,3.3123500653964273
2022-04,2022,RIDGE_MACRO_R2,1937.0,1661.6414740750984,275.35852592490164,14.215721524259248
2022-04,2022,HUBER_MACRO_R2,1937.0,1634.8919348320026,302.10806516799744,15.596699285905908
2022-04,2022,SVR_RBF_MACRO_R2,1937.0,1642.285724230955,294.7142757690449,15.214985842490702
2022-05,2022,RW_R2_PIT,1849.0,1948.0,99.0,5.354245538128718
2022-05,2022,DRIFT_R2_PIT,1849.0,1871.2622377622376,22.262237762237646,1.2040150222951673
2022-05,2022,MOM3_R2_PIT,1849.0,2061.4471842447592,212.44718424475923,11.489842306368807
2022-05,2022,DAMPED_TREND_R2_PIT,1849.0,1966.275075615671,117.27507561567108,6.342621720696111
2022-05,2022,RIDGE_MACRO_R2,1849.0,1617.6577255384075,231.34227446159252,12.511750917338698
2022-05,2022,HUBER_MACRO_R2,1849.0,1544.152734831013,304.84726516898695,16.487142518603946
2022-05,2022,SVR_RBF_MACRO_R2,1849.0,1604.426495658985,244.573504341015,13.22733933699378
2022-06,2022,RW_R2_PIT,1837.0,1937.0,100.0,5.443658138268917
2022-06,2022,DRIFT_R2_PIT,1837.0,1900.251748251748,63.25174825174804,3.4432089413036495
2022-06,2022,MOM3_R2_PIT,1837.0,2023.0976473837673,186.09764738376725,10.130519726933437
2022-06,2022,DAMPED_TREND_R2_PIT,1837.0,1954.8240488687663,117.82404886876634,6.413938425082543
2022-06,2022,RIDGE_MACRO_R2,1837.0,1657.0084960002973,179.99150399970267,9.798122155672436
2022-06,2022,HUBER_MACRO_R2,1837.0,1567.9251859205813,269.07481407941873,14.647513014666236
2022-06,2022,SVR_RBF_MACRO_R2,1837.0,1597.4909597383792,239.50904026162084,13.038053362091498
2022-07,2022,RW_R2_PIT,1733.0,1849.0,116.0,6.693594922100404
2022-07,2022,DRIFT_R2_PIT,1733.0,1910.4219114219113,177.42191142191132,10.237848322095287
2022-07,2022,MOM3_R2_PIT,1733.0,1847.1404591706405,114.1404591706405,6.586293085437997
2022-07,2022,DAMPED_TREND_R2_PIT,1733.0,1865.0376100685808,132.03761006858076,7.619019623114874
2022-07,2022,RIDGE_MACRO_R2,1733.0,1638.0192753187343,94.98072468126566,5.480711176068417
2022-07,2022,HUBER_MACRO_R2,1733.0,1583.9481019182865,149.0518980817135,8.6008019666309
2022-07,2022,SVR_RBF_MACRO_R2,1733.0,1584.1735618526047,148.82643814739527,8.587792160842197
2022-08,2022,RW_R2_PIT,1765.0,1837.0,72.0,4.079320113314448
2022-08,2022,DRIFT_R2_PIT,1765.0,1912.3193473193471,147.31934731934712,8.34670523055791
2022-08,2022,MOM3_R2_PIT,1765.0,1767.1749599205455,2.1749599205454615,0.12322719096574852
2022-08,2022,DAMPED_TREND_R2_PIT,1765.0,1852.6132720660255,87.6132720660255,4.96392476294762
2022-08,2022,RIDGE_MACRO_R2,1765.0,1752.2667815657064,12.733218434293576,0.7214288064755567
2022-08,2022,HUBER_MACRO_R2,1765.0,1807.718610684882,42.718610684881924,2.420317885829004
2022-08,2022,SVR_RBF_MACRO_R2,1765.0,1561.9485899028564,203.05141009714362,11.504329183974143
2022-09,2022,RW_R2_PIT,1681.0,1733.0,52.0,3.093396787626413
2022-09,2022,DRIFT_R2_PIT,1681.0,1868.490675990676,187.49067599067598,11.153520284989646
2022-09,2022,MOM3_R2_PIT,1681.0,1609.874039861197,71.12596013880307,4.231169550196494
2022-09,2022,DAMPED_TREND_R2_PIT,1681.0,1742.282984887937,61.28298488793689,3.645626703625038
2022-09,2022,RIDGE_MACRO_R2,1681.0,1562.941096839996,118.05890316000409,7.023135226651046
2022-09,2022,HUBER_MACRO_R2,1681.0,1583.900377733308,97.099622266692,5.776301146144675
2022-09,2022,SVR_RBF_MACRO_R2,1681.0,1476.8723373071923,204.1276626928077,12.143228000761908
2022-10,2022,RW_R2_PIT,1664.0,1765.0,101.0,6.069711538461538
2022-10,2022,DRIFT_R2_PIT,1664.0,1834.5687645687647,170.56876456876466,10.250526716872876
2022-10,2022,MOM3_R2_PIT,1664.0,1712.8656137761054,48.86561377610542,2.9366354432755664
2022-10,2022,DAMPED_TREND_R2_PIT,1664.0,1775.5416037715866,111.54160377158655,6.703221380504
2022-10,2022,RIDGE_MACRO_R2,1664.0,1560.7226045090606,103.2773954909394,6.2065742482535695
2022-10,2022,HUBER_MACRO_R2,1664.0,1564.9330918689095,99.06690813109049,5.953540152108803
2022-10,2022,SVR_RBF_MACRO_R2,1664.0,1557.7960126203957,106.20398737960431,6.382451164639683
2022-11,2022,RW_R2_PIT,1725.0,1681.0,44.0,2.550724637681159
2022-11,2022,DRIFT_R2_PIT,1725.0,1767.889277389277,42.88927738927691,2.486334921117502
2022-11,2022,MOM3_R2_PIT,1725.0,1586.2859944889983,138.7140055110017,8.041391623826184
2022-11,2022,DAMPED_TREND_R2_PIT,1725.0,1653.1634463089235,71.83655369107646,4.164437895134867
2022-11,2022,RIDGE_MACRO_R2,1725.0,1525.3825739431452,199.6174260568548,11.572024698948105
2022-11,2022,HUBER_MACRO_R2,1725.0,1573.2104592576873,151.78954074231274,8.799393666221029
2022-11,2022,SVR_RBF_MACRO_R2,1725.0,1556.524305716913,168.47569428308702,9.766706914961567
2022-12,2022,RW_R2_PIT,1798.0,1664.0,134.0,7.452725250278086
2022-12,2022,DRIFT_R2_PIT,1798.0,1700.3344988344988,97.66550116550115,5.431896616546227
2022-12,2022,MOM3_R2_PIT,1798.0,1620.7544406445566,177.24555935544345,9.857928773940126
2022-12,2022,DAMPED_TREND_R2_PIT,1798.0,1669.8035540519672,128.19644594803276,7.129946938155326
2022-12,2022,RIDGE_MACRO_R2,1798.0,1657.8529435865046,140.14705641349542,7.794608254365707
2022-12,2022,HUBER_MACRO_R2,1798.0,1691.6899010483742,106.31009895162583,5.912686259823461
2022-12,2022,SVR_RBF_MACRO_R2,1798.0,1600.1488515688895,197.85114843111046,11.003957087381004
2023-01,2023,RW_R2_PIT,1898.0,1725.0,173.0,9.114857744994731
2023-01,2023,DRIFT_R2_PIT,1898.0,1672.97668997669,225.02331002330993,11.855811908498943
2023-01,2023,MOM3_R2_PIT,1898.0,1700.8814908549493,197.11850914505067,10.385590576662311
2023-01,2023,DAMPED_TREND_R2_PIT,1898.0,1732.6953828859832,165.30461711401676,8.7094108068502
2023-01,2023,RIDGE_MACRO_R2,1898.0,1718.6854021415859,179.31459785841412,9.44755520855712
2023-01,2023,HUBER_MACRO_R2,1898.0,1790.0700309438998,107.92996905610016,5.686510487676511
2023-01,2023,SVR_RBF_MACRO_R2,1898.0,1582.3359568741987,315.6640431258013,16.631403747407866
2023-02,2023,RW_R2_PIT,1855.0,1798.0,57.0,3.0727762803234504
2023-02,2023,DRIFT_R2_PIT,1855.0,1669.604895104895,185.39510489510508,9.994345277364156
2023-02,2023,MOM3_R2_PIT,1855.0,1881.4929495715753,26.49294957157531,1.428191351567402
2023-02,2023,DAMPED_TREND_R2_PIT,1855.0,1808.8054772718804,46.19452272811964,2.4902707670145356
2023-02,2023,RIDGE_MACRO_R2,1855.0,1812.3491596033468,42.650840396653166,2.2992366790648604
2023-02,2023,HUBER_MACRO_R2,1855.0,1896.0990834016459,41.099083401645885,2.215584010870398
2023-02,2023,SVR_RBF_MACRO_R2,1855.0,1576.2152132025374,278.78478679746263,15.028829476952163
2023-03,2023,RW_R2_PIT,1913.0,1898.0,15.0,0.7841087297438577
2023-03,2023,DRIFT_R2_PIT,1913.0,1709.689976689977,203.3100233100231,10.627810941454422
2023-03,2023,MOM3_R2_PIT,1913.0,2072.127761662095,159.12776166209505,8.318231137589914
2023-03,2023,DAMPED_TREND_R2_PIT,1913.0,1913.1181518548788,0.11815185487876079,0.00617626005639105
2023-03,2023,RIDGE_MACRO_R2,1913.0,1766.607174902156,146.39282509784402,7.6525261420723485
2023-03,2023,HUBER_MACRO_R2,1913.0,1799.5573179108567,113.44268208914332,5.930093156776964
2023-03,2023,SVR_RBF_MACRO_R2,1913.0,1642.3100819977371,270.68991800226286,14.150021850614891
2023-04,2023,RW_R2_PIT,2000.0,1855.0,145.0,7.249999999999999
2023-04,2023,DRIFT_R2_PIT,2000.0,1739.7902097902095,260.2097902097905,13.010489510489526
2023-04,2023,MOM3_R2_PIT,2000.0,1949.2652860932874,50.734713906712614,2.5367356953356306
2023-04,2023,DAMPED_TREND_R2_PIT,2000.0,1868.318266782703,131.68173321729705,6.584086660864854
2023-04,2023,RIDGE_MACRO_R2,2000.0,1856.4283667582972,143.57163324170278,7.178581662085139
2023-04,2023,HUBER_MACRO_R2,2000.0,1877.4043468420891,122.59565315791087,6.129782657895544
2023-04,2023,SVR_RBF_MACRO_R2,2000.0,1721.4339606636731,278.56603933632687,13.928301966816342
2023-05,2023,RW_R2_PIT,1992.0,1913.0,79.0,3.965863453815261
2023-05,2023,DRIFT_R2_PIT,1992.0,1815.2039627039628,176.79603729603718,8.8753030771103
2023-05,2023,MOM3_R2_PIT,1992.0,1995.7899570696823,3.7899570696822593,0.19025888904027408
2023-05,2023,DAMPED_TREND_R2_PIT,1992.0,1927.9621079459134,64.03789205408657,3.21475361717302
2023-05,2023,RIDGE_MACRO_R2,1992.0,1913.7818609119056,78.2181390880944,3.926613408036868
2023-05,2023,HUBER_MACRO_R2,1992.0,1928.9880735591457,63.01192644085427,3.163249319319993
2023-05,2023,SVR_RBF_MACRO_R2,1992.0,1816.4805852746645,175.51941472533554,8.811215598661422
2023-06,2023,RW_R2_PIT,1943.0,2000.0,57.0,2.9336078229541944
2023-06,2023,DRIFT_R2_PIT,1943.0,1921.9662004662002,21.033799533799765,1.082542436119391
2023-06,2023,MOM3_R2_PIT,1943.0,2072.769789772917,129.7697897729172,6.678836323876334
2023-06,2023,DAMPED_TREND_R2_PIT,1943.0,2016.0293481640313,73.02934816403126,3.7585871417411867
2023-06,2023,RIDGE_MACRO_R2,1943.0,1960.86679397709,17.866793977090083,0.9195467821456552
2023-06,2023,HUBER_MACRO_R2,1943.0,2003.2469257546416,60.24692575464155,3.100716714083456
2023-06,2023,SVR_RBF_MACRO_R2,1943.0,1865.1278254222768,77.87217457772317,4.00783193915199
2023-07,2023,RW_R2_PIT,1951.0,1992.0,41.0,2.1014864172219374
2023-07,2023,DRIFT_R2_PIT,1951.0,1999.783216783217,48.783216783217085,2.5004211575200963
2023-07,2023,MOM3_R2_PIT,1951.0,2089.776827169757,138.77682716975687,7.113112617619521
2023-07,2023,DAMPED_TREND_R2_PIT,1951.0,2007.7227984677845,56.722798467784514,2.90737050065528
2023-07,2023,RIDGE_MACRO_R2,1951.0,1982.8411029176023,31.841102917602257,1.6320401290416329
2023-07,2023,HUBER_MACRO_R2,1951.0,2011.7409860228393,60.74098602283925,3.1133257828210787
2023-07,2023,SVR_RBF_MACRO_R2,1951.0,1884.0605669818376,66.93943301816239,3.431031933273316
2023-08,2023,RW_R2_PIT,1919.0,1943.0,24.0,1.2506513809275663
2023-08,2023,DRIFT_R2_PIT,1919.0,2048.7913752913755,129.79137529137552,6.763490114193617
2023-08,2023,MOM3_R2_PIT,1919.0,1964.9266271850465,45.92662718504653,2.393258321263498
2023-08,2023,DAMPED_TREND_R2_PIT,1919.0,1957.8545530420859,38.854553042085854,2.024729184058669
2023-08,2023,RIDGE_MACRO_R2,1919.0,1998.8052211118033,79.80522111180335,4.15868791619611
2023-08,2023,HUBER_MACRO_R2,1919.0,2018.9400337335605,99.94003373356054,5.207922549951044
2023-08,2023,SVR_RBF_MACRO_R2,1919.0,1948.916925910412,29.91692591041192,1.5589851959568484
2023-09,2023,RW_R2_PIT,1916.0,1951.0,35.0,1.826722338204593
2023-09,2023,DRIFT_R2_PIT,1916.0,2068.4265734265737,152.42657342657367,7.955457903265849
2023-09,2023,MOM3_R2_PIT,1916.0,1919.2882349028112,3.288234902811155,0.1716197757208327
2023-09,2023,DAMPED_TREND_R2_PIT,1916.0,1965.7877081171125,49.787708117112516,2.598523388158273
2023-09,2023,RIDGE_MACRO_R2,1916.0,1969.5529457111284,53.55294571112836,2.7950389202050294
2023-09,2023,HUBER_MACRO_R2,1916.0,1995.0283783379828,79.02837833798276,4.12465440177363
2023-09,2023,SVR_RBF_MACRO_R2,1916.0,1835.8675277086168,80.13247229138324,4.182279347149438
2023-10,2023,RW_R2_PIT,1916.0,1919.0,3.0,0.15657620041753653
2023-10,2023,DRIFT_R2_PIT,1916.0,2072.973193473194,156.973193473194,8.192755400479854
2023-10,2023,MOM3_R2_PIT,1916.0,1872.104540079211,43.89545992078911,2.290994776659139
2023-10,2023,DAMPED_TREND_R2_PIT,1916.0,1933.109050492666,17.10905049266603,0.8929567062978094
2023-10,2023,RIDGE_MACRO_R2,1916.0,1920.1949040742018,4.194904074201759,0.21894071368485168
2023-10,2023,HUBER_MACRO_R2,1916.0,1945.5399419721284,29.539941972128418,1.5417506248501263
2023-10,2023,SVR_RBF_MACRO_R2,1916.0,1811.688352971749,104.31164702825095,5.44424045032625
2023-11,2023,RW_R2_PIT,1984.0,1916.0,68.0,3.4274193548387095
2023-11,2023,DRIFT_R2_PIT,1984.0,2046.6911421911418,62.69114219114181,3.1598357959244865
2023-11,2023,MOM3_R2_PIT,1984.0,1898.3525481479542,85.64745185204583,4.316907855445859
2023-11,2023,DAMPED_TREND_R2_PIT,1984.0,1929.4004047177448,54.59959528225522,2.7519957299523803
2023-11,2023,RIDGE_MACRO_R2,1984.0,1925.6402766853814,58.35972331461858,2.941518312228759
2023-11,2023,HUBER_MACRO_R2,1984.0,1933.0956445106142,50.90435548938581,2.5657437242633976
2023-11,2023,SVR_RBF_MACRO_R2,1984.0,1872.311636886286,111.6883631137141,5.629453785973493
2023-12,2023,RW_R2_PIT,2026.0,1916.0,110.0,5.429417571569595
2023-12,2023,DRIFT_R2_PIT,2026.0,2003.7051282051277,22.29487179487228,1.1004378970815538
2023-12,2023,MOM3_R2_PIT,2026.0,1893.121212256948,132.87878774305204,6.558676591463576
2023-12,2023,DAMPED_TREND_R2_PIT,2026.0,1928.919805132658,97.08019486734202,4.791717416946793
2023-12,2023,RIDGE_MACRO_R2,2026.0,2074.056502023397,48.056502023397115,2.371989241036383
2023-12,2023,HUBER_MACRO_R2,2026.0,2115.206706350409,89.20670635040915,4.4030950814614584
2023-12,2023,SVR_RBF_MACRO_R2,2026.0,1793.4126385098562,232.58736149014385,11.480126430905422
2024-01,2024,RW_R2_PIT,2034.0,1984.0,50.0,2.4582104228121926
2024-01,2024,DRIFT_R2_PIT,2034.0,1988.4965034965032,45.50349650349676,2.237143387585878
2024-01,2024,MOM3_R2_PIT,2034.0,2029.1282421850647,4.871757814935336,0.23951611676181592
2024-01,2024,DAMPED_TREND_R2_PIT,2034.0,1998.5303983961278,35.469601603872206,1.7438348871126945
2024-01,2024,RIDGE_MACRO_R2,2034.0,2088.1326731411955,54.13267314119548,2.6613900266074473
2024-01,2024,HUBER_MACRO_R2,2034.0,2120.260100549138,86.26010054913786,4.240909564854369
2024-01,2024,SVR_RBF_MACRO_R2,2034.0,1890.4141215284342,143.58587847156582,7.059286060548958
2024-02,2024,RW_R2_PIT,2023.0,2026.0,3.0,0.14829461196243204
2024-02,2024,DRIFT_R2_PIT,2023.0,1994.1223776223778,28.877622377622174,1.427465268295708
2024-02,2024,MOM3_R2_PIT,2023.0,2103.2514053694663,80.25140536946628,3.9669503395682786
2024-02,2024,DAMPED_TREND_R2_PIT,2023.0,2040.8940702966506,17.894070296650625,0.8845314036900951
2024-02,2024,RIDGE_MACRO_R2,2023.0,2034.4063974697235,11.406397469723515,0.5638357622206385
2024-02,2024,HUBER_MACRO_R2,2023.0,2024.0353555899756,1.035355589975552,0.05117921848618646
2024-02,2024,SVR_RBF_MACRO_R2,2023.0,1858.239553893415,164.76044610658505,8.144362140711076
2024-03,2024,RW_R2_PIT,2158.0,2034.0,124.0,5.746061167747914
2024-03,2024,DRIFT_R2_PIT,2158.0,2016.522144522144,141.4778554778561,6.5559710601416175
2024-03,2024,MOM3_R2_PIT,2158.0,2117.0154887109293,40.984511289070724,1.8991895870746396
2024-03,2024,DAMPED_TREND_R2_PIT,2158.0,2048.826105300253,109.17389469974705,5.05903126504852
2024-03,2024,RIDGE_MACRO_R2,2158.0,2058.8042086122964,99.1957913877036,4.596653910458925
2024-03,2024,HUBER_MACRO_R2,2158.0,2044.2520841580792,113.74791584192076,5.270987759125151
2024-03,2024,SVR_RBF_MACRO_R2,2158.0,1978.6554238161746,179.34457618382544,8.310684716581346
2024-04,2024,RW_R2_PIT,2331.0,2023.0,308.0,13.213213213213212
2024-04,2024,DRIFT_R2_PIT,2331.0,2016.623543123543,314.37645687645704,13.486763486763495
2024-04,2024,MOM3_R2_PIT,2331.0,2049.6694872507887,281.33051274921127,12.069091066032229
2024-04,2024,DAMPED_TREND_R2_PIT,2331.0,2037.5276939061666,293.47230609383337,12.589974521399974
2024-04,2024,RIDGE_MACRO_R2,2331.0,2078.9301012996048,252.06989870039524,10.813809468056423
2024-04,2024,HUBER_MACRO_R2,2331.0,2072.780868138587,258.2191318614132,11.077611834466461
2024-04,2024,SVR_RBF_MACRO_R2,2331.0,2023.3711614876433,307.62883851235665,13.197290369470469
2024-05,2024,RW_R2_PIT,2351.0,2158.0,193.0,8.209272649936198
2024-05,2024,DRIFT_R2_PIT,2351.0,2073.045454545454,277.95454545454595,11.822822009976433
2024-05,2024,MOM3_R2_PIT,2351.0,2252.927942295754,98.07205770424616,4.1715039431835885
2024-05,2024,DAMPED_TREND_R2_PIT,2351.0,2173.9836286323307,177.0163713676693,7.529407544350035
2024-05,2024,RIDGE_MACRO_R2,2351.0,2180.067281545831,170.93271845416893,7.27063881132152
2024-05,2024,HUBER_MACRO_R2,2351.0,2183.0337043521795,167.96629564782052,7.1444617459728
2024-05,2024,SVR_RBF_MACRO_R2,2351.0,1934.6060988996096,416.3939011003904,17.71135266271333
2024-06,2024,RW_R2_PIT,2326.0,2331.0,5.0,0.21496130696474636
2024-06,2024,DRIFT_R2_PIT,2326.0,2203.347319347319,122.65268065268083,5.273116107165985
2024-06,2024,MOM3_R2_PIT,2326.0,2556.062659936019,230.06265993601892,9.890914012726522
2024-06,2024,DAMPED_TREND_R2_PIT,2326.0,2348.8471537895484,22.84715378954843,0.9822508078051776
2024-06,2024,RIDGE_MACRO_R2,2326.0,2391.0510214568826,65.05102145688261,2.7966905183526487
2024-06,2024,HUBER_MACRO_R2,2326.0,2381.098483008477,55.09848300847716,2.368808383855424
2024-06,2024,SVR_RBF_MACRO_R2,2326.0,1848.6703542245739,477.3296457754261,20.521480901781004
2024-07,2024,RW_R2_PIT,2398.0,2351.0,47.0,1.9599666388657215
2024-07,2024,DRIFT_R2_PIT,2398.0,2321.6643356643353,76.33566433566466,3.183305435182013
2024-07,2024,MOM3_R2_PIT,2398.0,2601.002799867534,203.00279986753412,8.465504581631949
2024-07,2024,DAMPED_TREND_R2_PIT,2398.0,2368.8861720450072,29.113827954992757,1.2140879047119582
2024-07,2024,RIDGE_MACRO_R2,2398.0,2415.011337582468,17.01133758246806,0.7093968966834053
2024-07,2024,HUBER_MACRO_R2,2398.0,2384.9890328908073,13.010967109192734,0.542575776029722
2024-07,2024,SVR_RBF_MACRO_R2,2398.0,1916.9545481074933,481.04545189250666,20.0602773933489
2024-08,2024,RW_R2_PIT,2470.0,2326.0,144.0,5.82995951417004
2024-08,2024,DRIFT_R2_PIT,2470.0,2399.2365967365968,70.76340326340323,2.8649151118786733
2024-08,2024,MOM3_R2_PIT,2470.0,2448.704250939774,21.29574906022617,0.8621760753128005
2024-08,2024,DAMPED_TREND_R2_PIT,2470.0,2343.4089983893778,126.59100161062224,5.125141765612237
2024-08,2024,RIDGE_MACRO_R2,2470.0,2396.6046017254557,73.39539827454428,2.9714736143540192
2024-08,2024,HUBER_MACRO_R2,2470.0,2370.6582336826204,99.34176631737955,4.02193385900322
2024-08,2024,SVR_RBF_MACRO_R2,2470.0,2298.945346633269,171.05465336673115,6.925289609989115
2024-09,2024,RW_R2_PIT,2571.0,2398.0,173.0,6.728899260987943
2024-09,2024,DRIFT_R2_PIT,2571.0,2485.5512820512818,85.44871794871824,3.3235596246098105
2024-09,2024,MOM3_R2_PIT,2571.0,2444.4250753432116,126.57492465678843,4.923178710882475
2024-09,2024,DAMPED_TREND_R2_PIT,2571.0,2416.032814292077,154.9671857079229,6.027506250794357
2024-09,2024,RIDGE_MACRO_R2,2571.0,2519.0436569558706,51.956343044129426,2.0208612619264654
2024-09,2024,HUBER_MACRO_R2,2571.0,2526.4629970833157,44.53700291668429,1.7322832717496806
2024-09,2024,SVR_RBF_MACRO_R2,2571.0,2200.0562567313295,370.94374326867046,14.427994681784147
2024-10,2024,RW_R2_PIT,2690.0,2470.0,220.0,8.178438661710038
2024-10,2024,DRIFT_R2_PIT,2690.0,2566.9487179487182,123.05128205128176,4.574397102278133
2024-10,2024,MOM3_R2_PIT,2690.0,2553.5981775906025,136.40182240939748,5.0706997178214674
2024-10,2024,DAMPED_TREND_R2_PIT,2690.0,2488.639250952948,201.3607490470522,7.485529704351383
2024-10,2024,RIDGE_MACRO_R2,2690.0,2542.9840202183727,147.01597978162727,5.465278058796553
2024-10,2024,HUBER_MACRO_R2,2690.0,2562.9767351706937,127.0232648293063,4.722054454621052
2024-10,2024,SVR_RBF_MACRO_R2,2690.0,2125.592236763056,564.407763236944,20.98170123557413
2024-11,2024,RW_R2_PIT,2651.0,2571.0,80.0,3.017729158807997
2024-11,2024,DRIFT_R2_PIT,2651.0,2656.2261072261063,5.226107226106251,0.19713720204097515
2024-11,2024,MOM3_R2_PIT,2651.0,2748.56992829365,97.56992829364981,3.680495220431905
2024-11,2024,DAMPED_TREND_R2_PIT,2651.0,2638.130703180793,12.869296819207193,0.48545065330845694
2024-11,2024,RIDGE_MACRO_R2,2651.0,2468.2478961259835,182.75210387401648,6.893704408676593
2024-11,2024,HUBER_MACRO_R2,2651.0,2462.412852543343,188.58714745665702,7.113811673204716
2024-11,2024,SVR_RBF_MACRO_R2,2651.0,2130.03233126927,520.9676687307301,19.65174155906187
2024-12,2024,RW_R2_PIT,2648.0,2690.0,42.0,1.5861027190332326
2024-12,2024,DRIFT_R2_PIT,2648.0,2755.3939393939395,107.39393939393949,4.055662363819467
2024-12,2024,MOM3_R2_PIT,2648.0,2904.2863948114314,256.28639481143136,9.678489230038949
2024-12,2024,DAMPED_TREND_R2_PIT,2648.0,2782.0584566780385,134.0584566780385,5.06263053920085
2024-12,2024,RIDGE_MACRO_R2,2648.0,2654.993458348347,6.993458348346849,0.2641034119466333
2024-12,2024,HUBER_MACRO_R2,2648.0,2649.915163096533,1.9151630965329787,0.07232489035245387
2024-12,2024,SVR_RBF_MACRO_R2,2648.0,2316.64996087717,331.3500391228299,12.51321900010687
2025-01,2025,RW_R2_PIT,2710.0,2651.0,59.0,2.177121771217712
2025-01,2025,DRIFT_R2_PIT,2710.0,2816.9825174825173,106.98251748251732,3.9476943720486095
2025-01,2025,MOM3_R2_PIT,2710.0,2781.0021920854088,71.00219208540875,2.6200070880224633
2025-01,2025,DAMPED_TREND_R2_PIT,2710.0,2686.7496428982276,23.25035710177235,0.857946756522965
2025-01,2025,RIDGE_MACRO_R2,2710.0,2612.9422744787194,97.05772552128064,3.5814658863941196
2025-01,2025,HUBER_MACRO_R2,2710.0,2612.3706274577025,97.62937254229746,3.6025598724095005
2025-01,2025,SVR_RBF_MACRO_R2,2710.0,2389.0080584784255,320.9919415215745,11.844721089356995
2025-02,2025,RW_R2_PIT,2895.0,2648.0,247.0,8.531951640759932
2025-02,2025,DRIFT_R2_PIT,2895.0,2853.291375291375,41.70862470862494,1.4407124251683916
2025-02,2025,MOM3_R2_PIT,2895.0,2702.39403500758,192.60596499242,6.653055785575821
2025-02,2025,DAMPED_TREND_R2_PIT,2895.0,2668.9036535378664,226.09634646213362,7.8098910695037524
2025-02,2025,RIDGE_MACRO_R2,2895.0,2702.7396862835135,192.2603137164865,6.641116190552212
2025-02,2025,HUBER_MACRO_R2,2895.0,2707.9692732810586,187.03072671894142,6.460474152640463
2025-02,2025,SVR_RBF_MACRO_R2,2895.0,2546.4431602042005,348.55683979579953,12.039959923861815
2025-03,2025,RW_R2_PIT,2983.0,2710.0,273.0,9.15186054307744
2025-03,2025,DRIFT_R2_PIT,2983.0,2882.0897435897427,100.91025641025726,3.3828446667870353
2025-03,2025,MOM3_R2_PIT,2983.0,2724.08153272307,258.9184672769302,8.67980111555247
2025-03,2025,DAMPED_TREND_R2_PIT,2983.0,2743.49226514044,239.50773485956006,8.029089334883006
2025-03,2025,RIDGE_MACRO_R2,2983.0,2756.102782468574,226.89721753142612,7.6063431958238725
2025-03,2025,HUBER_MACRO_R2,2983.0,2796.3495648777307,186.6504351222693,6.257138287705977
2025-03,2025,SVR_RBF_MACRO_R2,2983.0,2578.692272524956,404.307727475044,13.553728711868724
2025-04,2025,RW_R2_PIT,3218.0,2895.0,323.0,10.037290242386575
2025-04,2025,DRIFT_R2_PIT,3218.0,2941.3822843822845,276.6177156177155,8.59595138650452
2025-04,2025,MOM3_R2_PIT,3218.0,3072.3948296089316,145.60517039106844,4.524710080517975
2025-04,2025,DAMPED_TREND_R2_PIT,3218.0,2984.007934112276,233.99206588772404,7.271350711240647
2025-04,2025,RIDGE_MACRO_R2,3218.0,2913.9015769123234,304.09842308767657,9.449919921929041
2025-04,2025,HUBER_MACRO_R2,3218.0,2962.6435869494844,255.35641305051558,7.935252114683518
2025-04,2025,SVR_RBF_MACRO_R2,3218.0,2469.3981866829154,748.6018133170846,23.262952558020032
2025-05,2025,RW_R2_PIT,3309.0,2983.0,326.0,9.851919008763979
2025-05,2025,DRIFT_R2_PIT,3309.0,3022.431235431236,286.568764568764,8.660283002984707
2025-05,2025,MOM3_R2_PIT,3309.0,3230.709529260309,78.29047073969105,2.3659858186670006
2025-05,2025,DAMPED_TREND_R2_PIT,3309.0,3074.0593654576296,234.9406345423704,7.10004939686825
2025-05,2025,RIDGE_MACRO_R2,3309.0,2962.0608787041097,346.93912129589035,10.484712036744948
2025-05,2025,HUBER_MACRO_R2,3309.0,3005.3159387510827,303.68406124891726,9.177517716800159
2025-05,2025,SVR_RBF_MACRO_R2,3309.0,2737.1495792126207,571.8504207873793,17.28166880590448
2025-06,2025,RW_R2_PIT,3353.0,3218.0,135.0,4.026245153593797
2025-06,2025,DRIFT_R2_PIT,3353.0,3192.143356643357,160.85664335664296,4.7973946721337
2025-06,2025,MOM3_R2_PIT,3353.0,3609.931636304787,256.93163630478693,7.6627389294597945
2025-06,2025,DAMPED_TREND_R2_PIT,3353.0,3401.150620261836,48.15062026183614,1.4360459368278
2025-06,2025,RIDGE_MACRO_R2,3353.0,3285.806415506538,67.19358449346191,2.0039840290325652
2025-06,2025,HUBER_MACRO_R2,3353.0,3323.2245637084798,29.775436291520236,0.8880237486286978
2025-06,2025,SVR_RBF_MACRO_R2,3353.0,2287.338749760219,1065.661250239781,31.782321808523147
2025-07,2025,RW_R2_PIT,3340.0,3309.0,31.0,0.9281437125748504
2025-07,2025,DRIFT_R2_PIT,3340.0,3354.319347319347,14.319347319346889,0.4287229736331404
2025-07,2025,MOM3_R2_PIT,3340.0,3619.1733531847076,279.1733531847076,8.35848362828466
2025-07,2025,DAMPED_TREND_R2_PIT,3340.0,3490.831769952471,150.83176995247095,4.515921256062005
2025-07,2025,RIDGE_MACRO_R2,3340.0,3348.3068513973394,8.306851397339415,0.24870812566884473
2025-07,2025,HUBER_MACRO_R2,3340.0,3400.737675887503,60.737675887502974,1.8184932900449993
2025-07,2025,SVR_RBF_MACRO_R2,3340.0,2944.837076814016,395.1629231859838,11.831225245089335
2025-08,2025,RW_R2_PIT,3368.0,3353.0,15.0,0.44536817102137766
2025-08,2025,DRIFT_R2_PIT,3368.0,3476.1701631701635,108.1701631701635,3.21170318201198
2025-08,2025,MOM3_R2_PIT,3368.0,3627.430723357153,259.43072335715306,7.702812451221884
2025-08,2025,DAMPED_TREND_R2_PIT,3368.0,3514.6666205485167,146.66662054851668,4.354709636238619
2025-08,2025,RIDGE_MACRO_R2,3368.0,3377.443253801786,9.443253801785886,0.28038164494613677
2025-08,2025,HUBER_MACRO_R2,3368.0,3416.5465868718848,48.546586871884756,1.4414069736307826
2025-08,2025,SVR_RBF_MACRO_R2,3368.0,3482.253822321551,114.25382232155107,3.3923343919700435
2025-09,2025,RW_R2_PIT,3668.0,3340.0,328.0,8.942202835332607
2025-09,2025,DRIFT_R2_PIT,3668.0,3557.869463869464,110.1305361305358,3.002468269643833
2025-09,2025,MOM3_R2_PIT,3668.0,3424.4691315608216,243.53086843917845,6.639336653194613
2025-09,2025,DAMPED_TREND_R2_PIT,3668.0,3381.6184699423384,286.3815300576616,7.807566250208878
2025-09,2025,RIDGE_MACRO_R2,3668.0,3380.946573782363,287.053426217637,7.825884029924674
2025-09,2025,HUBER_MACRO_R2,3668.0,3448.8478544950904,219.15214550490964,5.974704075924472
2025-09,2025,SVR_RBF_MACRO_R2,3668.0,3173.069490887109,494.93050911289083,13.493198176469216
2025-10,2025,RW_R2_PIT,4058.0,3368.0,690.0,17.003449975357317
2025-10,2025,DRIFT_R2_PIT,4058.0,3619.1188811188804,438.8811188811196,10.81520746380285
2025-10,2025,MOM3_R2_PIT,4058.0,3408.092678041213,649.9073219587872,16.01545889499229
2025-10,2025,DAMPED_TREND_R2_PIT,4058.0,3403.779050066773,654.2209499332271,16.12175825365271
2025-10,2025,RIDGE_MACRO_R2,4058.0,3435.0983353022452,622.9016646977548,15.349967094572566
2025-10,2025,HUBER_MACRO_R2,4058.0,3507.5933776905395,550.4066223094605,13.563494881948262
2025-10,2025,SVR_RBF_MACRO_R2,4058.0,3001.602743036624,1056.397256963376,26.03246074330646
2025-11,2025,RW_R2_PIT,4087.0,3668.0,419.0,10.252018595546856
2025-11,2025,DRIFT_R2_PIT,4087.0,3770.8240093240083,316.17599067599167,7.73613874910672
2025-11,2025,MOM3_R2_PIT,4087.0,3900.402696905596,186.5973030944042,4.565630122202207
2025-11,2025,DAMPED_TREND_R2_PIT,4087.0,3849.5960662991934,237.40393370080665,5.808757859085066
2025-11,2025,RIDGE_MACRO_R2,4087.0,3802.555358958383,284.44464104161716,6.959741645256108
2025-11,2025,HUBER_MACRO_R2,4087.0,3872.5826348020246,214.4173651979754,5.246326527966122
2025-11,2025,SVR_RBF_MACRO_R2,4087.0,3133.423518630943,953.5764813690571,23.331942289431296
2025-12,2025,RW_R2_PIT,4309.0,4058.0,251.0,5.825017405430494
2025-12,2025,DRIFT_R2_PIT,4309.0,4040.6456876456887,268.35431235431133,6.22776310870994
2025-12,2025,MOM3_R2_PIT,4309.0,4628.021886014727,319.021886014727,7.403617684259155
2025-12,2025,DAMPED_TREND_R2_PIT,4309.0,4372.661802115471,63.66180211547089,1.47741476248482
2025-12,2025,RIDGE_MACRO_R2,4309.0,4186.1867680614105,122.81323193858952,2.8501562297189493
2025-12,2025,HUBER_MACRO_R2,4309.0,4232.519428766486,76.48057123351373,1.774903022360495
2025-12,2025,SVR_RBF_MACRO_R2,4309.0,2556.8887478975107,1752.1112521024893,40.66166748903433
2026-01,2026,RW_R2_PIT,4753.0,4087.0,666.0,14.012202819272037
2026-01,2026,DRIFT_R2_PIT,4753.0,4239.455710955712,513.5442890442882,10.804634736888033
2026-01,2026,MOM3_R2_PIT,4753.0,4657.497235665921,95.50276433407907,2.0093154709463303
2026-01,2026,DAMPED_TREND_R2_PIT,4753.0,4326.813124508865,426.18687549113474,8.96669209953997
2026-01,2026,RIDGE_MACRO_R2,4753.0,4140.982438505402,612.0175614945983,12.87644774867659
2026-01,2026,HUBER_MACRO_R2,4753.0,4184.980608502399,568.0193914976007,11.950755133549352
2026-01,2026,SVR_RBF_MACRO_R2,4753.0,2499.9679431249488,2253.0320568750512,47.40231552440672
2026-02,2026,RW_R2_PIT,5020.0,4309.0,711.0,14.163346613545816
2026-02,2026,DRIFT_R2_PIT,5020.0,4444.716783216783,575.2832167832166,11.459825035522243
2026-02,2026,MOM3_R2_PIT,5020.0,4804.483763958327,215.51623604167344,4.2931521123839325
2026-02,2026,DAMPED_TREND_R2_PIT,5020.0,4588.716195209559,431.2838047904406,8.591310852399216
2026-02,2026,RIDGE_MACRO_R2,5020.0,4430.655469961382,589.3445300386184,11.739930877263314
2026-02,2026,HUBER_MACRO_R2,5020.0,4485.945431875937,534.0545681240628,10.63853721362675
2026-02,2026,SVR_RBF_MACRO_R2,5020.0,3789.0947622659405,1230.9052377340595,24.520024656056965
2026-03,2026,RW_R2_PIT,4856.0,4753.0,103.0,2.1210873146622737
2026-03,2026,DRIFT_R2_PIT,4856.0,4743.909090909092,112.0909090909081,2.308297139433857
2026-03,2026,MOM3_R2_PIT,4856.0,5288.553522103899,432.553522103899,8.907609598515219
2026-03,2026,DAMPED_TREND_R2_PIT,4856.0,5190.999160123439,334.99916012343874,6.898664747187783
2026-03,2026,RIDGE_MACRO_R2,4856.0,5003.090812342741,147.09081234274072,3.0290529724617117
2026-03,2026,HUBER_MACRO_R2,4856.0,5157.577110278963,301.5771102789631,6.210401776749652
2026-03,2026,SVR_RBF_MACRO_R2,4856.0,4091.6019185219825,764.3980814780175,15.741311397817496
2026-04,2026,RW_R2_PIT,4721.0,5020.0,299.0,6.333403939843254
2026-04,2026,DRIFT_R2_PIT,4721.0,5082.871794871795,361.8717948717949,7.665151342338381
2026-04,2026,MOM3_R2_PIT,4721.0,5760.059149096538,1039.059149096538,22.00930203551235
2026-04,2026,DAMPED_TREND_R2_PIT,4721.0,5490.403276793865,769.4032767938652,16.297464028677506
2026-04,2026,RIDGE_MACRO_R2,4721.0,5029.959938088488,308.95993808848834,6.544374880078125
2026-04,2026,HUBER_MACRO_R2,4721.0,5158.895478466746,437.8954784667458,9.275481433313827
2026-04,2026,SVR_RBF_MACRO_R2,4721.0,4148.436316515542,572.5636834844581,12.12801701937001
2026-05,2026,RW_R2_PIT,4587.0,4856.0,269.0,5.864399389579246
2026-05,2026,DRIFT_R2_PIT,4587.0,5272.075757575758,685.075757575758,14.935159310568084
2026-05,2026,MOM3_R2_PIT,4587.0,5274.311539419368,687.3115394193683,14.983901011976636
2026-05,2026,DAMPED_TREND_R2_PIT,4587.0,5129.759967757851,542.759967757851,11.832569604487704
2026-05,2026,RIDGE_MACRO_R2,4587.0,4931.579207710924,344.5792077109236,7.5120821388908565
2026-05,2026,HUBER_MACRO_R2,4587.0,4969.496979296503,382.496979296503,8.338717665064378
2026-05,2026,SVR_RBF_MACRO_R2,4587.0,2603.06244501853,1983.93755498147,43.251309243110306
2026-06,2026,RW_R2_PIT,4228.0,4721.0,493.0,11.660359508041628
2026-06,2026,DRIFT_R2_PIT,4228.0,5373.383449883449,1145.3834498834494,27.090431643411765
2026-06,2026,MOM3_R2_PIT,4228.0,4707.492086151842,479.49208615184216,11.340872425540258
2026-06,2026,DAMPED_TREND_R2_PIT,4228.0,4921.148626032264,693.1486260322636,16.394243756676055
2026-06,2026,RIDGE_MACRO_R2,4228.0,4827.890865859218,599.8908658592181,14.188525682573749
2026-06,2026,HUBER_MACRO_R2,4228.0,4879.709286409056,651.7092864090564,15.41412692547437
2026-06,2026,SVR_RBF_MACRO_R2,4228.0,3085.6854043780354,1142.3145956219646,27.017847578570592
2026-07,2026,RW_R2_PIT,4073.0,4587.0,514.0,12.61969064571569
2026-07,2026,DRIFT_R2_PIT,4073.0,5369.481351981351,1296.4813519813506,31.831115933742954
2026-07,2026,MOM3_R2_PIT,4073.0,4319.308900728885,246.30890072888542,6.047358230515233
2026-07,2026,DAMPED_TREND_R2_PIT,4073.0,4441.803528503932,368.8035285039323,9.054837429509755
2026-07,2026,RIDGE_MACRO_R2,4073.0,4567.92044432533,494.9204443253302,12.151250781373195
2026-07,2026,HUBER_MACRO_R2,4073.0,4671.2483843846585,598.2483843846585,14.6881508564856
2026-07,2026,SVR_RBF_MACRO_R2,4073.0,3120.7859067948852,952.2140932051148,23.37869121544598
