target,origin,actual_dir,dir3,flat,cot_date,mm_net_oi,chg4,crowd_pct,unwind4_pct
2010-01-01,2009-12-01,-1.0,1.0,False,2009-12-29,0.39825141546270987,-0.01820860912338268,0.8782051282051282,0.6474358974358975
2010-02-01,2010-01-01,-1.0,1.0,False,2010-01-26,0.34353629584388207,-0.0547151196188278,0.6282051282051282,0.8525641025641025
2010-03-01,2010-02-01,1.0,-1.0,False,2010-02-23,0.35290587519182465,0.00936957934794258,0.6794871794871795,0.47435897435897434
2010-04-01,2010-03-01,1.0,-1.0,False,2010-03-30,0.3154637673085082,-0.05047683577443124,0.4166666666666667,0.8653846153846154
2010-05-01,2010-04-01,1.0,1.0,False,2010-04-27,0.3814452896539304,0.06598152234542215,0.8333333333333334,0.1282051282051282
2010-06-01,2010-05-01,1.0,1.0,False,2010-05-25,0.3470238095238095,-0.03442148013012086,0.5897435897435898,0.75
2010-07-01,2010-06-01,-1.0,1.0,False,2010-06-29,0.35676001184420214,-0.015580452096586761,0.6346153846153846,0.6666666666666666
2010-08-01,2010-07-01,1.0,1.0,False,2010-07-27,0.27298925483782266,-0.08377075700637948,0.1794871794871795,0.9487179487179487
2010-09-01,2010-08-01,1.0,1.0,False,2010-08-31,0.3623439426900747,0.06085525008263565,0.6602564102564102,0.14743589743589744
2010-10-01,2010-09-01,1.0,1.0,False,2010-09-28,0.3622943197375559,-4.962295251881299e-05,0.6474358974358975,0.5064102564102564
2010-11-01,2010-10-01,1.0,1.0,False,2010-10-26,0.3259428356995434,-0.03635148403801247,0.3525641025641026,0.7692307692307693
2010-12-01,2010-11-01,1.0,1.0,False,2010-11-30,0.2922130505633517,-0.02408709449285157,0.1858974358974359,0.6730769230769231
2011-01-01,2010-12-01,-1.0,1.0,False,2010-12-28,0.2824505037931673,-0.0097625467701844,0.16666666666666666,0.6089743589743589
2011-02-01,2011-01-01,1.0,1.0,False,2011-01-25,0.27313075662932496,-0.009319747163842318,0.1794871794871795,0.5833333333333334
2011-03-01,2011-02-01,1.0,1.0,False,2011-02-22,0.33547625164552625,0.06234549501620129,0.4423076923076923,0.10256410256410256
2011-04-01,2011-03-01,1.0,1.0,False,2011-03-29,0.3889901582443755,0.022914436624472567,0.8461538461538461,0.2948717948717949
2011-05-01,2011-04-01,1.0,1.0,False,2011-04-26,0.381823772192586,-0.007166386051789486,0.8141025641025641,0.5897435897435898
2011-06-01,2011-05-01,1.0,1.0,False,2011-05-31,0.3735839648982848,0.004314375008503957,0.7628205128205128,0.46794871794871795
2011-07-01,2011-06-01,1.0,1.0,False,2011-06-28,0.34204183064016735,-0.03154213425811747,0.4358974358974359,0.7307692307692307
2011-08-01,2011-07-01,1.0,1.0,False,2011-07-26,0.39798566139874064,0.05594383075857329,0.8589743589743589,0.17307692307692307
2011-09-01,2011-08-01,1.0,1.0,False,2011-08-30,0.3594397301531828,-0.07279053677012515,0.5448717948717948,0.9487179487179487
2011-10-01,2011-09-01,-1.0,1.0,False,2011-09-27,0.26315280588895046,-0.09628692426423235,0.09615384615384616,0.9935897435897436
2011-11-01,2011-10-01,1.0,1.0,False,2011-10-25,0.28524552479812854,0.022092718909178077,0.16666666666666666,0.30128205128205127
2011-12-01,2011-11-01,-1.0,-1.0,False,2011-11-29,0.3161663232319413,0.015532331798171373,0.2564102564102564,0.3782051282051282
2012-01-01,2011-12-01,1.0,-1.0,False,2011-12-27,0.2531191445177768,-0.06304717871416454,0.01282051282051282,0.9487179487179487
2012-02-01,2012-01-01,1.0,-1.0,False,2012-01-31,0.3385952160853192,0.09156432600203998,0.36538461538461536,0.019230769230769232
2012-03-01,2012-02-01,-1.0,1.0,False,2012-02-28,0.36978440393784284,0.03118918785252367,0.6538461538461539,0.22435897435897437
2012-04-01,2012-03-01,-1.0,1.0,False,2012-03-27,0.2973443820332419,-0.07244002190460092,0.17307692307692307,0.9487179487179487
2012-05-01,2012-04-01,-1.0,-1.0,False,2012-04-24,0.26138815192127246,-0.03595623011196947,0.05128205128205128,0.717948717948718
2012-06-01,2012-05-01,1.0,-1.0,False,2012-05-29,0.1726846527663688,-0.09445971626841998,0.00641025641025641,0.9871794871794872
2012-07-01,2012-06-01,-1.0,-1.0,False,2012-06-26,0.1873588673607048,0.014674214594336016,0.01282051282051282,0.32051282051282054
2012-08-01,2012-07-01,1.0,-1.0,False,2012-07-31,0.20043727984174634,-0.025924149388400375,0.04487179487179487,0.6346153846153846
2012-09-01,2012-08-01,1.0,1.0,False,2012-08-28,0.26529975923611976,0.06486247939437342,0.19230769230769232,0.07692307692307693
2012-10-01,2012-09-01,1.0,1.0,False,2012-09-25,0.3232335613136241,0.057933802077504315,0.44871794871794873,0.1346153846153846
2012-11-01,2012-10-01,-1.0,1.0,False,2012-10-30,0.2978128257341526,-0.04110854800053265,0.3333333333333333,0.7628205128205128
2012-12-01,2012-11-01,-1.0,1.0,False,2012-11-27,0.31772127341339623,0.019908447679243657,0.4551282051282051,0.30128205128205127
2013-01-01,2012-12-01,-1.0,-1.0,False,2012-12-31,0.22691832304884915,-0.04642566059816203,0.10256410256410256,0.8141025641025641
2013-02-01,2013-01-01,-1.0,-1.0,False,2013-01-29,0.17761273037114772,-0.04930559267770143,0.02564102564102564,0.8333333333333334
2013-03-01,2013-02-01,-1.0,-1.0,False,2013-02-26,0.117211161255526,-0.06040156911562172,0.00641025641025641,0.8653846153846154
2013-04-01,2013-03-01,-1.0,-1.0,False,2013-03-26,0.13326519380454438,0.016054032549018382,0.02564102564102564,0.32051282051282054
2013-05-01,2013-04-01,-1.0,-1.0,False,2013-04-30,0.12251862441728194,0.01657772657080947,0.038461538461538464,0.3076923076923077
2013-06-01,2013-05-01,-1.0,-1.0,False,2013-05-28,0.11444497701952064,-0.0080736473977613,0.04487179487179487,0.5
2013-07-01,2013-06-01,-1.0,-1.0,False,2013-06-25,0.07753547320214925,-0.03690950381737139,0.0,0.6794871794871795
2013-08-01,2013-07-01,1.0,-1.0,False,2013-07-30,0.1310438626317579,0.07893847251141162,0.11538461538461539,0.0641025641025641
2013-09-01,2013-08-01,-1.0,-1.0,False,2013-08-27,0.18325601012231127,0.05221214749055336,0.21794871794871795,0.14743589743589744
2013-10-01,2013-09-01,-1.0,1.0,False,2013-09-24,0.16924720265668294,-0.014008807465628326,0.1987179487179487,0.5705128205128205
2013-11-01,2013-10-01,-1.0,1.0,False,2013-10-29,0.2283335830109049,0.06427415246013796,0.3782051282051282,0.10897435897435898
2013-12-01,2013-11-01,-1.0,-1.0,False,2013-11-26,0.04046578370923252,-0.18786779930167238,0.0,1.0
2014-01-01,2013-12-01,1.0,-1.0,False,2013-12-31,0.046700039520484786,0.020975210570801008,0.03205128205128205,0.3076923076923077
2014-02-01,2014-01-01,1.0,-1.0,False,2014-01-28,0.1234209213066868,0.07672088178620201,0.1858974358974359,0.07051282051282051
2014-03-01,2014-02-01,1.0,1.0,False,2014-02-25,0.24840065754329643,0.12497973623660963,0.5064102564102564,0.00641025641025641
2014-04-01,2014-03-01,-1.0,1.0,False,2014-03-25,0.26869865215033245,0.02029799460703602,0.5961538461538461,0.3525641025641026
2014-05-01,2014-04-01,-1.0,1.0,False,2014-04-29,0.20473059467008028,-0.04689342067174021,0.4358974358974359,0.7692307692307693
2014-06-01,2014-05-01,-1.0,-1.0,False,2014-05-27,0.1447566602547178,-0.05997393441536247,0.26282051282051283,0.8205128205128205
2014-07-01,2014-06-01,1.0,-1.0,False,2014-06-24,0.2546713966787975,0.1099147364240797,0.6089743589743589,0.03205128205128205
2014-08-01,2014-07-01,-1.0,1.0,False,2014-07-29,0.2900923178811484,-0.023371905526257508,0.7692307692307693,0.5961538461538461
2014-09-01,2014-08-01,-1.0,1.0,False,2014-08-26,0.223267914897362,-0.06682440298378642,0.5256410256410257,0.8333333333333334
2014-10-01,2014-09-01,-1.0,-1.0,False,2014-09-30,0.08140330741245781,-0.08795190031805104,0.08333333333333333,0.8974358974358975
2014-11-01,2014-10-01,-1.0,-1.0,False,2014-10-28,0.14494582659684854,0.06354251918439073,0.32051282051282054,0.16025641025641027
2014-12-01,2014-11-01,1.0,-1.0,False,2014-11-25,0.1402826263380953,-0.004663200258753247,0.3076923076923077,0.4807692307692308
2015-01-01,2014-12-01,1.0,-1.0,False,2014-12-30,0.2327652132990358,0.04632108215737313,0.6666666666666666,0.2564102564102564
2015-02-01,2015-01-01,-1.0,1.0,False,2015-01-27,0.3496334526637142,0.11686823936467841,0.9807692307692307,0.057692307692307696
2015-03-01,2015-02-01,-1.0,1.0,False,2015-02-24,0.2241057632348043,-0.1255276894289099,0.6346153846153846,0.967948717948718
2015-04-01,2015-03-01,1.0,-1.0,False,2015-03-31,0.09302733593921333,-0.08706320424107714,0.14743589743589744,0.8653846153846154
2015-05-01,2015-04-01,0.0,-1.0,True,2015-04-28,0.12533729790001857,0.03230996196080524,0.30128205128205127,0.3076923076923077
2015-06-01,2015-05-01,-1.0,-1.0,False,2015-05-26,0.1608016292804416,0.035464331380423014,0.44871794871794873,0.2948717948717949
2015-07-01,2015-06-01,-1.0,1.0,False,2015-06-30,0.03532209965611654,-0.11953940855507716,0.019230769230769232,0.9294871794871795
2015-08-01,2015-07-01,-1.0,-1.0,False,2015-07-28,-0.03338717994350669,-0.06870927959962322,0.0,0.7756410256410257
2015-09-01,2015-08-01,1.0,-1.0,False,2015-08-25,0.09398038662143587,0.12736756656494258,0.23717948717948717,0.038461538461538464
2015-10-01,2015-09-01,1.0,-1.0,False,2015-09-29,0.09757998556651432,-0.0013709594117197466,0.28846153846153844,0.4807692307692308
2015-11-01,2015-10-01,-1.0,1.0,False,2015-10-27,0.24442349715069198,0.14684351158417766,0.8012820512820513,0.038461538461538464
2015-12-01,2015-11-01,-1.0,-1.0,False,2015-11-24,-0.04190040356545681,-0.28632390071614877,0.0,1.0
2016-01-01,2015-12-01,1.0,-1.0,False,2015-12-29,-0.06768438339802926,-0.015077845310343174,0.00641025641025641,0.5769230769230769
2016-02-01,2016-01-01,1.0,-1.0,False,2016-01-26,0.04360451537563254,0.1112888987736618,0.16666666666666666,0.10256410256410256
2016-03-01,2016-02-01,1.0,1.0,False,2016-02-23,0.24500213344112826,0.20139761806549572,0.8525641025641025,0.01282051282051282
2016-04-01,2016-03-01,-1.0,1.0,False,2016-03-29,0.320952168854496,0.08930453427048296,0.9807692307692307,0.1858974358974359
2016-05-01,2016-04-01,1.0,1.0,False,2016-04-26,0.3455624201621261,0.024610251307630115,0.9807692307692307,0.4166666666666667
2016-06-01,2016-05-01,1.0,1.0,False,2016-05-31,0.300636630853231,-0.08625813631528506,0.8974358974358975,0.8333333333333334
2016-07-01,2016-06-01,1.0,1.0,False,2016-06-28,0.4253069443720348,0.12467031351880381,0.9935897435897436,0.10897435897435898
2016-08-01,2016-07-01,1.0,1.0,False,2016-07-26,0.4293081160803366,0.004001171708301776,0.9935897435897436,0.532051282051282
2016-09-01,2016-08-01,-1.0,1.0,False,2016-08-30,0.41474718748992656,-0.022772886847384155,0.9423076923076923,0.6538461538461539
2016-10-01,2016-09-01,-1.0,1.0,False,2016-09-27,0.43757555803628845,0.022828370546361887,0.9807692307692307,0.4358974358974359
2016-11-01,2016-10-01,-1.0,-1.0,False,2016-10-25,0.28350114357872175,-0.1540744144575667,0.7371794871794872,0.9294871794871795
2016-12-01,2016-11-01,-1.0,-1.0,False,2016-11-29,0.26362159537150476,-0.055199281090127506,0.6923076923076923,0.7307692307692307
2017-01-01,2016-12-01,1.0,-1.0,False,2016-12-27,0.10800646554407951,-0.15561512982742526,0.32051282051282054,0.9423076923076923
2017-02-01,2017-01-01,1.0,-1.0,False,2017-01-31,0.17527915609399825,0.08919645246084992,0.4551282051282051,0.1987179487179487
2017-03-01,2017-02-01,-1.0,1.0,False,2017-02-28,0.25611043734209704,0.0808312812480988,0.6666666666666666,0.1987179487179487
2017-04-01,2017-03-01,1.0,1.0,False,2017-03-28,0.2025797809611542,-0.05353065638094284,0.5192307692307693,0.6923076923076923
2017-05-01,2017-04-01,-1.0,1.0,False,2017-04-25,0.3369433910732481,0.1343636101120939,0.8333333333333334,0.09615384615384616
2017-06-01,2017-05-01,1.0,1.0,False,2017-05-30,0.28585870681595227,-0.02505154529216519,0.7115384615384616,0.6153846153846154
2017-07-01,2017-06-01,-1.0,1.0,False,2017-06-27,0.16033534593859788,-0.12552336087735438,0.4230769230769231,0.8974358974358975
2017-08-01,2017-07-01,1.0,-1.0,False,2017-07-25,0.15873159604766432,-0.0016037498909335646,0.4423076923076923,0.5256410256410257
2017-09-01,2017-08-01,1.0,1.0,False,2017-08-29,0.41034748318255626,0.14635010403482357,0.9166666666666666,0.10256410256410256
2017-10-01,2017-09-01,-1.0,1.0,False,2017-09-26,0.3565553265155002,-0.05379215666705606,0.8269230769230769,0.7243589743589743
2017-11-01,2017-10-01,1.0,1.0,False,2017-10-31,0.31201237784771335,-0.029703054800008066,0.7115384615384616,0.6410256410256411
2017-12-01,2017-11-01,-1.0,-1.0,False,2017-11-28,0.39407713225223795,0.0820647544045246,0.8782051282051282,0.21794871794871795
2018-01-01,2017-12-01,1.0,-1.0,False,2017-12-26,0.2360680877166079,-0.15800904453563006,0.5,0.9230769230769231
2018-02-01,2018-01-01,0.0,1.0,True,2018-01-30,0.3710890848369126,0.0751737131103768,0.8525641025641025,0.23717948717948717
2018-03-01,2018-02-01,-1.0,1.0,False,2018-02-27,0.281535487745374,-0.0895535970915386,0.5769230769230769,0.8141025641025641
2018-04-01,2018-03-01,1.0,1.0,False,2018-03-27,0.3061469916366176,0.024611503891243613,0.6410256410256411,0.40384615384615385
2018-05-01,2018-04-01,-1.0,1.0,False,2018-04-24,0.19679903635394247,-0.10934795528267516,0.3974358974358974,0.8589743589743589
2018-06-01,2018-05-01,-1.0,-1.0,False,2018-05-29,0.11504701927214933,0.037614157819010424,0.26282051282051283,0.3525641025641026
2018-07-01,2018-06-01,-1.0,-1.0,False,2018-06-26,-5.1219340422943705e-05,-0.11509823861257228,0.08333333333333333,0.8333333333333334
2018-08-01,2018-07-01,-1.0,-1.0,False,2018-07-31,-0.09395234781456076,-0.09141472872454207,0.0,0.8012820512820513
2018-09-01,2018-08-01,-1.0,-1.0,False,2018-08-28,-0.15809448697324963,-0.06414213915868887,0.01282051282051282,0.7115384615384616
2018-10-01,2018-09-01,1.0,-1.0,False,2018-09-25,-0.18179625835634475,-0.02370177138309512,0.00641025641025641,0.5833333333333334
2018-11-01,2018-10-01,1.0,-1.0,False,2018-10-30,-0.11690504715322535,0.05622926172762098,0.0641025641025641,0.26282051282051283
2018-12-01,2018-11-01,1.0,1.0,False,2018-11-27,-0.13186510418901493,-0.014960057035789578,0.07051282051282051,0.5576923076923077
2019-01-01,2018-12-01,1.0,1.0,False,2018-12-31,0.11118397731300957,0.1356564329852832,0.27564102564102566,0.11538461538461539
2019-02-01,2019-01-01,1.0,1.0,False,2019-01-29,0.067020418295786,-0.04416355901722356,0.21153846153846154,0.6602564102564102
2019-03-01,2019-02-01,-1.0,1.0,False,2019-02-26,0.1567205566682892,0.08970013837250321,0.3525641025641026,0.16025641025641027
2019-04-01,2019-03-01,-1.0,1.0,False,2019-03-26,0.11379482902418682,-0.04292572764410239,0.3141025641025641,0.6410256410256411
2019-05-01,2019-04-01,-1.0,-1.0,False,2019-04-30,0.00017673966479927257,-0.055751651638560794,0.17307692307692307,0.6794871794871795
2019-06-01,2019-05-01,1.0,-1.0,False,2019-05-28,0.05201474483594192,0.05183800517114265,0.24358974358974358,0.26282051282051283
2019-07-01,2019-06-01,1.0,1.0,False,2019-06-25,0.3077206741631392,0.25570592932719727,0.7115384615384616,0.00641025641025641
2019-08-01,2019-07-01,1.0,1.0,False,2019-07-30,0.3296887260384379,0.009386192326854892,0.8141025641025641,0.44871794871794873
2019-09-01,2019-08-01,1.0,1.0,False,2019-08-27,0.3563691579309727,0.026680431892534773,0.8782051282051282,0.36538461538461536
2019-10-01,2019-09-01,-1.0,1.0,False,2019-09-24,0.36098818716006215,0.004619029229089466,0.9102564102564102,0.4551282051282051
2019-11-01,2019-10-01,-1.0,1.0,False,2019-10-29,0.30858725417364735,-0.006862790049634748,0.7307692307692307,0.47435897435897434
2019-12-01,2019-11-01,1.0,-1.0,False,2019-11-26,0.29029775814770764,-0.01828949602593971,0.6794871794871795,0.532051282051282
2020-01-01,2019-12-01,1.0,-1.0,False,2019-12-31,0.2960341709002933,-0.0006238226405103076,0.6923076923076923,0.47435897435897434
2020-02-01,2020-01-01,1.0,1.0,False,2020-01-28,0.3073738817870165,0.011339710886723198,0.7307692307692307,0.4166666666666667
2020-03-01,2020-02-01,-1.0,1.0,False,2020-02-25,0.3149688163871216,0.007594934600105074,0.7564102564102564,0.44871794871794873
2020-04-01,2020-03-01,1.0,1.0,False,2020-03-31,0.3078732659204442,-0.0033487981416380763,0.7115384615384616,0.4935897435897436
2020-05-01,2020-04-01,1.0,1.0,False,2020-04-28,0.2923349094278138,-0.015538356492630356,0.6153846153846154,0.5705128205128205
2020-06-01,2020-05-01,1.0,1.0,False,2020-05-26,0.21772556962805223,-0.07460933979976159,0.42948717948717946,0.8205128205128205
2020-07-01,2020-06-01,1.0,1.0,False,2020-06-30,0.2467024436103613,0.03575960658632532,0.47435897435897434,0.27564102564102566
2020-08-01,2020-07-01,1.0,1.0,False,2020-07-28,0.19567378125683854,-0.05102866235352277,0.38461538461538464,0.7435897435897436
2020-09-01,2020-08-01,-1.0,1.0,False,2020-08-25,0.15811368295338277,-0.037560098303455774,0.358974358974359,0.6410256410256411
2020-10-01,2020-09-01,-1.0,1.0,False,2020-09-29,0.16780346944146118,-0.010654237641196607,0.3782051282051282,0.48717948717948717
2020-11-01,2020-10-01,-1.0,1.0,False,2020-10-27,0.18162774113032626,0.013824271688865075,0.4358974358974359,0.3333333333333333
2020-12-01,2020-11-01,-1.0,-1.0,False,2020-11-24,0.15371011052619257,-0.027917630604133686,0.3717948717948718,0.6410256410256411
2021-01-01,2020-12-01,1.0,-1.0,False,2020-12-29,0.19588831337816806,0.036898866457667434,0.5064102564102564,0.23717948717948717
2021-02-01,2021-01-01,-1.0,-1.0,False,2021-01-26,0.18032863551164105,-0.01555967786652701,0.47435897435897434,0.5705128205128205
2021-03-01,2021-02-01,-1.0,-1.0,False,2021-02-23,0.14366952455183166,-0.03665911095980939,0.3717948717948718,0.6602564102564102
2021-04-01,2021-03-01,1.0,-1.0,False,2021-03-30,0.09217005013684385,-0.006243681533705692,0.32051282051282054,0.46153846153846156
2021-05-01,2021-04-01,1.0,-1.0,False,2021-04-27,0.10701556079061071,0.014845510653766866,0.3525641025641026,0.33974358974358976
2021-06-01,2021-05-01,-1.0,1.0,False,2021-05-25,0.2102363161649979,0.1032207553743872,0.6282051282051282,0.08333333333333333
2021-07-01,2021-06-01,-1.0,1.0,False,2021-06-29,0.13539350626433738,-0.0894091298870778,0.358974358974359,0.9358974358974359
2021-08-01,2021-07-01,-1.0,1.0,False,2021-07-27,0.18039253319258597,0.04499902692824859,0.5256410256410257,0.21794871794871795
2021-09-01,2021-08-01,-1.0,-1.0,False,2021-08-31,0.1610627217207999,-0.02398946467182214,0.41025641025641024,0.6666666666666666
2021-10-01,2021-09-01,1.0,-1.0,False,2021-09-28,0.0628715432976543,-0.0981911784231456,0.15384615384615385,0.9743589743589743
2021-11-01,2021-10-01,1.0,-1.0,False,2021-10-26,0.16940568151057095,0.10653413821291664,0.4551282051282051,0.08974358974358974
2021-12-01,2021-11-01,-1.0,1.0,False,2021-11-30,0.17313506358720585,0.005214824666446849,0.44871794871794873,0.4807692307692308
2022-01-01,2021-12-01,1.0,1.0,False,2021-12-28,0.16439580909862608,-0.008739254488579762,0.391025641025641,0.5256410256410257
2022-02-01,2022-01-01,1.0,1.0,False,2022-01-25,0.17720485668038274,0.01280904758175666,0.47435897435897434,0.3717948717948718
2022-03-01,2022-02-01,1.0,1.0,False,2022-02-22,0.22727510597100842,0.050070249290625674,0.6410256410256411,0.16025641025641027
2022-04-01,2022-03-01,-1.0,1.0,False,2022-03-29,0.1885083399910534,-0.052916286389713324,0.5,0.8397435897435898
2022-05-01,2022-04-01,-1.0,1.0,False,2022-04-26,0.14542700144320841,-0.04308133854784499,0.23717948717948717,0.7756410256410257
2022-06-01,2022-05-01,-1.0,-1.0,False,2022-05-31,0.09887254195849117,-0.02218748041674548,0.0641025641025641,0.6410256410256411
2022-07-01,2022-06-01,-1.0,-1.0,False,2022-06-28,0.07263910825846823,-0.026233433700022943,0.01282051282051282,0.6602564102564102
2022-08-01,2022-07-01,1.0,-1.0,False,2022-07-26,-0.039163923161338626,-0.11180303141980685,0.0,0.9935897435897436
2022-09-01,2022-08-01,-1.0,-1.0,False,2022-08-30,0.025672688467108774,-0.008821023038844682,0.019230769230769232,0.48717948717948717
2022-10-01,2022-09-01,-1.0,-1.0,False,2022-09-27,-0.09428500790922875,-0.11995769637633752,0.0,0.9871794871794872
2022-11-01,2022-10-01,1.0,-1.0,False,2022-10-25,-0.08504797488115912,0.009237033028069636,0.00641025641025641,0.358974358974359
2022-12-01,2022-11-01,1.0,-1.0,False,2022-11-29,0.03394356421259924,0.12254430553036433,0.08974358974358974,0.01282051282051282
2023-01-01,2022-12-01,1.0,1.0,False,2022-12-27,0.11561903463321516,0.08167547042061592,0.28205128205128205,0.08974358974358974
2023-02-01,2023-01-01,-1.0,1.0,False,2023-01-31,0.17904893966186217,0.05759399933123842,0.6474358974358975,0.12179487179487179
2023-03-01,2023-02-01,1.0,1.0,False,2023-02-28,0.06225257091990911,-0.11679636874195307,0.14102564102564102,0.9743589743589743
2023-04-01,2023-03-01,1.0,1.0,False,2023-03-28,0.20718286875980702,0.14493029783989791,0.8461538461538461,0.0
2023-05-01,2023-04-01,-1.0,1.0,False,2023-04-25,0.21724650207413637,0.010063633314329357,0.8782051282051282,0.4166666666666667
2023-06-01,2023-05-01,-1.0,1.0,False,2023-05-30,0.19288121642214387,-0.03755434100549948,0.8012820512820513,0.717948717948718
2023-07-01,2023-06-01,1.0,1.0,False,2023-06-27,0.161336633777998,-0.03154458264414586,0.5576923076923077,0.7051282051282052
2023-08-01,2023-07-01,-1.0,-1.0,False,2023-07-25,0.20010878330701254,0.03877214952901453,0.8589743589743589,0.24358974358974358
2023-09-01,2023-08-01,-1.0,-1.0,False,2023-08-29,0.08862120206139935,-0.09347277972669894,0.22435897435897437,0.8974358974358975
2023-10-01,2023-09-01,0.0,-1.0,True,2023-09-26,0.05380377393140811,-0.034817428129991244,0.14102564102564102,0.717948717948718
2023-11-01,2023-10-01,1.0,-1.0,False,2023-10-31,0.15729033559755196,0.17482406501089903,0.5833333333333334,0.00641025641025641
2023-12-01,2023-11-01,1.0,1.0,False,2023-11-28,0.2272148369055765,0.06992450130802455,0.9615384615384616,0.15384615384615385
2024-02-01,2024-01-01,-1.0,1.0,False,2024-01-30,0.1301890650852373,-0.08795012958104564,0.4551282051282051,0.8717948717948718
2024-03-01,2024-02-01,1.0,1.0,False,2024-02-27,0.136560512652148,0.006371447566910687,0.5256410256410257,0.4358974358974359
2024-04-01,2024-03-01,1.0,1.0,False,2024-03-26,0.26962604389625966,0.13306553124411166,0.9935897435897436,0.04487179487179487
2024-05-01,2024-04-01,1.0,1.0,False,2024-04-30,0.25977171593967574,-0.03436181204280586,0.9551282051282052,0.7243589743589743
2024-06-01,2024-05-01,-1.0,1.0,False,2024-05-28,0.3065900335784768,0.046818317638801066,1.0,0.26282051282051283
2024-07-01,2024-06-01,1.0,1.0,False,2024-06-25,0.3498573608438931,0.04326732726541627,0.9871794871794872,0.30128205128205127
2024-08-01,2024-07-01,1.0,1.0,False,2024-07-30,0.2982184868686315,-0.033439859842603725,0.9487179487179487,0.7051282051282052
2024-09-01,2024-08-01,1.0,1.0,False,2024-08-27,0.3838764640379946,0.08565797716936308,1.0,0.16025641025641027
2024-10-01,2024-09-01,1.0,1.0,False,2024-09-24,0.3879091102295268,0.004032646191532208,0.9935897435897436,0.4807692307692308
2024-11-01,2024-10-01,-1.0,1.0,False,2024-10-29,0.33681411225468877,-0.06547285827843125,0.9038461538461539,0.8461538461538461
2024-12-01,2024-11-01,-1.0,1.0,False,2024-11-26,0.37932128802945037,0.042507175774761596,0.9743589743589743,0.28846153846153844
2025-01-01,2024-12-01,1.0,1.0,False,2024-12-31,0.36235237164837847,-0.028815059742843097,0.9102564102564102,0.6923076923076923
2025-02-01,2025-01-01,1.0,1.0,False,2025-01-28,0.364568272136172,0.0022159004877935207,0.9038461538461539,0.46794871794871795
2025-03-01,2025-02-01,1.0,1.0,False,2025-02-25,0.35107257423674143,-0.013495697899430559,0.8397435897435898,0.5833333333333334
2025-04-01,2025-03-01,1.0,1.0,False,2025-03-25,0.3416190599082666,-0.009453514328474855,0.8141025641025641,0.5512820512820513
2025-05-01,2025-04-01,1.0,1.0,False,2025-04-29,0.23434941177512017,-0.05036264606594523,0.6153846153846154,0.8012820512820513
2025-06-01,2025-05-01,1.0,1.0,False,2025-05-27,0.2532717158281109,0.01892230405299075,0.6346153846153846,0.358974358974359
2025-07-01,2025-06-01,-1.0,1.0,False,2025-06-24,0.28767835055338675,0.03440663472527583,0.6923076923076923,0.3333333333333333
2025-08-01,2025-07-01,1.0,1.0,False,2025-07-29,0.3015233830197705,0.003667960341996346,0.717948717948718,0.4807692307692308
2025-09-01,2025-08-01,1.0,1.0,False,2025-08-26,0.31980575085631874,0.01828236783654824,0.75,0.391025641025641
2025-10-01,2025-09-01,1.0,1.0,False,2025-09-30,0.2941318243314403,-0.03351958323346027,0.6217948717948718,0.7628205128205128
2025-11-01,2025-10-01,1.0,1.0,False,2025-10-28,0.22785820853076422,-0.06627361580067609,0.44871794871794873,0.8846153846153846
2025-12-01,2025-11-01,1.0,1.0,False,2025-11-25,0.25247721424842823,0.02461900571766401,0.5064102564102564,0.3525641025641026
2026-01-01,2025-12-01,1.0,1.0,False,2025-12-30,0.2615664935895041,-0.025952921450281774,0.5064102564102564,0.6858974358974359
2026-02-01,2026-01-01,1.0,1.0,False,2026-01-27,0.2418995911665776,-0.019666902422926513,0.4423076923076923,0.6282051282051282
2026-03-01,2026-02-01,-1.0,1.0,False,2026-02-24,0.22841054590629775,-0.013489045260279858,0.3782051282051282,0.5576923076923077
2026-04-01,2026-03-01,-1.0,1.0,False,2026-03-31,0.25681153485386365,0.017866614419200927,0.47435897435897434,0.32051282051282054
2026-05-01,2026-04-01,-1.0,-1.0,False,2026-04-28,0.24288149811923254,-0.013930036734631113,0.41025641025641024,0.5897435897435898
2026-06-01,2026-05-01,-1.0,-1.0,False,2026-05-26,0.2756691155877552,0.032787617468522656,0.5448717948717948,0.2564102564102564
2026-07-01,2026-06-01,-1.0,-1.0,False,2026-06-30,0.3249734129636495,-0.01907906946246657,0.7243589743589743,0.6538461538461539
