date,open,high,low,close,month,ret,ret5,sma20,sma50,fast,slow,prior,mom1,gate_pick,gate_forecast,GVZ,gvz_q90_252,gvz_stress,mtd_peak,mtd_trough,mtd_dd,mtd_up,price_emg_down,price_emg_up,macro_score,macro_series,event_down,bocpd_alarm_month,pos,action,reason,evidence,turn,strat_ret,equity,bh_ret,bh_equity,material
2026-01-02,4332.04,4402.35,4309.92,4332.58,2026-01,0.003295240080123163,-0.032763755374675796,4324.4515,4179.45,1,1,1,1,patch,4360.65041761,23.8,24.53,False,4332.58,4332.58,0.0,0.0,False,False,0,,False,False,1,AL,INITIAL_MONTHLY_ANCHOR,ANCHOR_CONFIRMED,1.0,-0.001,0.999,0.003295240080123163,1.0032952400801232,True
2026-01-05,4353.95,4455.64,4344.5,4448.96,2026-01,0.02686159286152834,-0.01785059892004537,4336.478,4185.923400000001,1,0,1,1,patch,4360.65041761,24.25,24.53,False,4448.96,4332.58,0.0,0.02686159286152834,False,False,0,,False,False,1,TUT,HOLD,MIXED_NEUTRAL,0.0,0.02686159286152834,1.0258347312686669,0.02686159286152834,1.0302453483390648,True
2026-01-06,4449.46,4497.13,4427.88,4494.66,2026-01,0.010272063583399271,0.03768980539824218,4351.286,4193.573399999999,1,0,1,1,patch,4360.65041761,24.82,24.53,True,4494.66,4332.58,0.0,0.03740958043475251,False,True,0,,False,False,1,TUT,HOLD,PRICE_SHOCK_UP,0.0,0.010272063583399271,1.0363721708543179,0.010272063583399271,1.040828094063705,True
2026-01-07,4495.9,4500.42,4423.45,4455.37,2026-01,-0.00874148433919364,0.026923679746275075,4364.5289999999995,4203.0348,1,0,1,1,patch,4360.65041761,24.13,24.53,False,4494.66,4332.58,-0.00874148433919364,0.028341080834052734,False,False,0,,False,False,1,TUT,HOLD,MIXED_NEUTRAL,0.0,-0.00874148433919364,1.0273127397532187,-0.00874148433919364,1.0317297115796542,True
2026-01-08,4460.48,4479.48,4407.69,4477.24,2026-01,0.0049086832294511495,0.03679414591221164,4377.968,4213.5416000000005,1,0,1,1,patch,4360.65041761,24.07,24.53,False,4494.66,4332.58,-0.003875710287318701,0.03338888145169849,False,True,0,,False,False,1,TUT,HOLD,PRICE_SHOCK_UP,0.0,0.0049086832294511495,1.0323554925702467,0.0049086832294511495,1.0367941459122116,True
2026-01-09,4482.5,4517.16,4452.99,4509.1,2026-01,0.007115991101660946,0.040742467536664106,4391.9995,4225.149600000001,1,0,1,1,patch,4360.65041761,23.43,24.53,False,4509.1,4332.58,0.0,0.040742467536664106,False,True,0,UNRATE;PAYEMS;CES0500000003,False,False,1,TUT,HOLD,PRICE_SHOCK_UP,0.0,0.007115991101660946,1.0397017250691274,0.007115991101660946,1.0441719638287772,True
2026-01-12,4519.29,4630.05,4513.12,4596.71,2026-01,0.019429597924197628,0.03321000863123058,4407.84,4236.592000000001,1,0,1,1,patch,4360.65041761,25.03,24.53,True,4596.71,4332.58,0.0,0.06096367522353896,False,True,0,,False,False,1,TUT,HOLD,PRICE_SHOCK_UP,0.0,0.019429597924197628,1.0599027115483153,0.019429597924197628,1.06445980524969,True
2026-01-13,4604.07,4634.47,4569.71,4586.41,2026-01,-0.002240733046026455,0.02041311244899502,4422.184,4248.287,1,0,1,1,patch,4360.65041761,23.76,24.683,False,4596.71,4332.58,-0.002240733046026455,0.058586338855831865,False,True,1,CPIAUCNS;CPILFENS,False,False,1,TUT,HOLD,PRICE_SHOCK_UP,0.0,-0.002240733046026455,1.057527752516976,-0.002240733046026455,1.0620746349879002,True
2026-01-14,4590.46,4642.98,4589.23,4625.95,2026-01,0.008621121966854162,0.038286382500218874,4438.2025,4260.7986,1,0,1,1,patch,4360.65041761,23.57,24.683,False,4625.95,4332.58,0.0,0.06771254079555367,False,True,-2,PPIACO;RSAFS,False,False,1,TUT,HOLD,PRICE_SHOCK_UP,0.0,0.008621121966854162,1.066644828254758,0.008621121966854162,1.071230909954033,True
2026-01-15,4631.01,4632.8,4581.08,4615.66,2026-01,-0.0022244079594461175,0.030916368119645155,4453.879,4274.4752,1,0,1,1,patch,4360.65041761,22.06,24.683,False,4625.95,4332.58,-0.0022244079594461175,0.06533751252140751,False,True,0,,False,False,1,TUT,HOLD,PRICE_SHOCK_UP,0.0,-0.0022244079594461175,1.0642721750088862,-0.0022244079594461175,1.0688480553915265,True
2026-01-16,4617.7,4621.11,4536.67,4595.3,2026-01,-0.00441107013948161,0.019116896941739903,4466.727000000001,4286.8042000000005,1,0,1,1,patch,4360.65041761,22.23,24.683,False,4625.95,4332.58,-0.00662566607939985,0.06063823403145485,False,False,0,,False,False,1,TUT,HOLD,MIXED_NEUTRAL,0.0,-0.00441107013948161,1.0595775957974234,-0.00441107013948161,1.064133291650746,True
2026-01-19,4633.69,4690.72,4628.58,4670.63,2026-01,0.01639283615868381,0.016081066675948774,4483.6505,4300.6808,1,1,1,1,patch,4360.65041761,22.23,24.683,False,4670.63,4332.58,0.0,0.07802510282556807,False,False,0,,False,False,1,TUT,HOLD,ANCHOR_CONFIRMED,0.0,0.01639283615868381,1.0769470777227426,0.01639283615868381,1.0815774543517775,True
2026-01-20,4674.71,4766.23,4659.49,4763.22,2026-01,0.01982387814920039,0.03855084913908713,4504.8985,4315.9388,1,1,1,1,patch,4360.65041761,24.79,24.683,True,4763.22,4332.58,0.0,0.09939574110576155,False,True,0,,False,False,1,TUT,HOLD,PRICE_SHOCK_UP,0.0,0.01982387814920039,1.0982963453646557,0.01982387814920039,1.1030185140157696,True
2026-01-21,4761.81,4888.57,4755.93,4828.78,2026-01,0.013763798438870989,0.043846128903252346,4524.155,4330.205,1,1,1,1,patch,4360.65041761,26.27,24.718,True,4828.78,4332.58,0.0,0.11452760249089455,False,True,0,,False,False,1,TUT,HOLD,PRICE_SHOCK_UP,0.0,0.013763798438870989,1.1134130748884035,0.013763798438870989,1.1182002385170255,True
2026-01-22,4832.38,4940.65,4772.52,4936.25,2026-01,0.022256139231855654,0.0694570223976636,4546.714999999999,4346.403,1,1,1,1,patch,4360.65041761,28.11,24.747,True,4936.25,4332.58,0.0,0.13933268398967824,False,True,0,PCEPILFE,False,False,1,TUT,HOLD,PRICE_SHOCK_UP,0.0,0.022256139231855654,1.1381933513056883,0.022256139231855654,1.1430870587145547,True
2026-01-23,4944.35,4989.91,4899.81,4987.1,2026-01,0.010301342111927125,0.08526102757164944,4572.103,4362.2566,1,1,1,1,patch,4360.65041761,30.01,24.785999999999998,True,4987.1,4332.58,0.0,0.15106933974675618,False,True,0,,False,False,1,TUT,HOLD,PRICE_SHOCK_UP,0.0,0.010301342111927125,1.149918270407009,0.010301342111927125,1.1548623895700898,True
2026-01-26,5005.13,5111.08,4990.14,5008.2,2026-01,0.004230915762667653,0.07227504640701565,4596.022,4378.9956,1,1,1,1,patch,4360.65041761,32.7,24.817,True,5008.2,4332.58,0.0,0.15593941716021398,False,True,0,,False,False,1,TUT,HOLD,PRICE_SHOCK_UP,0.0,0.004230915762667653,1.1547834777430535,0.004230915762667653,1.159748515057834,True
2026-01-27,5021.19,5190.09,5013.62,5180.2,2026-01,0.03434367637075186,0.08754162100427854,4638.461499999999,4400.907,1,1,1,1,patch,4360.65041761,33.13,24.82,True,5180.2,4332.58,0.0,0.19563862640735996,False,True,0,,False,False,1,TUT,HOLD,PRICE_SHOCK_UP,0.0,0.03434367637075186,1.1944429877809521,0.03434367637075186,1.1995785427304402,True
2026-01-28,5174.03,5417.37,5157.45,5417.19,2026-01,0.0457491988726304,0.12185479562125412,4692.393,4428.338,1,1,1,1,patch,4360.65041761,39.67,24.82,True,5417.19,4332.58,0.0,0.25033813570666896,False,True,0,,False,False,1,TUT,HOLD,PRICE_SHOCK_UP,0.0,0.0457491988726304,1.2490877975709618,0.0457491988726304,1.2544583000451552,True
2026-01-29,5420.63,5597.02,5101.65,5376.41,2026-01,-0.007527888074813638,0.08916890351987838,4745.296,4454.5217999999995,1,1,1,1,patch,4360.65041761,46.02,24.828999999999997,True,5417.19,4332.58,-0.007527888074813638,0.24092573016539798,False,True,0,,False,False,1,TUT,HOLD,PRICE_SHOCK_UP,0.0,-0.007527888074813638,1.2396848044352322,-0.007527888074813638,1.2450148783678943,True
2026-01-30,5397.88,5450.84,4689.86,4886.27,2026-01,-0.09116492231805229,-0.0202181628601793,4772.9805,4470.6898,1,1,1,1,patch,4360.65041761,44.08,24.92,True,5417.19,4332.58,-0.09800653106130652,0.12779683237239725,False,False,-1,PPIACO,False,False,1,TUT,HOLD,ANCHOR_CONFIRMED,0.0,-0.09116492231805229,1.1266690355400244,-0.09116492231805229,1.1315131936966658,True
2026-02-02,4772.88,4884.68,4402.65,4658.11,2026-02,-0.0466941040916693,-0.06990335849207308,4783.438,4482.3096,0,1,1,1,patch,4918.79269951,37.38,25.020000000000003,True,4658.11,4658.11,0.0,0.0,False,False,0,,False,False,1,TUT,HOLD,MIXED_NEUTRAL,0.0,-0.0466941040916693,1.0740602343176577,-0.0466941040916693,1.0786781988490965,True
2026-02-03,4687.53,4993.81,4674.07,4946.49,2026-02,0.06190922927968634,-0.04511601868653725,4806.0295,4499.9416,0,1,1,1,patch,4918.79269951,41.04,25.21,True,4946.49,4658.11,0.0,0.06190922927968634,False,False,0,,False,False,1,TUT,HOLD,MIXED_NEUTRAL,0.0,0.06190922927968634,1.1405544756242232,0.06190922927968634,1.1454583347806444,True
2026-02-04,4953.76,5091.9,4854.87,4965.22,2026-02,0.003786523373139339,-0.08343255451627118,4831.522,4516.5666,1,1,1,1,patch,4918.79269951,36.93,25.662000000000003,True,4965.22,4658.11,0.0,0.06593017339650653,False,False,0,,False,False,1,TUT,HOLD,ANCHOR_CONFIRMED,0.0,0.003786523373139339,1.144873211804513,0.003786523373139339,1.1497956395382485,True
2026-02-05,4981.26,5023.71,4759.22,4776.52,2026-02,-0.038004358316449216,-0.11157817205161058,4846.486,4529.4864,0,1,1,1,patch,4918.79269951,35.53,25.773000000000003,True,4965.22,4658.11,-0.038004358316449216,0.025420181146430743,False,False,0,,False,False,1,TUT,HOLD,MIXED_NEUTRAL,0.0,-0.038004358316449216,1.1013630400361902,-0.038004358316449216,1.106098394062546,True
2026-02-06,4775.93,4971.4,4654.56,4966.27,2026-02,0.039725574267458263,0.016372406764259884,4869.3445,4545.5328,0,1,1,1,patch,4918.79269951,33.96,25.816,True,4966.27,4658.11,0.0,0.066155586707914,False,False,0,,False,False,1,TUT,HOLD,MIXED_NEUTRAL,0.0,0.039725574267458263,1.1451153192785815,0.039725574267458263,1.1500387879629939,True
2026-02-09,4988.89,5087.09,4965.22,5060.25,2026-02,0.01892365900363835,0.08633115147559844,4892.521500000001,4563.6089999999995,1,1,1,1,patch,4918.79269951,32.84,26.081,True,5060.25,4658.11,0.0,0.08633115147559844,False,True,0,,False,False,1,TUT,HOLD,PRICE_SHOCK_UP,0.0,0.01892365900363835,1.1667850911004518,0.01892365900363835,1.171801729827363,True
2026-02-10,5066.3,5078.94,4987.89,5022.86,2026-02,-0.007388962995899528,0.015439230646377533,4914.344,4579.6836,1,1,1,1,patch,4918.79269951,28.86,26.254,True,5060.25,4658.11,-0.007388962995899528,0.0783042907960525,False,False,1,RSAFS,False,False,1,TUT,HOLD,ANCHOR_CONFIRMED,0.0,-0.007388962995899528,1.1581637592381433,-0.007388962995899528,1.1631433302071377,True
2026-02-11,5027.21,5119.62,5019.8,5082.85,2026-02,0.011943394798979101,0.023690793157201462,4937.189,4596.7047999999995,1,1,1,1,patch,4918.79269951,29.38,26.558000000000003,True,5082.85,4658.11,0.0,0.09118290465446299,False,True,-3,UNRATE;PAYEMS;CES0500000003,False,False,1,TUT,HOLD,PRICE_SHOCK_UP,0.0,0.011943394798979101,1.1719961662565943,0.011943394798979101,1.177035210207601,True
2026-02-12,5091.87,5100.1,4877.82,4922.2,2026-02,-0.031606283876171926,0.03049919188028083,4952.516,4611.0398,0,1,1,1,patch,4918.79269951,30.23,26.671,True,5082.85,4658.11,-0.031606283876171926,0.05669466800912826,False,True,0,,False,False,1,TUT,HOLD,PRICE_SHOCK_UP,0.0,-0.031606283876171926,1.134953722724103,-0.031606283876171926,1.1398335012215297,True
2026-02-13,4893.59,5046.16,4887.84,5043.06,2026-02,0.02455406119214998,0.01546230873472454,4974.904,4627.8494,0,1,1,1,patch,4918.79269951,30.84,26.725,True,5082.85,4658.11,-0.007828285312374006,0.082640813548843,False,False,1,CPIAUCNS;CPILFENS,False,False,1,TUT,HOLD,MIXED_NEUTRAL,0.0,0.02455406119214998,1.162821445882129,0.02455406119214998,1.1678210427593858,True
2026-02-16,5033.73,5036.3,4966.29,4992.99,2026-02,-0.009928495794220282,-0.013291833407440334,4991.022,4643.5406,1,1,1,1,patch,4918.79269951,30.84,27.081000000000003,True,5082.85,4658.11,-0.017679058008794435,0.07189181878487205,False,False,0,,False,False,1,TUT,HOLD,ANCHOR_CONFIRMED,0.0,-0.009928495794220282,1.1512763780472592,-0.009928495794220282,1.1562263364479473,True
2026-02-17,4992.63,5001.04,4842.37,4878.07,2026-02,-0.02301626880887009,-0.028826206583500213,4996.7645,4657.1320000000005,0,1,1,1,patch,4918.79269951,33.24,27.183000000000003,True,5082.85,4658.11,-0.0402884208662464,0.047220868549690875,False,False,0,,False,False,1,TUT,HOLD,MIXED_NEUTRAL,0.0,-0.02301626880887009,1.1247782914568212,-0.02301626880887009,1.1296143202843663,True
2026-02-18,4864.31,5010.95,4853.95,4976.31,2026-02,0.020139112394861325,-0.02096068150742203,5004.1410000000005,4672.848,-1,1,1,1,patch,4918.79269951,33.75,28.018000000000004,True,5082.85,4658.11,-0.02096068150742203,0.06831096732365727,False,False,0,,False,False,1,TUT,HOLD,TACTICAL_EARLY_REVERSAL,0.0,0.020139112394861325,1.1474303278877702,0.020139112394861325,1.152363750043418,True
2026-02-19,4979.45,5022.23,4960.52,4996.21,2026-02,0.003998947010937837,0.015035959530291354,5007.139,4688.603,-1,1,1,1,patch,4918.79269951,33.56,28.137,True,5082.85,4658.11,-0.017045555151145586,0.07258308627318821,False,False,0,,False,False,1,TUT,HOLD,TACTICAL_EARLY_REVERSAL,0.0,0.003998947010937837,1.1520188409677365,0.003998947010937837,1.1569719916171672,True
2026-02-20,5002.6,5108.08,4980.84,5107.91,2026-02,0.022356946565496694,0.012859256086582338,5013.1795,4706.1918000000005,0,1,1,1,patch,4918.79269951,36.44,28.410000000000004,True,5107.91,4658.11,0.0,0.09656276902005323,False,False,-1,PCEPILFE,False,False,1,TUT,HOLD,MIXED_NEUTRAL,0.0,0.022356946565496694,1.1777744646376977,0.022356946565496694,1.1828383526115285,True
2026-02-23,5103.02,5238.02,5102.76,5227.78,2026-02,0.023467523899207254,0.04702392754642015,5024.1585,4725.1494,1,1,1,1,patch,4918.79269951,38.46,28.44,True,5227.78,4658.11,0.0,0.12229638200901216,False,True,0,,False,False,1,TUT,HOLD,PRICE_SHOCK_UP,0.0,0.023467523899207254,1.205413915034459,0.023467523899207254,1.2105966399203385,True
2026-02-24,5226.58,5249.67,5091.4,5145.0,2026-02,-0.015834637264766305,0.054720411966207916,5022.3985,4742.0588,1,1,1,1,patch,4918.79269951,37.55,28.818,True,5227.78,4658.11,-0.015834637264766305,0.10452522589634006,False,True,0,,False,False,1,TUT,HOLD,PRICE_SHOCK_UP,0.0,-0.015834637264766305,1.1863266229359863,-0.015834637264766305,1.1914272812532551,True
2026-02-25,5141.09,5217.62,5121.21,5168.95,2026-02,0.004655004859086542,0.03871141468276673,5009.986500000001,4759.3261999999995,1,1,1,1,patch,4918.79269951,34.96,29.328000000000003,True,5227.78,4658.11,-0.011253342719089177,0.10966679618987096,False,True,0,,False,False,1,TUT,HOLD,PRICE_SHOCK_UP,0.0,0.004655004859086542,1.1918489791302171,0.004655004859086542,1.1969733810367373,True
2026-02-26,5165.02,5206.03,5130.13,5184.62,2026-02,0.003031563470337284,0.03771058462314425,5000.397,4776.976,1,1,1,1,patch,4918.79269951,33.07,29.776000000000003,True,5227.78,4658.11,-0.008255894471458247,0.11303082151344657,False,True,0,,False,False,1,TUT,HOLD,PRICE_SHOCK_UP,0.0,0.003031563470337284,1.1954621449575071,0.003031563470337284,1.2006020818136545,True
2026-02-27,5189.16,5281.55,5166.51,5280.23,2026-02,0.018441081506455514,0.03373591155678146,5020.094999999999,4795.8138,1,1,1,1,patch,4918.79269951,33.23,29.991000000000003,True,5280.23,4658.11,0.0,0.13355631361217313,False,True,-1,PPIACO,False,False,1,TUT,HOLD,PRICE_SHOCK_UP,0.0,0.018441081506455514,1.2175077598105506,0.018441081506455514,1.2227424826612003,True
2026-03-02,5341.06,5419.38,5259.56,5322.15,2026-03,0.007939048109646851,0.018051639510461293,5053.297,4815.6136,1,1,1,1,patch,5092.11234674,34.83,30.208000000000002,True,5322.15,5322.15,0.0,0.0,False,False,0,,False,True,1,TUT,HOLD,ANCHOR_CONFIRMED,0.0,0.007939048109646851,1.227173612489555,0.007939048109646851,1.2324498940567565,True
2026-03-03,5332.94,5379.88,4996.03,5090.29,2026-03,-0.0435651005702582,-0.010633624878522818,5060.487,4830.6542,1,1,1,1,patch,5092.11234674,38.77,30.779000000000003,True,5322.15,5090.29,-0.0435651005702582,0.0,False,False,0,,False,True,1,TUT,HOLD,ANCHOR_CONFIRMED,0.0,-0.0435651005702582,1.1737116706442805,-0.0435651005702582,1.17875809047437,True
2026-03-04,5104.82,5206.33,5084.71,5139.17,2026-03,0.00960259631573046,-0.005761324833863712,5069.1845,4844.5646,1,1,1,1,patch,5092.11234674,36.48,30.84,True,5322.15,5090.29,-0.03438084232875804,0.00960259631573046,False,False,0,,False,True,1,TUT,HOLD,ANCHOR_CONFIRMED,0.0,0.00960259631573046,1.184982350008539,0.00960259631573046,1.1900772285710965,True
2026-03-05,5149.71,5195.02,5050.68,5082.92,2026-03,-0.010945347205871814,-0.019615709540911408,5084.5045,4856.522,0,1,1,1,patch,5092.11234674,35.31,31.164,True,5322.15,5082.92,-0.04494987927811123,0.0,False,False,0,,False,True,1,TUT,HOLD,MIXED_NEUTRAL,0.0,-0.010945347205871814,1.1720123067548656,-0.010945347205871814,1.1770514201025841,True
2026-03-06,5083.31,5174.87,5062.87,5174.21,2026-03,0.017960148890795002,-0.020078670815475763,5094.9015,4870.4194,0,1,1,1,patch,5092.11234674,34.26,31.407,True,5322.15,5082.92,-0.027797036911774264,0.017960148890795002,False,False,0,UNRATE;PAYEMS;CES0500000003;RSAFS,False,True,1,TUT,HOLD,MIXED_NEUTRAL,0.0,0.017960148890795002,1.193061822286027,0.017960148890795002,1.1981914388597483,True
2026-03-09,5196.29,5197.17,5014.93,5137.19,2026-03,-0.0071547154058301254,-0.0347528724293753,5098.7485,4882.5668,1,1,1,1,patch,5092.11234674,33.52,32.57300000000001,True,5322.15,5082.92,-0.0347528724293753,0.010676933731004867,False,False,0,,False,True,1,TUT,HOLD,ANCHOR_CONFIRMED,0.0,-0.0071547154058301254,1.1845258044860094,-0.0071547154058301254,1.1896187201130046,True
2026-03-12,5181.84,5191.68,5054.66,5079.72,2026-03,-0.018813548845690198,-0.0006295593871239458,5119.8265,4931.7898,0,1,1,1,patch,5092.11234674,31.09,32.772,False,5322.15,5079.72,-0.04555114004678551,0.0,False,False,0,,False,True,1,TUT,HOLD,MIXED_NEUTRAL,0.0,-0.018813548845690198,1.1712744554053232,-0.018813548845690198,1.176310396331931,True
2026-03-13,5074.94,5128.77,5009.61,5018.81,2026-03,-0.011990818391564906,-0.03003357034213916,5118.614,4945.5144,-1,1,1,1,patch,5092.11234674,32.31,32.772,False,5322.15,5018.81,-0.05699576299052056,0.0,False,False,0,PCEPILFE,False,True,1,TUT,HOLD,TACTICAL_EARLY_REVERSAL,0.0,-0.011990818391564906,1.1572299161238788,-0.011990818391564906,1.162205471997405,True
2026-03-18,5005.47,5016.25,4806.83,4818.56,2026-03,-0.0369640512360323,-0.06925858392310769,5117.6675000000005,4974.1034,-1,0,1,1,patch,5092.11234674,29.42,32.772,False,5322.15,4818.56,-0.09462153453021793,0.0,True,False,-1,PPIACO,True,True,0,SAT,MACRO_EVENT_DOWN,MACRO_EVENT_REVERSAL_DOWN,1.0,-0.037964051236032303,1.109902860076443,-0.0369640512360323,1.1158335938495012,True
2026-03-19,4828.64,4867.17,4503.2,4657.63,2026-03,-0.03339794461415868,-0.08309316261526223,5100.7385,4977.7112,-1,0,1,1,patch,5092.11234674,31.05,32.772,False,5322.15,4657.63,-0.12485931437482967,0.0,True,False,0,,False,True,0,TUT,PRICE_EMERGENCY_DOWN,PRICE_SHOCK_DOWN,0.0,-0.0,1.109902860076443,-0.03339794461415868,1.078567045283498,True
2026-03-20,4656.12,4735.8,4476.95,4498.07,2026-03,-0.03425776628886379,-0.1037576636692763,5070.2465,4977.4906,-1,0,1,1,patch,5092.11234674,35.25,32.772,True,5322.15,4498.07,-0.1548396794528527,0.0,True,False,0,,False,True,0,TUT,PRICE_EMERGENCY_DOWN,PRICE_SHOCK_DOWN,0.0,-0.0,1.109902860076443,-0.03425776628886379,1.0416177475193054,True
2026-03-23,4484.73,4536.64,4098.86,4406.84,2026-03,-0.020282032071532785,-0.11975343412492478,5029.199500000001,4973.6932,-1,-1,1,1,patch,5092.11234674,43.36,32.834,True,5322.15,4406.84,-0.1719812481797769,0.0,True,False,0,,False,True,0,TUT,PRICE_EMERGENCY_DOWN,PRICE_SHOCK_DOWN,0.0,-0.0,1.109902860076443,-0.020282032071532785,1.0204916229578411,True
2026-03-24,4418.11,4484.12,4305.72,4476.79,2026-03,0.015873051892058676,-0.10527010038952656,4995.789,4971.5008,-1,-1,1,1,patch,5092.11234674,41.9,33.047000000000004,True,5322.15,4406.84,-0.1588380635645369,0.015873051892058676,True,False,0,,False,True,0,TUT,PRICE_EMERGENCY_DOWN,PRICE_SHOCK_DOWN,0.0,0.0,1.109902860076443,0.015873051892058676,1.0366899394444622,True
2026-03-25,4479.14,4602.62,4456.06,4505.75,2026-03,0.006468920811563583,-0.06491773475893226,4962.628999999999,4969.0968,-1,-1,1,1,patch,5092.11234674,38.65,33.124,True,5322.15,4406.84,-0.15339665360803434,0.022444654219349935,True,False,0,,False,True,0,TUT,PRICE_EMERGENCY_DOWN,PRICE_SHOCK_DOWN,0.0,0.0,1.109902860076443,0.006468920811563583,1.0433962045688732,True
2026-03-26,4517.61,4543.96,4351.04,4380.88,2026-03,-0.027713477223547667,-0.059418631364019925,4922.442,4964.4012,-1,-1,1,1,patch,5092.11234674,45.07,33.22,True,5322.15,4380.88,-0.17685897616564727,0.0,True,False,0,,False,True,0,TUT,PRICE_EMERGENCY_DOWN,PRICE_SHOCK_DOWN,0.0,-0.0,1.109902860076443,-0.027713477223547667,1.0144800676184176,True
2026-03-27,4381.7,4555.77,4374.93,4495.1,2026-03,0.026072387282920495,-0.0006602831881227234,4883.1855000000005,4962.397199999999,-1,-1,1,1,patch,5092.11234674,45.51,33.239000000000004,True,5322.15,4380.88,-0.15539772460377843,0.026072387282920495,False,False,0,,False,True,0,TUT,HOLD,TACTICAL_REVERSAL_CONFIRMED,0.0,0.0,1.109902860076443,0.026072387282920495,1.0409299848321683,True
2026-03-30,4488.48,4580.74,4420.04,4511.16,2026-03,0.0035727792485149568,0.023672291256319644,4842.636,4959.2078,-1,-1,1,1,patch,5092.11234674,42.71,33.492000000000004,True,5322.15,4380.88,-0.15238014712099435,0.029738317415678894,False,False,0,,False,True,0,TUT,HOLD,TACTICAL_REVERSAL_CONFIRMED,0.0,0.0,1.109902860076443,0.0035727792485149568,1.0446489978811335,True
2026-03-31,4514.44,4687.2,4482.65,4668.29,2026-03,0.03483139591590634,0.042776185615139406,4821.536,4957.3092,-1,-1,1,1,patch,5092.11234674,38.89,33.556000000000004,True,5322.15,4380.88,-0.12285636443918335,0.06560554043936384,False,False,0,,False,True,0,TUT,HOLD,TACTICAL_REVERSAL_CONFIRMED,0.0,0.0,1.109902860076443,0.03483139591590634,1.081035580719486,True
2026-04-01,4681.84,4793.04,4661.1,4756.82,2026-04,0.018964117481990117,0.055722132830272386,4802.4185,4955.87,-1,-1,1,-1,momentum,5060.83558668,36.11,33.731,True,4756.82,4756.82,0.0,0.0,False,False,-1,RSAFS,False,True,1,AL,MONTHLY_ORIGIN_REEVALUATION,TACTICAL_REVERSAL_CONFIRMED,1.0,-0.001,1.1087929572163664,0.018964117481990117,1.1015364664744618,True
2026-04-02,4756.5,4800.49,4553.84,4675.39,2026-04,-0.017118579218889818,0.06722621938971174,4782.0419999999995,4950.6528,-1,-1,1,-1,momentum,5060.83558668,37.85,33.939,True,4756.82,4675.39,-0.017118579218889818,0.0,False,False,0,,False,True,1,TUT,HOLD,TACTICAL_REVERSAL_CONFIRMED,0.0,-0.017118579218889818,1.0898119971409108,-0.017118579218889818,1.0826797272106228,True
2026-04-06,4643.07,4706.89,4600.35,4649.68,2026-04,-0.005499006499992576,0.03438855642811056,4755.8155,4943.9044,-1,0,1,-1,momentum,5060.83558668,37.04,34.23,True,4756.82,4649.68,-0.02252345054048699,0.0,False,False,0,,False,True,1,TUT,HOLD,TACTICAL_EARLY_REVERSAL,0.0,-0.005499006499992576,1.083819113884863,-0.005499006499992576,1.0767260643532814,True
2026-04-07,4658.36,4718.1,4607.32,4706.32,2026-04,0.012181483456926046,0.04326160012058988,4734.271999999999,4937.8668,-1,0,1,-1,momentum,5060.83558668,37.43,34.773,True,4756.82,4649.68,-0.010616336123712933,0.012181483456926046,False,False,0,,False,True,1,TUT,HOLD,TACTICAL_EARLY_REVERSAL,0.0,0.012181483456926046,1.0970216384909517,0.012181483456926046,1.089842185093842,True
2026-04-08,4740.88,4858.18,4699.29,4719.63,2026-04,0.002828111985585524,0.010997602976678955,4710.622,4928.6554,0,0,1,-1,momentum,5060.83558668,34.21,34.947,False,4756.82,4649.68,-0.007818248325561994,0.015044046041878145,False,False,0,,False,True,1,TUT,HOLD,MIXED_NEUTRAL,0.0,0.002828111985585524,1.1001241385352145,0.002828111985585524,1.0929243808399025,True
2026-04-13,4662.3,4750.08,4644.39,4740.86,2026-04,-0.0017518813774168862,0.01960995165258672,4659.592,4900.159,1,1,1,-1,momentum,5060.83558668,30.0,34.947,False,4765.01,4649.68,-0.005068195030020983,0.01960995165258672,False,False,0,,False,True,1,TUT,HOLD,ANCHOR_CONFIRMED,0.0,-0.0017518813774168862,1.1050727543082948,-0.0017518813774168862,1.0978406104183294,True
2026-04-24,4700.49,4700.86,4686.87,4698.4,2026-04,-0.006258473473928716,-0.0347545078961371,4723.3445,4872.7326,0,1,1,-1,momentum,5060.83558668,25.88,34.947,False,4867.57,4649.68,-0.0347545078961371,0.010478140431169347,False,False,0,,False,True,1,TUT,HOLD,MIXED_NEUTRAL,0.0,-0.006258473473928716,1.0951755227621345,-0.006258473473928716,1.0880081512614759,True
2026-04-27,4695.81,4730.12,4667.11,4679.98,2026-04,-0.003920483568874533,-0.029192795252151793,4732.5885,4865.4710000000005,-1,0,1,-1,momentum,5060.83558668,25.37,34.947,False,4867.57,4649.68,-0.03853873698786048,0.006516577484902086,False,False,0,,False,True,1,TUT,HOLD,TACTICAL_EARLY_REVERSAL,0.0,-0.003920483568874533,1.090881905120112,-0.003920483568874533,1.0837426331816538,True
2026-04-30,4542.89,4568.63,4539.23,4566.37,2026-04,-0.0073691326813427604,-0.03418365944090407,4728.569,4845.6412,-1,0,1,-1,momentum,5060.83558668,26.64,34.947,False,4867.57,4566.37,-0.06187892521319671,0.0,False,False,-1,PCEPILFE,True,True,0,SAT,MACRO_EVENT_DOWN,MACRO_EVENT_REVERSAL_DOWN,1.0,-0.008369132681342761,1.063327632550066,-0.0073691326813427604,1.057433973624184,True
2026-05-01,4627.97,4634.18,4623.29,4624.95,2026-05,0.012828570615171397,-0.0156329814404903,4726.0470000000005,4838.215999999999,-1,0,-1,-1,momentum,4714.24120498,26.43,34.947,False,4624.95,4624.95,0.0,0.0,False,False,0,,False,False,0,TUT,HOLD,MIXED_NEUTRAL,0.0,0.0,1.063327632550066,0.012828570615171397,1.0709993400257032,True
2026-05-04,4625.46,4629.28,4609.25,4609.26,2026-05,-0.003392469107774021,-0.01511117568878484,4724.026,4828.243,-1,-1,-1,-1,momentum,4714.24120498,27.92,34.947,False,4624.95,4609.26,-0.003392469107774021,0.0,False,False,0,,False,False,0,TUT,HOLD,ANCHOR_CONFIRMED,0.0,-0.0,1.063327632550066,-0.003392469107774021,1.0673660078502196,True
2026-05-08,4679.47,4749.38,4679.1,4715.44,2026-05,0.003248818659750574,0.019565616925588447,4706.862999999999,4785.6536,0,-1,-1,-1,momentum,4714.24120498,26.48,34.947,False,4715.44,4556.2,0.0,0.03495017777972875,False,False,0,,False,False,0,TUT,HOLD,MIXED_NEUTRAL,0.0,0.0,1.063327632550066,0.003248818659750574,1.0919541028402038,True
2026-05-12,4740.48,4769.58,4737.25,4765.54,2026-05,0.01703256482981308,0.04594618322286115,4700.349,4762.6314,0,-1,-1,-1,momentum,4714.24120498,27.16,34.947,False,4765.54,4556.2,0.0,0.04594618322286115,False,True,0,,False,False,1,AL,PRICE_EMERGENCY_UP,PRICE_SHOCK_UP,1.0,-0.001,1.062264304917516,0.01703256482981308,1.103555756249492,True
2026-05-13,4717.42,4723.98,4712.67,4719.33,2026-05,-0.009696697541097143,0.020380232082974015,4696.767,4755.2122,1,-1,-1,-1,momentum,4714.24120498,26.56,34.947,False,4765.54,4556.2,-0.009696697541097143,0.035803959439884236,False,False,0,,False,False,1,TUT,HOLD,TACTICAL_EARLY_REVERSAL,0.0,-0.009696697541097143,1.051963849244027,-0.009696697541097143,1.092854909861404,True
2026-05-15,4648.85,4665.42,4646.52,4649.94,2026-05,-0.009979113483406965,-0.013890538316678858,4681.2195,4737.7054,0,-1,-1,-1,momentum,4714.24120498,26.34,34.947,False,4765.54,4556.2,-0.024257481838364625,0.0205741626794258,False,False,0,,False,False,1,TUT,HOLD,MIXED_NEUTRAL,0.0,-0.009979113483406965,1.0364964478334364,-0.009979113483406965,1.076786272534647,True
2026-05-18,4538.16,4555.47,4527.74,4533.72,2026-05,-0.024993870888656455,-0.032441049740381867,4666.870000000001,4724.8956,-1,-1,-1,-1,momentum,4714.24120498,26.2,34.947,False,4765.54,4533.72,-0.048645064357869194,0.0,False,False,0,,False,False,1,TUT,HOLD,ANCHOR_CONFIRMED,0.0,-0.024993870888656455,1.0105903894397366,-0.024993870888656455,1.0498732154642385,True
2026-05-19,4569.65,4589.54,4464.77,4481.66,2026-05,-0.011482844110355384,-0.059569324777464905,4653.571000000001,4711.785,-1,-1,-1,-1,momentum,4714.24120498,26.63,34.947,False,4765.54,4481.66,-0.059569324777464905,0.0,True,False,0,,False,False,1,TUT,HOLD,PRICE_SHOCK_DOWN,0.0,-0.011482844110355384,0.9989859375383767,-0.011482844110355384,1.037817684995425,True
2026-05-20,4482.81,4552.99,4453.38,4543.85,2026-05,0.013876554669475238,-0.03718324423170227,4643.496,4698.8094,-1,-1,-1,-1,momentum,4714.24120498,25.17,34.947,False,4765.54,4481.66,-0.0465193870998879,0.013876554669475238,False,False,0,,False,False,1,TUT,HOLD,ANCHOR_CONFIRMED,0.0,0.013876554669475238,1.012848420514665,0.013876554669475238,1.0522190188382123,True
2026-06-01,4523.07,4545.81,4517.52,4537.57,2026-06,-0.0007685430273990379,-0.007220106026163076,4591.6314999999995,4636.797,-1,-1,-1,-1,momentum,4451.14254182,25.64,34.947,False,4537.57,4537.57,0.0,0.0,False,False,0,,False,True,0,SAT,MONTHLY_ORIGIN_REEVALUATION,ANCHOR_CONFIRMED,1.0,-0.001768543027399038,1.0104363484767909,-0.0007685430273990379,1.0507647596883056,True
2026-06-08,4336.02,4347.08,4310.12,4344.0,2026-06,-0.026181461131324246,-0.04265939699001886,4538.8895,4636.0452000000005,-1,-1,-1,-1,momentum,4451.14254182,27.17,34.947,False,4537.57,4344.0,-0.04265939699001886,0.0,True,False,0,,False,True,0,TUT,HOLD,PRICE_SHOCK_DOWN,0.0,-0.0,1.0104363484767909,-0.026181461131324246,1.0059397686616405,True
2026-06-09,4330.76,4331.36,4312.87,4315.97,2026-06,-0.006452578268876574,-0.037507582245058124,4516.411,4632.1414,-1,-1,-1,-1,momentum,4451.14254182,28.04,34.947,False,4537.57,4315.97,-0.04883671216091423,0.0,False,False,0,,False,True,0,TUT,HOLD,ANCHOR_CONFIRMED,0.0,-0.0,1.0104363484767909,-0.006452578268876574,0.9994488635705756,True
2026-06-10,4255.56,4257.93,4210.29,4223.1,2026-06,-0.02151775846449344,-0.05703433939261304,4491.599499999999,4623.2376,-1,-1,-1,-1,momentum,4451.14254182,32.18,34.947,False,4537.57,4223.1,-0.06930361404892915,0.0,True,False,0,,False,True,0,TUT,HOLD,PRICE_SHOCK_DOWN,0.0,-0.0,1.0104363484767909,-0.02151775846449344,0.9779429643266515,True
2026-06-11,4071.37,4071.98,4023.68,4055.94,2026-06,-0.03958229736449537,-0.09065554033482126,4459.556,4609.22,-1,-1,-1,-1,momentum,4451.14254182,28.33,34.947,False,4537.57,4055.94,-0.10614271515370555,0.0,True,False,0,,False,True,0,TUT,HOLD,PRICE_SHOCK_DOWN,0.0,-0.0,1.0104363484767909,-0.03958229736449537,0.9392337351071579,True
2026-06-12,4219.03,4246.71,4205.13,4219.21,2026-06,0.04025454025454023,-0.05415632656995728,4438.0195,4600.0964,-1,-1,-1,-1,momentum,4451.14254182,26.85,34.947,False,4537.57,4055.94,-0.07016090109904638,0.04025454025454023,True,False,0,,False,True,0,TUT,HOLD,PRICE_SHOCK_DOWN,0.0,0.0,1.0104363484767909,0.04025454025454023,0.9770421573054512,True
2026-06-15,4269.15,4309.12,4265.53,4294.98,2026-06,0.01795833817231185,-0.011284530386740377,4426.0824999999995,4593.0024,-1,-1,-1,-1,momentum,4451.14254182,26.47,34.947,False,4537.57,4055.94,-0.0534625361151454,0.058935783073714054,False,False,0,,False,True,0,TUT,HOLD,ANCHOR_CONFIRMED,0.0,0.0,1.0104363484767909,0.01795833817231185,0.9945882107749476,True
2026-06-24,4112.59,4115.0,4080.87,4099.31,2026-06,-0.0214295262921691,-0.053344910641501375,4323.192,4517.788,-1,-1,-1,-1,momentum,4451.14254182,31.6,34.947,False,4537.57,4055.94,-0.09658473588286232,0.010692958968821165,True,False,0,,False,True,0,TUT,HOLD,PRICE_SHOCK_DOWN,0.0,-0.0,1.0104363484767909,-0.0214295262921691,0.9492769228987915,True
2026-06-25,4004.76,4018.77,3990.69,4010.77,2026-06,-0.021598756863960178,-0.063138421002226,4298.915500000001,4502.2008000000005,-1,-1,-1,-1,momentum,4451.14254182,29.58,34.947,False,4537.57,4010.77,-0.11609738251971868,0.0,True,False,0,,False,True,0,TUT,HOLD,PRICE_SHOCK_DOWN,0.0,-0.0,1.0104363484767909,-0.021598756863960178,0.9287737214445322,True
2026-06-26,4028.48,4036.55,4012.49,4017.04,2026-06,0.001563290839414977,-0.04123576009413321,4272.7145,4485.1902,-1,-1,-1,-1,momentum,4451.14254182,27.18,34.947,False,4537.57,4010.77,-0.11471558565487694,0.001563290839414977,True,False,0,,False,True,0,TUT,HOLD,PRICE_SHOCK_DOWN,0.0,0.0,1.0104363484767909,0.001563290839414977,0.9302256648951558,True
2026-06-29,4088.03,4088.03,4051.86,4059.13,2026-06,0.010477864298090278,-0.020742513467676305,4248.7925000000005,4469.9586,-1,-1,-1,-1,momentum,4451.14254182,27.7,34.947,False,4537.57,4010.77,-0.10543969569615452,0.01205753508677887,False,False,0,,False,True,0,TUT,HOLD,ANCHOR_CONFIRMED,0.0,0.0,1.0104363484767909,0.010477864298090278,0.939972443178528,True
2026-06-30,4018.98,4022.38,4009.66,4014.85,2026-06,-0.01090874152835708,-0.04159147115834505,4225.326999999999,4455.3027999999995,-1,-1,-1,-1,momentum,4451.14254182,27.2,34.947,False,4537.57,4010.77,-0.11519822283733361,0.0010172610246910185,True,False,0,,False,True,0,TUT,HOLD,PRICE_SHOCK_DOWN,0.0,-0.0,1.0104363484767909,-0.01090874152835708,0.9297185267521152,True
2026-07-01,4011.71,4115.82,3960.2,4031.31,2026-07,0.004099779568352391,-0.016588157519192404,4202.966,4441.022,-1,-1,-1,-1,momentum,4038.51634964,27.12,34.947,False,4031.31,4031.31,0.0,0.0,False,False,0,,False,False,0,TUT,HOLD,ANCHOR_CONFIRMED,0.0,0.0,1.0104363484767909,0.004099779568352391,0.9335301677724122,True
2026-07-06,4179.77,4201.71,4172.99,4183.16,2026-07,0.014109227725844553,0.030555808757048775,4156.8035,4405.7312,0,-1,-1,-1,momentum,4038.51634964,25.33,34.947,False,4183.16,4031.31,0.0,0.03766765641937719,False,False,0,,False,False,0,TUT,HOLD,MIXED_NEUTRAL,0.0,0.0,1.0104363484767909,0.014109227725844553,0.9686940613891869,True
2026-07-07,4166.12,4168.5,4155.02,4155.42,2026-07,-0.006631350462329877,0.03501251603422295,4148.776,4395.0548,1,-1,-1,-1,momentum,4038.51634964,26.21,34.947,False,4183.16,4031.31,-0.006631350462329877,0.03078651852623593,False,False,0,,False,False,0,TUT,HOLD,TACTICAL_EARLY_REVERSAL,0.0,-0.0,1.0104363484767909,-0.006631350462329877,0.9622703115773376,True
2026-07-08,4095.6,4107.95,4093.96,4098.31,2026-07,-0.013743496445605907,0.016619907672692058,4142.5365,4385.0156,0,-1,-1,-1,momentum,4038.51634964,27.6,34.947,False,4183.16,4031.31,-0.020283708966427172,0.016619907672692058,False,False,0,,False,False,0,TUT,HOLD,MIXED_NEUTRAL,0.0,-0.0,1.0104363484767909,-0.013743496445605907,0.9490453529704623,True
2026-07-09,4076.39,4079.94,4071.88,4077.15,2026-07,-0.005163103815963188,0.010769242211264629,4143.597,4375.2312,-1,-1,-1,-1,momentum,4038.51634964,25.33,34.947,False,4183.16,4031.31,-0.025342085887223975,0.011370993548003083,False,False,0,,False,False,0,TUT,HOLD,ANCHOR_CONFIRMED,0.0,-0.0,1.0104363484767909,-0.005163103815963188,0.9441453332870184,True
2026-07-13,4095.48,4103.72,4068.48,4082.35,2026-07,-0.009484549089638472,-0.02409900649269925,4128.077,4354.6228,-1,0,-1,-1,momentum,4038.51634964,26.93,34.947,False,4183.16,4031.31,-0.02409900649269925,0.012660896830062773,False,False,0,,False,False,0,TUT,HOLD,MIXED_NEUTRAL,0.0,-0.0,1.0104363484767909,-0.009484549089638472,0.9453494969143298,True
2026-07-23,4125.02,4138.91,4113.72,4132.8,2026-07,0.013679075209159564,0.01869631126831739,4063.9869999999996,4250.9552,1,0,-1,-1,momentum,4038.51634964,25.14,34.947,False,4183.16,3985.13,-0.012038745828512387,0.03705525290266576,False,False,0,,False,False,0,TUT,HOLD,TACTICAL_EARLY_REVERSAL,0.0,0.0,1.0104363484767909,0.013679075209159564,0.9570321997985333,True
2026-07-24,4046.05,4050.69,4046.05,4049.09,2026-07,-0.020255032907471993,0.016049664628255522,4065.5895000000005,4238.9382000000005,0,0,-1,-1,momentum,4038.51634964,24.33,34.947,False,4183.16,3985.13,-0.03204993354306307,0.016049664628255522,False,False,0,,False,False,0,TUT,HOLD,MIXED_NEUTRAL,0.0,-0.0,1.0104363484767909,-0.020255032907471993,0.9376474810981037,True
2026-07-28,4079.24,4082.19,4069.93,4071.47,2026-07,-0.006466616397875158,0.016708452364304627,4070.3625,4222.0194,1,-1,-1,-1,momentum,4038.51634964,24.62,34.947,False,4183.16,3985.13,-0.026699911072012528,0.021665541651087805,False,False,0,,False,False,0,TUT,HOLD,TACTICAL_EARLY_REVERSAL,0.0,-0.0,1.0104363484767909,-0.006466616397875158,0.9428300160941091,True
2026-07-29,4026.79,4030.11,4013.95,4022.04,2026-07,-0.012140578218677756,-0.013487759471968674,4069.899,4211.5832,0,-1,-1,-1,momentum,4038.51634964,24.64,34.947,False,4183.16,3985.13,-0.03851633693188883,0.009261931229345155,False,False,0,,False,False,0,TUT,HOLD,MIXED_NEUTRAL,0.0,-0.0,1.0104363484767909,-0.012140578218677756,0.9313835145368013,True
2026-08-06,4246.98,4282.02,4245.62,4277.13,2026-08,0.05028030360699054,0.04697409937751362,4066.886,4162.221399999999,1,-1,-1,-1,,,24.86,34.947,False,4277.13,4055.16,0.0,0.05473766756428855,False,True,0,,False,False,1,AL,PRICE_EMERGENCY_UP,PRICE_SHOCK_UP,1.0,-0.001,1.009425912128314,0.05028030360699054,0.9904546875542729,True
2026-08-07,4244.2,4253.17,4235.83,4252.29,2026-08,-0.0058076326882746665,0.05083811722026299,4073.4285000000004,4156.446,1,-1,-1,-1,,,25.64,34.947,False,4277.13,4055.16,-0.0058076326882746665,0.048612138608587596,False,True,0,,False,False,1,TUT,PRICE_EMERGENCY_UP,PRICE_SHOCK_UP,0.0,-0.0058076326882746665,1.003563537204646,-0.0058076326882746665,0.9847024905345778,True
2026-08-10,4348.04,4350.55,4332.17,4335.41,2026-08,0.01954711461353753,0.06364588725683817,4086.0814999999993,4152.4028,1,0,-1,-1,,,27.9,34.947,False,4335.41,4055.16,0.0,0.06910948026711639,False,True,0,,False,False,1,TUT,PRICE_EMERGENCY_UP,PRICE_SHOCK_UP,0.0,0.01954711461353753,1.0231803086883524,0.01954711461353753,1.003950582977293,True
2026-08-11,4391.47,4403.58,4388.45,4401.16,2026-08,0.015165809000763586,0.0853233904457531,4106.129,4150.7428,1,0,-1,-1,,,25.99,34.947,False,4401.16,4055.16,0.0,0.0853233904457531,False,True,0,,False,False,1,TUT,PRICE_EMERGENCY_UP,PRICE_SHOCK_UP,0.0,0.015165809000763586,1.0386976658232623,0.015165809000763586,1.019176305764932,True
2026-08-12,4372.19,4378.58,4362.44,4369.96,2026-08,-0.007089040162139071,0.07307538362182231,4122.676,4148.5714,1,0,-1,-1,,,25.58,34.947,False,4401.16,4055.16,-0.007089040162139071,0.07762948934197422,False,True,0,,False,False,1,TUT,PRICE_EMERGENCY_UP,PRICE_SHOCK_UP,0.0,-0.007089040162139071,1.0313342963539212,-0.007089040162139071,1.0119513240010638,True
2026-08-13,4408.77,4415.77,4398.19,4415.75,2026-08,0.010478356781297826,0.03240958306153896,4140.616,4147.6806,1,0,-1,-1,,,23.87,34.947,False,4415.75,4055.16,0.0,0.08892127560934715,False,True,0,,False,False,1,TUT,PRICE_EMERGENCY_UP,PRICE_SHOCK_UP,0.0,0.010478356781297826,1.0421409850719063,0.010478356781297826,1.0225549110192536,True
2026-08-14,4353.5,4364.26,4349.12,4356.79,2026-08,-0.013352205174658849,0.024574993709271853,4159.199,4145.6006,1,0,-1,-1,,,23.92,34.947,False,4415.75,4055.16,-0.013352205174658849,0.07438177531835977,False,True,0,,False,False,1,TUT,PRICE_EMERGENCY_UP,PRICE_SHOCK_UP,0.0,-0.013352205174658849,1.0282261048183052,-0.013352205174658849,1.0089015480449695,True
2026-08-17,4380.22,4386.96,4367.09,4368.79,2026-08,0.002754321415537664,0.007699387139855407,4178.378,4146.0964,1,1,-1,-1,,,25.12,34.947,False,4415.75,4055.16,-0.010634660023778553,0.07734096805058255,False,False,0,,False,False,1,TUT,HOLD,TACTICAL_REVERSAL_CONFIRMED,0.0,0.002754321415537664,1.0310581699988213,0.002754321415537664,1.0116803871849187,True
2026-08-20,4522.29,4527.51,4510.33,4513.34,2026-08,0.041437458465628074,0.0221004359395347,4229.971500000001,4159.1214,1,1,-1,-1,,,27.28,34.947,False,4513.34,4055.16,0.0,0.11298691050414789,False,True,0,,False,False,1,TUT,PRICE_EMERGENCY_UP,PRICE_SHOCK_UP,0.0,0.041437458465628074,1.0651727551524521,0.041437458465628074,1.0451538203248916,True
2026-08-21,4522.05,4532.95,4517.03,4526.27,2026-08,0.0028648406723181807,0.038900199458775875,4253.8305,4165.2626,1,1,-1,-1,,,27.29,34.947,False,4526.27,4055.16,0.0,0.11617544067311791,False,True,0,,False,False,1,TUT,PRICE_EMERGENCY_UP,PRICE_SHOCK_UP,0.0,0.0028648406723181807,1.068224305384458,0.0028648406723181807,1.0481480194981871,True
2026-08-24,4608.46,4625.48,4604.67,4624.96,2026-08,0.021803825224743445,0.058636373000304554,4280.179999999999,4171.8622000000005,1,1,-1,-1,,,28.28,34.947,False,4624.96,4055.16,0.0,0.14051233490170545,False,True,0,,False,False,1,TUT,PRICE_EMERGENCY_UP,PRICE_SHOCK_UP,0.0,0.021803825224743445,1.0915156814398836,0.021803825224743445,1.0710016557249866,True
2026-08-25,4652.49,4688.6,4647.77,4688.56,2026-08,0.0137514702829864,0.06578528628192659,4311.0345,4179.2884,1,1,-1,-1,,,27.69,34.947,False,4688.56,4055.16,0.0,0.15619605638248557,False,True,0,,False,False,1,TUT,PRICE_EMERGENCY_UP,PRICE_SHOCK_UP,0.0,0.0137514702829864,1.106525626896618,0.0137514702829864,1.085729503166718,True
2026-08-26,4657.58,4673.7,4653.32,4655.13,2026-08,-0.0071301209753101835,0.074155006276305,4342.689,4185.784799999999,1,1,-1,-1,,,26.96,34.947,False,4688.56,4055.16,-0.0071301209753101835,0.14795223862930196,False,True,0,,False,False,1,TUT,PRICE_EMERGENCY_UP,PRICE_SHOCK_UP,0.0,-0.0071301209753101835,1.098635965314564,-0.0071301209753101835,1.077988120462676,True
2026-08-27,4596.5,4625.02,4594.51,4624.26,2026-08,-0.006631393752698611,0.024576034599653518,4369.6404999999995,4192.6486,1,1,-1,-1,,,26.8,34.947,False,4688.56,4055.16,-0.013714232088317124,0.14033971532565936,False,True,0,,False,False,1,TUT,PRICE_EMERGENCY_UP,PRICE_SHOCK_UP,0.0,-0.006631393752698611,1.091350477637687,-0.006631393752698611,1.0708395567751565,True
2026-08-28,4603.14,4611.51,4593.17,4593.71,2026-08,-0.006606462439395777,0.014899685613098512,4396.9974999999995,4200.7266,1,1,-1,-1,,,25.17,34.947,False,4688.56,4055.16,-0.020230091968536312,0.13280610382820912,False,False,0,,False,False,1,TUT,HOLD,TACTICAL_REVERSAL_CONFIRMED,0.0,-0.006606462439395777,1.084140511698957,-0.006606462439395777,1.0637650954647022,True
