date,open,high,low,close,month,ret,sma20,fast_raw,fast,slow,prior,pos,turn,strat_ret,equity
2023-01-03,1826.93,1849.94,1823.61,1839.28,2023-01,0.008648156577150568,1799.2445,1.0,1,1,1,1,0.0,0.008648156577150568,1.0086481565771506
2023-01-04,1838.81,1865.11,1836.1,1854.32,2023-01,0.008177112783263052,1803.527,1.0,1,1,1,1,0.0,0.008177112783263052,1.0168959863121123
2023-01-05,1854.3,1859.01,1825.06,1832.5,2023-01,-0.011767116786746579,1806.6119999999999,1.0,1,1,1,1,0.0,-0.011767116786746579,1.004930052481204
2023-01-06,1829.99,1869.83,1829.99,1865.84,2023-01,0.01819372442019085,1810.6050000000002,1.0,1,1,1,1,0.0,0.01819372442019085,1.0232134729176148
2023-01-09,1866.66,1881.51,1866.22,1871.63,2023-01,0.003103159970844427,1814.7325,1.0,1,1,1,1,0.0,0.003103159970844427,1.0263886680084013
2023-01-10,1871.37,1880.71,1867.82,1876.7,2023-01,0.0027088687400822486,1818.712,1.0,1,1,1,1,0.0,0.0027088687400822486,1.029169020186344
2023-01-11,1876.54,1886.61,1867.12,1875.28,2023-01,-0.0007566473064422041,1823.4184999999998,1.0,1,1,1,1,0.0,-0.0007566473064422041,1.0283903022193461
2023-01-12,1875.01,1901.53,1874.44,1896.77,2023-01,0.011459622029776906,1827.726,1.0,1,1,1,1,0.0,0.011459622029776906,1.040175266381868
2023-01-13,1896.06,1921.83,1892.22,1920.23,2023-01,0.012368394692028994,1833.3835,1.0,1,1,1,1,0.0,0.012368394692028994,1.0530405646253653
2023-01-16,1920.0,1928.93,1910.81,1915.41,2023-01,-0.002510115975690397,1840.318,1.0,1,1,1,1,0.0,-0.002510115975690397,1.0503973106810491
2023-01-17,1915.02,1918.97,1903.76,1908.51,2023-01,-0.0036023618964086124,1846.0915,1.0,1,1,1,1,0.0,-0.0036023618964086124,1.0466133994329616
2023-01-18,1908.34,1925.8,1896.56,1904.15,2023-01,-0.002284504665943543,1851.9230000000002,1.0,1,1,1,1,0.0,-0.002284504665943543,1.044222406238518
2023-01-19,1904.33,1935.13,1900.92,1932.08,2023-01,0.014667962082818953,1857.6375,1.0,1,1,1,1,0.0,0.014667962082818953,1.0595390208992546
2023-01-20,1931.79,1937.48,1920.67,1925.8,2023-01,-0.0032503830069148254,1863.2295000000001,1.0,1,1,1,1,0.0,-0.0032503830069148254,1.0560951132705605
2023-01-23,1925.31,1935.49,1911.36,1930.81,2023-01,0.0026015162529857694,1870.152,1.0,1,1,1,1,0.0,0.0026015162529857694,1.0588425618724326
2023-01-24,1930.36,1942.46,1917.12,1937.23,2023-01,0.003325029391809675,1877.1045000000001,1.0,1,1,1,1,0.0,0.003325029391809675,1.0623632445119575
2023-01-25,1936.87,1948.03,1919.83,1945.76,2023-01,0.0044031942515860845,1883.723,1.0,1,1,1,1,0.0,0.0044031942515860845,1.067041036243289
2023-01-26,1946.22,1949.05,1918.67,1929.07,2023-01,-0.008577625195296479,1889.9739999999997,1.0,1,1,1,1,0.0,-0.008577625195296479,1.0578883581663932
2023-01-27,1928.48,1935.02,1916.62,1926.73,2023-01,-0.0012130197452657754,1895.5805,1.0,1,1,1,1,0.0,-0.0012130197452657754,1.0566051186996506
2023-01-30,1928.02,1934.4,1920.65,1923.08,2023-01,-0.0018944013951098793,1900.559,1.0,1,1,1,1,0.0,-0.0018944013951098793,1.0546034844887058
2023-01-31,1921.81,1931.03,1900.83,1928.25,2023-01,0.0026883956985668256,1905.0075000000002,1.0,1,1,1,1,0.0,0.0026883956985668256,1.0574386759600989
2023-02-01,1928.02,1954.42,1920.49,1950.15,2023-02,0.011357448463632958,1909.7990000000002,1.0,1,1,1,1,0.0,0.011357448463632958,1.069448481225768
2023-02-02,1950.32,1959.72,1911.27,1912.63,2023-02,-0.019239545675973635,1913.8055,-1.0,0,1,1,1,0.0,-0.019239545675973635,1.0488727783231242
2023-02-03,1911.74,1918.57,1861.4,1864.97,2023-02,-0.02491856762677569,1913.7620000000002,-1.0,-1,1,1,1,0.0,-0.02491856762677569,1.0227363710645954
2023-02-06,1861.68,1881.24,1859.94,1867.25,2023-02,0.0012225397727576581,1913.5430000000001,-1.0,-1,0,1,1,0.0,0.0012225397727576581,1.0239867069552677
2023-02-07,1867.04,1884.34,1864.9,1873.25,2023-02,0.003213281563797077,1913.3705000000002,-1.0,-1,0,1,1,0.0,0.003213281563797077,1.0272770645623004
2023-02-08,1872.89,1886.28,1869.03,1875.26,2023-02,0.0010730014680369049,1913.3695000000002,-1.0,-1,0,1,1,0.0,0.0010730014680369049,1.0283793343606564
2023-02-09,1875.1,1890.22,1858.92,1861.55,2023-02,-0.007310986209912218,1911.6084999999998,-1.0,-1,0,1,1,0.0,-0.007310986209912218,1.020860867228587
2023-02-10,1861.75,1872.13,1852.69,1865.37,2023-02,0.0020520533963632737,1908.8655000000003,-1.0,-1,0,1,1,0.0,0.0020520533963632737,1.0229557282383979
2023-02-13,1864.7,1866.48,1850.44,1853.47,2023-02,-0.0063794314264730145,1905.7685000000001,-1.0,-1,-1,1,1,0.0,-0.0063794314264730145,1.0164298523177833
2023-02-14,1853.24,1870.53,1843.29,1854.18,2023-02,0.00038306527756049036,1903.0520000000001,-1.0,-1,-1,1,1,0.0,0.00038306527756049036,1.0168192113012822
2023-02-15,1853.85,1860.04,1830.42,1835.76,2023-02,-0.00993431058473293,1899.6324999999997,-1.0,-1,-1,1,1,0.0,-0.00993431058473293,1.006717813447692
2023-02-16,1835.56,1845.27,1827.62,1836.13,2023-02,0.00020155140105471148,1894.8350000000003,-1.0,-1,-1,1,1,0.0,0.00020155140105471148,1.006920718833459
2023-02-17,1836.37,1843.56,1818.88,1842.44,2023-02,0.0034365758415797476,1890.667,-1.0,-1,-1,1,1,0.0,0.0034365758415797476,1.0103810782501883
2023-02-20,1840.59,1847.43,1837.2,1841.13,2023-02,-0.0007110136558042823,1886.1830000000002,-1.0,-1,-1,1,1,0.0,-0.0007110136558042823,1.009662683505986
2023-02-21,1841.22,1843.8,1830.21,1834.8,2023-02,-0.00343810594580507,1881.0614999999998,-1.0,-1,-1,1,1,0.0,-0.00343810594580507,1.0061913562305667
2023-02-22,1834.16,1846.02,1823.53,1825.06,2023-02,-0.005308480488336653,1875.0265000000004,-1.0,-1,-1,1,1,0.0,-0.005308480488336653,1.0008500090484838
2023-02-23,1825.14,1833.72,1817.37,1822.05,2023-02,-0.0016492608462187475,1869.6755,-1.0,-1,-1,1,1,0.0,-0.0016492608462187475,0.9991993463156225
2023-02-24,1821.43,1827.77,1808.91,1810.83,2023-02,-0.006157899069729189,1863.8805,-1.0,-1,-1,1,1,0.0,-0.006157899069729189,0.9930463775904714
2023-02-27,1810.17,1820.11,1806.66,1817.09,2023-02,0.0034569782917226455,1858.5809999999997,-1.0,-1,-1,1,1,0.0,0.0034569782917226455,0.9964793173604755
2023-02-28,1816.51,1831.11,1804.6,1826.65,2023-02,0.005261159326175546,1853.5009999999997,-1.0,-1,-1,1,1,0.0,0.005261159326175546,1.0017219538143476
2023-03-01,1826.63,1844.52,1822.99,1836.24,2023-03,0.00525004790189687,1847.8055,-1.0,-1,-1,1,1,0.0,0.00525004790189687,1.0069810420562546
2023-03-02,1836.5,1838.98,1829.94,1835.59,2023-03,-0.00035398422864119095,1843.9535,-1.0,-1,-1,1,1,0.0,-0.00035398422864119095,1.006624586648826
2023-03-03,1835.59,1856.52,1835.48,1856.26,2023-03,0.011260684575531643,1843.518,1.0,0,-1,1,1,0.0,0.011260684575531643,1.0179598686050533
2023-03-06,1855.08,1858.22,1845.08,1846.57,2023-03,-0.005220173898053071,1842.484,1.0,1,0,1,1,0.0,-0.005220173898053071,1.0126459410696957
2023-03-07,1846.53,1851.59,1812.69,1813.18,2023-03,-0.018082173976616045,1839.4805000000001,-1.0,0,0,1,1,0.0,-0.018082173976616045,0.9943351009865594
2023-03-08,1813.24,1824.2,1809.35,1813.63,2023-03,0.00024818275074722784,1836.399,-1.0,-1,0,1,1,0.0,0.00024818275074722784,0.9945818778070867
2023-03-09,1813.36,1835.57,1811.89,1830.74,2023-03,0.009434118315202022,1834.8584999999998,-1.0,-1,0,1,1,0.0,0.009434118315202022,1.0039648809164745
2023-03-10,1831.05,1870.08,1827.71,1867.04,2023-03,0.019828047674710803,1834.9419999999998,1.0,0,0,1,1,0.0,0.019828047674710803,1.0238715444390216
2023-03-13,1881.43,1914.53,1871.47,1913.59,2023-03,0.024932513497300413,1837.9479999999999,1.0,1,1,1,1,0.0,0.024932513497300413,1.0493992355402493
2023-03-14,1913.53,1914.06,1895.36,1903.73,2023-03,-0.005152618899555206,1840.4254999999998,1.0,1,1,1,1,0.0,-0.005152618899555206,1.0439920812060257
2023-03-15,1903.76,1937.29,1885.64,1918.24,2023-03,0.007621879153031141,1844.5495000000003,1.0,1,1,1,1,0.0,0.007621879153031141,1.0519492626856994
2023-03-16,1917.8,1933.42,1907.46,1919.22,2023-03,0.0005108849778963087,1848.7039999999997,1.0,1,1,1,1,0.0,0.0005108849778963087,1.0524866877615147
2023-03-17,1919.9,1988.88,1918.22,1988.88,2023-03,0.03629599524806948,1856.0260000000003,1.0,1,1,1,1,0.0,0.03629599524806948,1.090687739579163
2023-03-20,1984.4,2009.73,1965.88,1978.38,2023-03,-0.005279353203813231,1862.8884999999998,1.0,1,1,1,1,0.0,-0.005279353203813231,1.0849296137668558
2023-03-21,1978.6,1985.14,1935.35,1940.21,2023-03,-0.01929356342057642,1868.159,1.0,1,1,1,1,0.0,-0.01929356342057642,1.0639974554567835
2023-03-22,1939.2,1978.78,1934.24,1969.99,2023-03,0.015348853990031941,1875.4055,1.0,1,1,1,1,0.0,0.015348853990031941,1.0803285970463552
2023-03-23,1969.99,2003.3,1964.63,1993.44,2023-03,0.011903613723927453,1883.975,1.0,1,1,1,1,0.0,0.011903613723927453,1.0931884113605075
2023-03-24,1993.13,2002.87,1975.17,1978.43,2023-03,-0.007529697407496538,1892.355,1.0,1,1,1,1,0.0,-0.007529697407496538,1.084957033413581
2023-03-27,1978.94,1979.13,1943.99,1956.27,2023-03,-0.011200800634846853,1899.3140000000003,1.0,1,1,1,1,0.0,-0.011200800634846853,1.0728046459849405
2023-03-28,1956.41,1975.23,1949.12,1973.42,2023-03,0.008766683535503805,1906.6525000000001,1.0,1,1,1,1,0.0,0.008766683535503805,1.0822095848117086
2023-03-29,1973.36,1974.31,1958.66,1964.37,2023-03,-0.004585947238803789,1913.059,1.0,1,1,1,1,0.0,-0.004585947238803789,1.0772466287544344
2023-03-30,1963.8,1984.25,1955.34,1980.37,2023-03,0.008145105046401646,1920.298,1.0,1,1,1,1,0.0,0.008145105046401646,1.0860209157065213
2023-03-31,1979.87,1987.51,1966.84,1968.35,2023-03,-0.0060695728575973495,1925.9024999999997,1.0,1,1,1,1,0.0,-0.0060695728575973495,1.079429232633766
2023-04-03,1968.69,1990.44,1949.7,1983.77,2023-04,0.007833972616658746,1932.7625,1.0,1,1,1,1,0.0,0.007833972616658746,1.0878854516838399
2023-04-04,1983.86,2024.94,1976.93,2019.98,2023-04,0.018253124102088458,1943.1024999999997,1.0,1,1,1,1,0.0,0.018253124102088458,1.1077427598422815
2023-04-05,2019.95,2032.04,2009.97,2020.35,2023-04,0.00018317013039736985,1953.4385000000002,1.0,1,1,1,1,0.0,0.00018317013039736985,1.1079456652280486
2023-04-06,2020.09,2021.3,2000.84,2006.78,2023-04,-0.006716658004801146,1962.2405000000003,1.0,1,1,1,1,0.0,-0.006716658004801146,1.1005039731068098
2023-04-10,1992.95,2006.39,1981.62,1990.72,2023-04,-0.008002870269785411,1968.4245000000003,1.0,1,1,1,1,0.0,-0.008002870269785411,1.0916967825786525
2023-04-11,1990.88,2007.45,1988.77,2003.15,2023-04,0.006243972030220313,1972.9024999999997,1.0,1,1,1,1,0.0,0.006243972030220313,1.0985133067545552
2023-04-12,2003.07,2028.36,2001.36,2014.45,2023-04,0.005641115243491424,1978.4385000000002,1.0,1,1,1,1,0.0,0.005641115243491424,1.1047101469144665
2023-04-13,2014.36,2048.66,2013.58,2039.36,2023-04,0.01236565812008239,1984.4945,1.0,1,1,1,1,0.0,0.01236565812008239,1.1183706149129968
2023-04-14,2039.92,2047.37,1992.37,2003.91,2023-04,-0.01738290444060875,1988.729,1.0,1,1,1,1,0.0,-0.01738290444060875,1.0989300853847794
2023-04-17,1997.24,2015.01,1981.18,1994.99,2023-04,-0.004451297712971147,1989.0344999999998,1.0,1,1,1,1,0.0,-0.004451297712971147,1.094038420408991
2023-04-18,1994.86,2011.83,1991.26,2005.16,2023-04,0.005097769913633643,1990.3735000000001,1.0,1,1,1,1,0.0,0.005097769913633643,1.0996155765529112
2023-04-19,2004.61,2008.13,1969.19,1994.92,2023-04,-0.0051068243930658674,1993.109,1.0,1,1,1,1,0.0,-0.0051068243930658674,1.0940000329035755
2023-04-20,1994.32,2012.34,1990.42,2004.62,2023-04,0.00486235036993965,1994.8404999999998,1.0,1,1,1,1,0.0,0.00486235036993965,1.099319444368278
2023-04-21,2003.77,2005.51,1971.58,1982.65,2023-04,-0.010959683131965048,1994.3010000000002,-1.0,0,1,1,1,0.0,-0.010959683131965048,1.0872712515971938
2023-04-24,1980.93,1990.84,1974.07,1989.01,2023-04,0.003207827907093952,1994.83,-1.0,-1,0,1,1,0.0,0.003207827907093952,1.0907590306606483
2023-04-25,1988.67,2003.78,1976.1,1997.08,2023-04,0.004057294835118963,1996.8704999999998,1.0,0,0,1,1,0.0,0.004057294835118963,1.0951845616421072
2023-04-26,1996.8,2009.29,1983.35,1988.84,2023-04,-0.0041260239950327016,1997.6415000000002,-1.0,0,0,1,1,0.0,-0.0041260239950327016,1.0906658038617825
2023-04-27,1989.12,2003.2,1974.1,1987.54,2023-04,-0.0006536473522253949,1998.8,-1.0,-1,0,1,1,0.0,-0.0006536473522253949,1.0899528930469253
2023-04-28,1987.52,1994.92,1976.24,1989.74,2023-04,0.0011068959618423246,1999.2685000000001,-1.0,-1,0,1,1,0.0,0.0011068959618423246,1.0911593575028373
2023-05-01,1991.09,2005.97,1977.0,1982.3,2023-05,-0.0037391820036789536,1999.966,-1.0,-1,-1,1,1,0.0,-0.0037391820036789536,1.087079314070117
2023-05-02,1981.01,2019.32,1978.44,2016.49,2023-05,0.017247641628411525,2001.602,1.0,0,-1,1,1,0.0,0.017247641628411525,1.1058288685008577
2023-05-03,2016.32,2040.32,2008.15,2038.6,2023-05,0.01096459689857121,2002.5330000000001,1.0,1,-1,1,1,0.0,0.01096459689857121,1.1179538362827728
2023-05-04,2041.07,2078.0,2030.36,2050.01,2023-05,0.00559697831845396,2004.016,1.0,1,-1,1,1,0.0,0.00559697831845396,1.1242109996654799
2023-05-05,2048.88,2052.94,1999.45,2016.53,2023-05,-0.016331627650596925,2004.5035,1.0,1,-1,1,1,0.0,-0.016331627650596925,1.105850804218238
2023-05-08,2016.02,2029.32,2014.15,2021.09,2023-05,0.0022613102706132704,2006.0219999999997,1.0,1,0,1,1,0.0,0.0022613102706132704,1.1083514759995827
2023-05-09,2020.81,2037.59,2019.45,2034.33,2023-05,0.006550920542875316,2007.5810000000001,1.0,1,0,1,1,0.0,0.006550920542875316,1.1156121984524345
2023-05-10,2034.2,2048.13,2021.45,2030.04,2023-05,-0.002108802406689203,2008.3605,1.0,1,0,1,1,0.0,-0.002108802406689203,1.1132595927634061
2023-05-11,2030.03,2041.2,2011.1,2014.73,2023-05,-0.007541723315796722,2007.1289999999997,1.0,1,0,1,1,0.0,-0.007541723315796722,1.104863696936128
2023-05-12,2015.07,2022.51,2000.85,2010.74,2023-05,-0.0019804142490557064,2007.4705000000001,1.0,1,0,1,1,0.0,-0.0019804142490557064,1.1026756091274514
2023-05-15,2007.63,2022.14,2007.07,2016.18,2023-05,0.0027054716174144122,2008.5300000000002,1.0,1,1,1,1,0.0,0.0027054716174144122,1.1056588666911609
2023-05-16,2015.69,2018.31,1985.45,1988.98,2023-05,-0.013490858951085705,2007.721,-1.0,0,1,1,1,0.0,-0.013490858951085705,1.090742578872613
2023-05-17,1988.86,1993.03,1975.03,1981.6,2023-05,-0.003710444549467673,2007.0549999999998,-1.0,-1,1,1,1,0.0,-0.003710444549467673,1.0866954390159629
2023-05-18,1980.97,1985.93,1951.92,1957.22,2023-05,-0.012303189341945853,2004.685,-1.0,-1,1,1,1,0.0,-0.012303189341945853,1.0733256192727205
2023-05-19,1957.21,1984.13,1953.95,1977.66,2023-05,0.010443383983405052,2004.4355,-1.0,-1,1,1,1,0.0,0.010443383983405052,1.0845347708540116
2023-05-22,1977.49,1982.56,1968.82,1971.66,2023-05,-0.0030338885349352473,2003.568,-1.0,-1,0,1,1,0.0,-0.0030338885349352473,1.081244413246979
2023-05-23,1971.53,1977.66,1954.2,1974.87,2023-05,0.001628069748333738,2002.4575,-1.0,-1,0,1,1,0.0,0.001628069748333738,1.0830047545667412
2023-05-24,1974.59,1985.17,1956.71,1957.09,2023-05,-0.009003124256280137,2000.8699999999997,-1.0,-1,0,1,1,0.0,-0.009003124256280137,1.0732543281912346
2023-05-25,1956.92,1964.69,1938.8,1940.77,2023-05,-0.008338911342861022,1998.5315000000003,-1.0,-1,0,1,1,0.0,-0.008338911342861022,1.064304555500106
2023-05-26,1940.16,1957.25,1936.66,1946.23,2023-05,0.0028133163641235193,1996.3559999999998,-1.0,-1,0,1,1,0.0,0.0028133163641235193,1.0672987809225056
2023-05-29,1942.61,1949.7,1940.24,1942.93,2023-05,-0.0016955858249024791,1994.3875,-1.0,-1,-1,1,1,0.0,-0.0016955858249024791,1.0654890842386378
2023-05-30,1943.02,1963.51,1931.99,1959.17,2023-05,0.008358510085283655,1991.5215,-1.0,-1,-1,1,1,0.0,0.008358510085283655,1.0743949854950061
2023-05-31,1958.95,1974.75,1953.65,1962.48,2023-05,0.001689490957905715,1987.7154999999998,-1.0,-1,-1,1,1,0.0,0.001689490957905715,1.076210166108219
2023-06-01,1962.27,1983.07,1953.3,1977.44,2023-06,0.007623007623007716,1984.087,-1.0,-1,-1,1,1,0.0,0.007623007623007716,1.0844141244084204
2023-06-02,1976.72,1983.38,1947.43,1948.08,2023-06,-0.014847479569544575,1980.6645,-1.0,-1,-1,1,1,0.0,-0.014847479569544575,1.068313307851341
2023-06-05,1947.04,1964.0,1938.06,1961.68,2023-06,0.006981232803580983,1977.6940000000002,-1.0,-1,-1,1,1,0.0,0.006981232803580983,1.0757714517606147
2023-06-06,1961.51,1966.39,1954.32,1963.09,2023-06,0.0007187716651033682,1974.132,-1.0,-1,-1,1,1,0.0,0.0007187716651033682,1.0765446857982675
2023-06-07,1963.12,1970.19,1939.66,1939.84,2023-06,-0.011843573142341968,1969.622,-1.0,-1,-1,1,1,0.0,-0.011843573142341968,1.0637945500710162
2023-06-08,1940.19,1970.46,1939.51,1965.24,2023-06,0.013093863411415496,1967.1475000000003,-1.0,-1,-1,1,1,0.0,0.013093863411415496,1.0777237306074543
2023-06-09,1965.51,1972.92,1956.62,1960.73,2023-06,-0.002294885103091726,1964.6469999999997,-1.0,-1,-1,1,1,0.0,-0.002294885103091726,1.0752504784728347
2023-06-12,1959.78,1966.92,1949.17,1957.42,2023-06,-0.0016881467616652879,1961.709,-1.0,-1,0,1,1,0.0,-0.0016881467616652879,1.0734352978596218
2023-06-13,1956.85,1970.73,1940.01,1943.68,2023-06,-0.007019443961949867,1959.4440000000002,-1.0,-1,0,1,1,0.0,-0.007019443961949867,1.0659003789395172
2023-06-14,1942.71,1960.11,1939.58,1941.79,2023-06,-0.000972382285149842,1957.4535000000003,-1.0,-1,0,1,1,0.0,-0.000972382285149842,1.0648639162933018
2023-06-15,1941.41,1960.26,1924.58,1957.85,2023-06,0.008270719284783512,1957.4850000000001,1.0,0,0,1,1,0.0,0.008270719284783512,1.0736711068214588
2023-06-16,1957.59,1967.86,1953.18,1957.53,2023-06,-0.0001634445948361929,1956.4785,1.0,1,0,1,1,0.0,-0.0001634445948361929,1.0734956210824171
2023-06-19,1957.51,1958.74,1947.81,1950.32,2023-06,-0.003683213028663701,1955.4115000000002,-1.0,0,1,1,1,0.0,-0.003683213028663701,1.069541708024633
2023-06-20,1950.56,1956.74,1929.78,1936.05,2023-06,-0.0073167480208375935,1953.4705,-1.0,-1,1,1,1,0.0,-0.0073167480208375935,1.0617161408492406
2023-06-21,1935.33,1939.46,1919.16,1932.55,2023-06,-0.0018078045505023344,1952.2435,-1.0,-1,1,1,1,0.0,-0.0018078045505023344,1.0597967655784715
2023-06-22,1931.8,1934.91,1912.38,1913.82,2023-06,-0.009691857907945467,1950.896,-1.0,-1,1,1,1,0.0,-0.009691857907945467,1.0495253659151846
2023-06-23,1913.47,1937.25,1910.14,1920.76,2023-06,0.0036262553427177657,1949.6225000000002,-1.0,-1,1,1,1,0.0,0.0036262553427177657,1.0533312128806525
2023-06-26,1925.04,1933.32,1921.47,1922.94,2023-06,0.0011349674087339778,1948.6230000000003,-1.0,-1,0,1,1,0.0,0.0011349674087339778,1.0545267094778743
2023-06-27,1923.17,1930.66,1911.04,1913.45,2023-06,-0.0049351513827784466,1946.337,-1.0,-1,0,1,1,0.0,-0.0049351513827784466,1.0493224605294178
2023-06-28,1913.4,1917.18,1902.8,1907.21,2023-06,-0.003261125192714709,1943.5735,-1.0,-1,0,1,1,0.0,-0.003261125192714709,1.045900488618104
2023-06-29,1907.59,1913.02,1892.94,1907.91,2023-06,0.0003670282769070443,1940.0970000000002,-1.0,-1,0,1,1,0.0,0.0003670282769070443,1.0462843636722579
2023-06-30,1908.05,1922.73,1900.46,1919.42,2023-06,0.0060327793239722816,1938.664,-1.0,-1,0,1,1,0.0,0.0060327793239722816,1.0525963663484152
2023-07-03,1918.63,1931.01,1910.06,1921.28,2023-07,0.0009690427316584316,1936.6439999999998,-1.0,-1,-1,1,1,0.0,0.0009690427316584316,1.0536163772065952
2023-07-04,1921.11,1930.71,1919.85,1925.7,2023-07,0.002300549633577731,1934.7745,-1.0,-1,-1,1,1,0.0,0.002300549633577731,1.0560402739771093
2023-07-05,1925.56,1935.03,1914.74,1915.11,2023-07,-0.005499298956223808,1933.5379999999998,-1.0,-1,-1,1,1,0.0,-0.005499298956223808,1.0502327928006967
2023-07-06,1914.81,1927.64,1902.64,1910.77,2023-07,-0.0022661883651591275,1930.8145,-1.0,-1,-1,1,1,0.0,-0.0022661883651591275,1.0478527674649432
2023-07-07,1910.72,1934.79,1909.51,1925.35,2023-07,0.007630431710776264,1929.0455000000002,-1.0,-1,-1,1,1,0.0,0.007630431710776264,1.0558483364500324
2023-07-10,1924.48,1928.15,1912.64,1925.17,2023-07,-9.348949541632123e-05,1927.4329999999998,-1.0,-1,-1,1,1,0.0,-9.348949541632123e-05,1.0557496257218215
2023-07-11,1924.77,1938.41,1924.25,1931.95,2023-07,0.0035217669088962733,1926.8465,1.0,0,-1,1,1,0.0,0.0035217669088962733,1.0594677298177682
2023-07-12,1932.15,1959.64,1932.11,1957.02,2023-07,0.012976526307616698,1927.6079999999997,1.0,1,-1,1,1,0.0,0.012976526307616698,1.0732159406858193
2023-07-13,1956.25,1963.51,1952.37,1960.24,2023-07,0.0016453587597469177,1927.7274999999997,1.0,1,-1,1,1,0.0,0.0016453587597469177,1.0749817659349268
2023-07-14,1959.96,1963.74,1950.89,1955.24,2023-07,-0.0025507080765621026,1927.613,1.0,1,-1,1,1,0.0,-0.0025507080765621026,1.0722398012623995
2023-07-17,1955.15,1959.81,1945.69,1954.88,2023-07,-0.00018412061946349034,1927.841,1.0,1,0,1,1,0.0,-0.00018412061946349034,1.0720423798059777
2023-07-18,1954.35,1984.35,1954.35,1978.57,2023-07,0.012118390898673947,1929.967,1.0,1,0,1,1,0.0,0.012118390898673947,1.0850338084244113
2023-07-19,1978.48,1980.89,1969.76,1976.59,2023-07,-0.0010007227442041522,1932.1689999999999,1.0,1,0,1,1,0.0,-0.0010007227442041522,1.0839479904140905
2023-07-20,1976.31,1987.44,1965.28,1969.35,2023-07,-0.0036628739394614085,1934.9455000000003,1.0,1,0,1,1,0.0,-0.0036628739394614085,1.0799776255682711
2023-07-21,1969.68,1973.77,1956.74,1961.73,2023-07,-0.003869296976159564,1936.994,1.0,1,0,1,1,0.0,-0.003869296976159564,1.0757988714073399
2023-07-24,1961.43,1967.83,1953.43,1954.51,2023-07,-0.0036804249310558035,1938.5725000000002,1.0,1,1,1,1,0.0,-0.0036804249310558035,1.0718394744202107
2023-07-25,1954.66,1965.64,1951.58,1964.7,2023-07,0.005213582944062711,1941.1349999999998,1.0,1,1,1,1,0.0,0.005213582944062711,1.077427598422821
2023-07-26,1964.49,1978.29,1961.98,1971.56,2023-07,0.0034916272204408294,1944.3525000000002,1.0,1,1,1,1,0.0,0.0034916272204408294,1.0811895739535282
2023-07-27,1971.32,1982.19,1942.55,1945.43,2023-07,-0.013253464261802739,1946.2285,-1.0,0,1,1,1,0.0,-0.013253464261802739,1.0668600665749015
2023-07-28,1945.95,1963.53,1945.36,1959.14,2023-07,0.007047285176027929,1948.2145,1.0,0,1,1,1,0.0,0.007047285176027929,1.074378533706971
2023-07-31,1958.59,1972.38,1951.08,1965.09,2023-07,0.003037046867502946,1950.405,1.0,1,1,1,1,0.0,0.003037046867502946,1.077641471667278
2023-08-01,1965.38,1965.99,1941.24,1944.21,2023-08,-0.01062546753583804,1951.3305,-1.0,0,1,-1,0,1.0,-0.011625467535838041,1.0651133857231374
2023-08-02,1948.31,1954.69,1932.9,1934.52,2023-08,-0.004984029502985821,1952.3010000000002,-1.0,-1,1,-1,0,0.0,-0.0,1.0651133857231374
2023-08-03,1934.03,1938.94,1929.42,1933.83,2023-08,-0.00035667762545754655,1953.4539999999997,-1.0,-1,1,-1,0,0.0,-0.0,1.0651133857231374
2023-08-04,1933.65,1946.79,1926.73,1942.65,2023-08,0.004560897286731702,1954.319,-1.0,-1,1,-1,0,0.0,0.0,1.0651133857231374
2023-08-07,1941.83,1946.67,1931.47,1936.35,2023-08,-0.0032429928190874646,1954.878,-1.0,-1,0,-1,0,0.0,-0.0,1.0651133857231374
2023-08-08,1935.93,1938.0,1922.72,1924.91,2023-08,-0.005908022826451753,1954.5259999999998,-1.0,-1,0,-1,0,0.0,-0.0,1.0651133857231374
2023-08-09,1924.54,1932.32,1913.99,1914.13,2023-08,-0.005600261830423281,1952.3815,-1.0,-1,0,-1,0,0.0,-0.0,1.0651133857231374
2023-08-10,1914.73,1930.04,1912.08,1912.49,2023-08,-0.0008567861117061426,1949.9940000000001,-1.0,-1,0,-1,0,0.0,-0.0,1.0651133857231374
2023-08-11,1912.44,1920.91,1910.74,1913.56,2023-08,0.0005594800495689611,1947.9099999999999,-1.0,-1,0,-1,0,0.0,0.0,1.0651133857231374
2023-08-14,1912.23,1916.18,1902.68,1907.06,2023-08,-0.0033968101339910683,1945.5189999999998,-1.0,-1,-1,-1,0,0.0,-0.0,1.0651133857231374
2023-08-15,1907.1,1911.54,1896.1,1901.71,2023-08,-0.0028053653267332557,1941.676,-1.0,-1,-1,-1,0,0.0,-0.0,1.0651133857231374
2023-08-16,1901.15,1907.14,1891.34,1891.46,2023-08,-0.00538988594475498,1937.4195000000004,-1.0,-1,-1,-1,0,0.0,-0.0,1.0651133857231374
2023-08-17,1891.71,1903.38,1884.93,1889.26,2023-08,-0.0011631226671460215,1933.4149999999997,-1.0,-1,-1,-1,0,0.0,-0.0,1.0651133857231374
2023-08-18,1889.05,1896.72,1886.75,1889.25,2023-08,-5.293077712908989e-06,1929.791,-1.0,-1,-1,-1,0,0.0,-0.0,1.0651133857231374
2023-08-21,1888.79,1898.7,1884.83,1894.83,2023-08,0.0029535529972211094,1926.807,-1.0,-1,-1,-1,0,0.0,0.0,1.0651133857231374
2023-08-22,1894.35,1904.46,1889.08,1897.37,2023-08,0.0013404896481479245,1923.4405000000002,-1.0,-1,-1,-1,0,0.0,0.0,1.0651133857231374
2023-08-23,1897.24,1920.29,1897.18,1915.21,2023-08,0.009402488708053935,1920.623,-1.0,-1,-1,-1,0,0.0,0.0,1.0651133857231374
2023-08-24,1915.17,1923.3,1911.75,1916.64,2023-08,0.0007466544138763354,1919.1834999999999,-1.0,-1,-1,-1,0,0.0,0.0,1.0651133857231374
2023-08-25,1916.75,1922.3,1903.74,1914.45,2023-08,-0.001142624593037822,1916.9489999999998,-1.0,-1,-1,-1,0,0.0,-0.0,1.0651133857231374
2023-08-28,1914.94,1926.0,1912.75,1920.13,2023-08,0.002966909556269437,1914.7010000000002,1.0,0,-1,-1,0,0.0,0.0,1.0651133857231374
2023-08-29,1919.54,1938.13,1914.39,1937.37,2023-08,0.008978558743418352,1914.359,1.0,1,-1,-1,0,0.0,0.0,1.0651133857231374
2023-08-30,1937.31,1949.08,1934.95,1942.31,2023-08,0.0025498485059642917,1914.7485000000001,1.0,1,-1,-1,0,0.0,0.0,1.0651133857231374
2023-08-31,1942.28,1947.82,1938.94,1940.05,2023-08,-0.0011635629739845665,1915.0595,1.0,1,-1,-1,0,0.0,-0.0,1.0651133857231374
2023-09-01,1939.86,1952.86,1934.43,1940.11,2023-09,3.0927037962813486e-05,1914.9325000000001,1.0,1,-1,-1,0,0.0,0.0,1.0651133857231374
2023-09-04,1940.11,1946.36,1936.79,1938.34,2023-09,-0.0009123194045698169,1915.0320000000004,1.0,1,0,-1,0,0.0,-0.0,1.0651133857231374
2023-09-05,1938.3,1938.97,1925.29,1925.78,2023-09,-0.006479771350743402,1915.0755000000001,1.0,1,0,-1,0,0.0,-0.0,1.0651133857231374
2023-09-06,1925.8,1929.2,1915.26,1916.37,2023-09,-0.004886331772061214,1915.1875,1.0,1,0,-1,0,0.0,-0.0,1.0651133857231374
2023-09-07,1916.4,1923.58,1916.17,1919.54,2023-09,0.001654169080083756,1915.5399999999997,1.0,1,0,-1,0,0.0,0.0,1.0651133857231374
2023-09-08,1919.26,1929.71,1917.31,1918.91,2023-09,-0.0003282036321201609,1915.8075000000001,1.0,1,0,-1,0,0.0,-0.0,1.0651133857231374
2023-09-11,1919.67,1930.58,1916.68,1922.2,2023-09,0.001714515011126183,1916.5645,1.0,1,1,-1,0,0.0,0.0,1.0651133857231374
2023-09-12,1922.59,1924.44,1907.53,1913.4,2023-09,-0.0045780876079491994,1917.1490000000001,-1.0,0,1,-1,0,0.0,-0.0,1.0651133857231374
2023-09-13,1912.66,1915.74,1905.56,1908.01,2023-09,-0.002816975018292145,1917.9765,-1.0,-1,1,-1,0,0.0,-0.0,1.0651133857231374
2023-09-14,1908.49,1912.84,1900.96,1910.53,2023-09,0.0013207477948229407,1919.0400000000002,-1.0,-1,1,-1,0,0.0,0.0,1.0651133857231374
2023-09-15,1910.64,1930.43,1909.75,1923.55,2023-09,0.006814862891449058,1920.7549999999999,1.0,0,1,-1,0,0.0,0.0,1.0651133857231374
2023-09-18,1923.71,1934.2,1922.46,1933.67,2023-09,0.005261105767981222,1922.6970000000001,1.0,1,0,-1,0,0.0,0.0,1.0651133857231374
2023-09-19,1933.29,1937.38,1929.7,1931.11,2023-09,-0.0013239073885410457,1924.384,1.0,1,0,-1,0,0.0,-0.0,1.0651133857231374
2023-09-20,1931.53,1947.4,1927.86,1930.13,2023-09,-0.0005074801539010076,1925.1299999999999,1.0,1,0,-1,0,0.0,-0.0,1.0651133857231374
2023-09-21,1930.65,1931.55,1913.88,1919.78,2023-09,-0.00536233310709644,1925.2869999999998,-1.0,0,0,-1,0,0.0,-0.0,1.0651133857231374
2023-09-22,1919.69,1929.01,1919.39,1925.21,2023-09,0.002828449093125185,1925.825,-1.0,-1,0,-1,0,0.0,0.0,1.0651133857231374
2023-09-25,1924.5,1927.22,1914.7,1915.08,2023-09,-0.005261763651757567,1925.5724999999998,-1.0,-1,-1,-1,0,0.0,-0.0,1.0651133857231374
2023-09-26,1915.6,1916.77,1899.14,1900.25,2023-09,-0.007743801825511154,1923.7165,-1.0,-1,-1,-1,0,0.0,-0.0,1.0651133857231374
2023-09-27,1900.08,1904.09,1872.52,1874.64,2023-09,-0.013477174056045205,1920.3329999999999,-1.0,-1,-1,-1,0,0.0,-0.0,1.0651133857231374
2023-09-28,1875.61,1879.61,1857.63,1864.14,2023-09,-0.005601075406478029,1916.5375,-1.0,-1,-1,-1,0,0.0,-0.0,1.0651133857231374
2023-09-29,1864.86,1879.81,1846.3,1848.37,2023-09,-0.008459665046616771,1911.9505000000001,-1.0,-1,-1,-1,0,0.0,-0.0,1.0651133857231374
2023-10-02,1847.66,1848.86,1827.14,1827.61,2023-10,-0.011231517499202037,1906.414,-1.0,-1,-1,-1,0,0.0,-0.0,1.0651133857231374
2023-10-03,1828.36,1833.32,1815.17,1822.59,2023-10,-0.0027467566931675957,1901.2544999999998,-1.0,-1,-1,-1,0,0.0,-0.0,1.0651133857231374
2023-10-04,1821.95,1830.54,1816.58,1820.82,2023-10,-0.0009711454578374967,1896.477,-1.0,-1,-1,-1,0,0.0,-0.0,1.0651133857231374
2023-10-05,1821.34,1829.18,1813.01,1819.78,2023-10,-0.0005711712305445094,1891.489,-1.0,-1,-1,-1,0,0.0,-0.0,1.0651133857231374
2023-10-06,1819.75,1834.84,1810.41,1832.76,2023-10,0.007132730330039916,1887.1815,-1.0,-1,-1,-1,0,0.0,0.0,1.0651133857231374
2023-10-09,1845.8,1863.41,1844.11,1860.84,2023-10,0.015321154979375251,1884.1135000000002,-1.0,-1,-1,-1,0,0.0,0.0,1.0651133857231374
2023-10-10,1861.07,1865.4,1852.93,1859.85,2023-10,-0.0005320177984136087,1881.4360000000001,-1.0,-1,-1,-1,0,0.0,-0.0,1.0651133857231374
2023-10-11,1859.23,1877.18,1858.57,1873.74,2023-10,0.007468344221308154,1879.7224999999999,-1.0,-1,-1,-1,0,0.0,0.0,1.0651133857231374
2023-10-12,1874.43,1885.04,1867.87,1868.49,2023-10,-0.0028018828652854877,1877.6204999999998,-1.0,-1,-1,-1,0,0.0,-0.0,1.0651133857231374
2023-10-13,1867.71,1932.82,1867.71,1932.61,2023-10,0.0343164801524225,1878.0735,1.0,0,-1,-1,0,0.0,0.0,1.0651133857231374
2023-10-16,1926.92,1928.74,1908.12,1919.78,2023-10,-0.006638690682548409,1877.3789999999997,1.0,1,0,-1,0,0.0,-0.0,1.0651133857231374
2023-10-17,1919.6,1931.51,1912.32,1922.83,2023-10,0.001588723707924844,1876.9649999999997,1.0,1,0,-1,0,0.0,0.0,1.0651133857231374
2023-10-18,1923.12,1962.55,1922.99,1947.35,2023-10,0.012752037361597246,1877.8259999999998,1.0,1,0,-1,0,0.0,0.0,1.0651133857231374
2023-10-19,1946.75,1977.68,1945.18,1974.13,2023-10,0.013752021978586493,1880.5435000000002,1.0,1,0,-1,0,0.0,0.0,1.0651133857231374
2023-10-20,1973.96,1997.11,1971.95,1981.38,2023-10,0.0036725038371332452,1883.352,1.0,1,0,-1,0,0.0,0.0,1.0651133857231374
2023-10-23,1965.36,1982.78,1964.29,1972.63,2023-10,-0.004416114021540518,1886.2295,1.0,1,1,-1,0,0.0,-0.0,1.0651133857231374
2023-10-24,1972.55,1980.79,1953.4,1970.57,2023-10,-0.0010442911240324815,1889.7454999999998,1.0,1,1,-1,0,0.0,-0.0,1.0651133857231374
2023-10-25,1970.91,1987.19,1962.94,1979.15,2023-10,0.0043540701421416195,1894.971,1.0,1,1,-1,0,0.0,0.0,1.0651133857231374
2023-10-26,1980.37,1993.41,1971.79,1984.24,2023-10,0.002571811131041102,1900.976,1.0,1,1,-1,0,0.0,0.0,1.0651133857231374
2023-10-27,1983.92,2009.33,1976.79,2005.76,2023-10,0.010845462242470738,1908.8455,1.0,1,1,-1,0,0.0,0.0,1.0651133857231374
2023-10-30,2002.63,2006.71,1990.93,1993.61,2023-10,-0.006057554243777963,1917.1454999999999,1.0,1,1,-1,0,0.0,-0.0,1.0651133857231374
2023-10-31,1995.16,2007.86,1978.83,1983.29,2023-10,-0.005176539042239914,1925.1805,1.0,1,1,-1,0,0.0,-0.0,1.0651133857231374
2023-11-01,1983.09,1992.01,1969.76,1981.69,2023-11,-0.0008067403153345643,1933.2240000000002,1.0,1,1,-1,0,0.0,-0.0,1.0651133857231374
2023-11-02,1981.26,1990.95,1978.75,1985.08,2023-11,0.0017106611023922635,1941.489,1.0,1,1,-1,0,0.0,0.0,1.0651133857231374
2023-11-03,1985.09,2004.04,1983.2,1992.15,2023-11,0.0035615693070305543,1949.4585,1.0,1,1,-1,0,0.0,0.0,1.0651133857231374
2023-11-06,1991.04,1993.07,1977.24,1977.31,2023-11,-0.007449238260171298,1955.282,1.0,1,1,-1,0,0.0,-0.0,1.0651133857231374
2023-11-07,1977.28,1978.27,1956.64,1968.58,2023-11,-0.004415089186824539,1960.7184999999997,1.0,1,1,-1,0,0.0,-0.0,1.0651133857231374
2023-11-08,1968.08,1970.96,1947.41,1949.6,2023-11,-0.00964146745369765,1964.5115,-1.0,0,1,-1,0,0.0,-0.0,1.0651133857231374
2023-11-09,1949.54,1965.53,1944.69,1956.89,2023-11,0.003739228559704655,1968.9315000000001,-1.0,-1,1,-1,0,0.0,0.0,1.0651133857231374
2023-11-10,1958.07,1960.71,1932.98,1937.69,2023-11,-0.009811486593523377,1969.1855,-1.0,-1,1,-1,0,0.0,-0.0,1.0651133857231374
2023-11-13,1938.27,1949.15,1931.67,1945.6,2023-11,0.0040821803281225755,1970.4765,-1.0,-1,0,-1,0,0.0,0.0,1.0651133857231374
2023-11-14,1946.01,1970.84,1943.69,1961.47,2023-11,0.008156866776315885,1972.4085,-1.0,-1,0,-1,0,0.0,0.0,1.0651133857231374
2023-11-15,1962.38,1975.29,1955.4,1957.24,2023-11,-0.0021565458559141826,1972.9030000000002,-1.0,-1,0,-1,0,0.0,-0.0,1.0651133857231374
2023-11-16,1957.57,1987.92,1956.42,1979.6,2023-11,0.011424250475158937,1973.1765,1.0,0,0,-1,0,0.0,0.0,1.0651133857231374
2023-11-17,1980.46,1993.41,1978.55,1980.36,2023-11,0.00038391594261466544,1973.1255,1.0,1,0,-1,0,0.0,0.0,1.0651133857231374
2023-11-20,1978.12,1985.14,1965.41,1977.56,2023-11,-0.0014138843442605964,1973.372,1.0,1,0,-1,0,0.0,-0.0,1.0651133857231374
2023-11-21,1977.05,2007.47,1977.05,1997.97,2023-11,0.010320799368919387,1974.7420000000002,1.0,1,0,-1,0,0.0,0.0,1.0651133857231374
2023-11-22,1997.86,2006.4,1986.87,1989.12,2023-11,-0.004429495938377492,1975.2404999999999,1.0,1,0,-1,0,0.0,-0.0,1.0651133857231374
2023-11-23,1989.03,1998.46,1988.6,1992.33,2023-11,0.0016137789575290107,1975.6449999999998,1.0,1,0,-1,0,0.0,0.0,1.0651133857231374
2023-11-24,1992.71,2003.57,1991.4,2002.12,2023-11,0.004913844594018002,1975.4630000000002,1.0,1,0,-1,0,0.0,0.0,1.0651133857231374
2023-11-27,2001.91,2018.05,2000.44,2013.63,2023-11,0.005748906159471101,1976.464,1.0,1,1,-1,0,0.0,0.0,1.0651133857231374
2023-11-28,2013.7,2042.91,2011.65,2040.7,2023-11,0.01344338334252071,1979.3345000000002,1.0,1,1,-1,0,0.0,0.0,1.0651133857231374
2023-11-29,2040.84,2051.9,2035.27,2043.81,2023-11,0.0015239868672514145,1982.4405,1.0,1,1,-1,0,0.0,0.0,1.0651133857231374
2023-11-30,2044.56,2047.14,2030.94,2035.82,2023-11,-0.003909365351965177,1984.9775000000002,1.0,1,1,-1,0,0.0,-0.0,1.0651133857231374
2023-12-01,2036.61,2075.26,2033.81,2071.91,2023-12,0.0177275004666424,1988.9654999999998,1.0,1,1,1,1,1.0,-0.001,1.0640482723374143
2023-12-04,2072.88,2143.81,2020.06,2029.01,2023-12,-0.020705532576221874,1991.5504999999998,1.0,1,1,1,1,0.0,-0.020705532576221874,1.0420165861718593
2023-12-05,2029.21,2041.14,2009.87,2019.03,2023-12,-0.004918654910522902,1994.0729999999999,1.0,1,1,1,1,0.0,-0.004918654910522902,1.0368912661734389
2023-12-06,2018.99,2035.76,2017.2,2024.97,2023-12,0.002942006805248143,1997.8414999999998,1.0,1,1,1,1,0.0,0.002942006805248143,1.0399418073348234
2023-12-07,2025.83,2039.86,2020.18,2028.1,2023-12,0.0015457019116331683,2001.4019999999996,1.0,1,1,1,1,0.0,0.0015457019116331683,1.0415492473744081
2023-12-08,2028.37,2033.9,1994.61,2004.33,2023-12,-0.011720329372318927,2004.734,-1.0,0,1,1,1,0.0,-0.011720329372318927,1.0293419471376892
2023-12-11,2003.7,2007.75,1975.83,1981.76,2023-12,-0.011260620756063044,2006.5420000000001,-1.0,-1,0,1,1,0.0,-0.011260620756063044,1.0177509178426642
2023-12-12,1981.91,1996.61,1977.17,1979.24,2023-12,-0.0012715969643145586,2007.4305,-1.0,-1,0,1,1,0.0,-0.0012715969643145586,1.016456748865107
2023-12-13,1979.38,2027.62,1972.99,2027.48,2023-12,0.02437299165336193,2010.9424999999999,1.0,0,0,1,1,0.0,0.02437299165336193,1.0412308407211996
2023-12-14,2028.84,2047.86,2024.03,2035.9,2023-12,0.004152938623315672,2013.7575000000002,1.0,1,0,1,1,0.0,0.004152938623315672,1.0455550084954182
2023-12-15,2036.08,2044.87,2015.57,2019.38,2023-12,-0.008114347463038407,2015.7085,1.0,1,0,1,1,0.0,-0.008114347463038407,1.0370710118647664
2023-12-18,2019.07,2033.6,2015.94,2027.07,2023-12,0.003808099515692831,2018.184,1.0,1,-1,1,1,0.0,0.003808099515692831,1.0410202814827876
2023-12-19,2026.05,2046.95,2021.63,2039.87,2023-12,0.006314532798571415,2020.279,1.0,1,-1,1,1,0.0,0.006314532798571415,1.0475938381941887
2023-12-20,2039.71,2043.43,2027.43,2029.65,2023-12,-0.005010123194124971,2022.3055,1.0,1,-1,1,1,0.0,-0.005010123194124971,1.0423452640074296
2023-12-21,2031.16,2045.95,2031.16,2045.34,2023-12,0.007730396866454825,2024.9560000000001,1.0,1,-1,1,1,0.0,0.007730396866454825,1.0504030065700767
2023-12-22,2047.56,2070.6,2046.72,2052.48,2023-12,0.0034908621549474272,2027.4739999999997,1.0,1,-1,1,1,0.0,0.0034908621549474272,1.0540698186731552
2023-12-26,2053.79,2068.97,2053.36,2067.68,2023-12,0.007405675085749852,2030.1765,1.0,1,0,1,1,0.0,0.007405675085749852,1.061875917267944
2023-12-27,2067.93,2084.39,2061.42,2077.54,2023-12,0.004768629575176098,2032.0184999999997,1.0,1,0,1,1,0.0,0.004768629575176098,1.066939610172195
2023-12-28,2077.89,2088.37,2064.6,2065.08,2023-12,-0.005997477786227945,2033.0819999999999,1.0,1,0,1,1,0.0,-0.005997477786227945,1.0605406635609407
2023-12-29,2065.94,2074.72,2058.24,2062.7,2023-12,-0.0011524977240591205,2034.426,1.0,1,0,1,1,0.0,-0.0011524977240591205,1.0593183928599146
