target,origin,actual_dir,dir3,flat,real10,usd,ry1,ry3,usd1,usd3,alarm_frozen,pred_frozen
2010-01-01,2009-12-01,-1.0,1.0,False,1.48,92.9124,0.3500000000000001,-0.08000000000000007,0.01686189487554679,-0.0029863494962479864,True,-1.0
2010-02-01,2010-01-01,-1.0,1.0,False,1.3,93.7638,-0.17999999999999994,-0.10999999999999988,0.009163470107326877,0.01234173354336554,True,-1.0
2010-03-01,2010-02-01,1.0,-1.0,False,1.48,93.6602,0.17999999999999994,0.3500000000000001,-0.0011049040247942399,0.025046048174653723,False,-1.0
2010-04-01,2010-03-01,1.0,-1.0,False,1.6,92.8987,0.1200000000000001,0.1200000000000001,-0.008130454558072708,-0.00014745071701949275,False,-1.0
2010-05-01,2010-04-01,1.0,1.0,False,1.29,92.8423,-0.31000000000000005,-0.010000000000000009,-0.0006071129090075011,-0.00982788666841583,False,1.0
2010-06-01,2010-05-01,1.0,1.0,False,1.32,96.3062,0.030000000000000027,-0.15999999999999992,0.037309502241973824,0.028251060749389767,True,-1.0
2010-07-01,2010-06-01,-1.0,1.0,False,1.15,95.9934,-0.17000000000000015,-0.4500000000000002,-0.0032479736507100565,0.03331262977845739,False,1.0
2010-08-01,2010-07-01,1.0,1.0,False,1.14,93.2793,-0.010000000000000009,-0.15000000000000013,-0.028273818825044095,0.004706906227010865,False,1.0
2010-09-01,2010-08-01,1.0,1.0,False,0.95,94.7204,-0.18999999999999995,-0.3700000000000001,0.015449301184721431,-0.016466229588541603,True,-1.0
2010-10-01,2010-09-01,1.0,1.0,False,0.75,91.3415,-0.19999999999999996,-0.3999999999999999,-0.035672357802543075,-0.04846062333452095,False,1.0
2010-11-01,2010-10-01,1.0,1.0,False,0.5,90.0935,-0.25,-0.6399999999999999,-0.013663011883973786,-0.034153343775092604,False,1.0
2010-12-01,2010-11-01,1.0,1.0,False,0.74,92.1494,0.24,-0.20999999999999996,0.0228196262771454,-0.02714304415944191,True,-1.0
2011-01-01,2010-12-01,-1.0,1.0,False,1.0,90.5146,0.26,0.25,-0.017740755772690853,-0.009052840165751586,True,-1.0
2011-02-01,2011-01-01,1.0,1.0,False,1.08,89.694,0.08000000000000007,0.5800000000000001,-0.00906594074326128,-0.0044342821624201445,False,1.0
2011-03-01,2011-02-01,1.0,1.0,False,1.03,88.9391,-0.050000000000000044,0.29000000000000004,-0.008416393515731313,-0.034837991348831365,False,1.0
2011-04-01,2011-03-01,1.0,1.0,False,0.99,88.0299,-0.040000000000000036,-0.010000000000000009,-0.010222725437968205,-0.02745082008869293,False,1.0
2011-05-01,2011-04-01,1.0,1.0,False,0.75,85.5999,-0.24,-0.33000000000000007,-0.027604257189886572,-0.045645193658438665,False,1.0
2011-06-01,2011-05-01,1.0,1.0,False,0.8,86.656,0.050000000000000044,-0.22999999999999998,0.012337631235550539,-0.025670374447233968,True,-1.0
2011-07-01,2011-06-01,1.0,1.0,False,0.75,86.4786,-0.050000000000000044,-0.24,-0.00204717503692764,-0.017622421472704097,False,1.0
2011-08-01,2011-07-01,1.0,1.0,False,0.38,85.7282,-0.37,-0.37,-0.008677291260496767,0.00149883352667457,False,1.0
2011-09-01,2011-08-01,1.0,1.0,False,0.18,86.7739,-0.2,-0.6200000000000001,0.012197853215161425,0.0013605520679467187,True,-1.0
2011-10-01,2011-09-01,-1.0,1.0,False,0.17,91.9998,-0.009999999999999981,-0.58,0.06022433012691608,0.06384469683829286,True,-1.0
2011-11-01,2011-10-01,1.0,1.0,False,0.08,89.2053,-0.09000000000000001,-0.3,-0.030375066032752196,0.04055958249444158,False,1.0
2011-12-01,2011-11-01,-1.0,-1.0,False,0.03,91.4728,-0.05,-0.15,0.025418893272036724,0.05415107538096153,False,-1.0
2012-01-01,2011-12-01,1.0,-1.0,False,-0.07,92.4262,-0.1,-0.24000000000000002,0.01042277048477791,0.004634792684331979,False,-1.0
2012-02-01,2012-01-01,1.0,-1.0,False,-0.28,90.5538,-0.21000000000000002,-0.36000000000000004,-0.020258325020394596,0.015116814808088685,False,-1.0
2012-03-01,2012-02-01,-1.0,1.0,False,-0.28,89.7487,0.0,-0.31000000000000005,-0.008890847209062414,-0.018848225920710893,False,1.0
2012-04-01,2012-03-01,-1.0,1.0,False,-0.09,90.4593,0.19000000000000003,-0.01999999999999999,0.007917663431336708,-0.021280762381229557,True,-1.0
2012-05-01,2012-04-01,-1.0,-1.0,False,-0.3,90.3634,-0.21,-0.019999999999999962,-0.0010601452808058909,-0.00210261744951612,False,-1.0
2012-06-01,2012-05-01,1.0,-1.0,False,-0.5,94.6856,-0.2,-0.21999999999999997,0.04783131223482062,0.05500803911365848,False,-1.0
2012-07-01,2012-06-01,-1.0,-1.0,False,-0.46,92.9096,0.03999999999999998,-0.37,-0.018756812017878044,0.027087319932831644,False,-1.0
2012-08-01,2012-07-01,1.0,-1.0,False,-0.69,92.8422,-0.22999999999999993,-0.38999999999999996,-0.0007254363381178353,0.027431460082290027,False,-1.0
2012-09-01,2012-08-01,1.0,1.0,False,-0.68,92.1677,0.009999999999999898,-0.18000000000000005,-0.007265015262456154,-0.026592216767914012,False,1.0
2012-10-01,2012-09-01,1.0,1.0,False,-0.77,90.8342,-0.08999999999999997,-0.31,-0.014468192219183051,-0.02233784237581482,False,1.0
2012-11-01,2012-10-01,-1.0,1.0,False,-0.78,91.1609,-0.010000000000000009,-0.09000000000000008,0.003596662930922534,-0.018109221884013982,True,-1.0
2012-12-01,2012-11-01,-1.0,1.0,False,-0.79,91.1038,-0.010000000000000009,-0.10999999999999999,-0.0006263650314991542,-0.011543089390317784,False,1.0
2013-01-01,2012-12-01,-1.0,-1.0,False,-0.67,91.0834,0.12,0.09999999999999998,-0.00022392040727181595,0.00274346006239945,False,-1.0
2013-02-01,2013-01-01,-1.0,-1.0,False,-0.57,90.798,0.10000000000000009,0.21000000000000008,-0.00313339203411378,-0.003980873378827909,False,-1.0
2013-03-01,2013-02-01,-1.0,-1.0,False,-0.64,92.295,-0.07000000000000006,0.15000000000000002,0.016487147293993365,0.013075195546179197,False,-1.0
2013-04-01,2013-03-01,-1.0,-1.0,False,-0.64,92.302,0.0,0.030000000000000027,7.5843761850658e-05,0.013378947206626135,False,-1.0
2013-05-01,2013-04-01,-1.0,-1.0,False,-0.64,91.3741,0.0,-0.07000000000000006,-0.010052869926978958,0.006344853410868101,False,-1.0
2013-06-01,2013-05-01,-1.0,-1.0,False,-0.05,93.6076,0.59,0.59,0.024443469210640778,0.014221788829297477,False,-1.0
2013-07-01,2013-06-01,-1.0,-1.0,False,0.53,94.3047,0.5800000000000001,1.17,0.007447044898063693,0.02169725466403749,False,-1.0
2013-08-01,2013-07-01,1.0,-1.0,False,0.38,93.5703,-0.15000000000000002,1.02,-0.007787522785184575,0.024035257255611953,False,-1.0
2013-09-01,2013-08-01,-1.0,-1.0,False,0.68,94.7541,0.30000000000000004,0.7300000000000001,0.012651450299934863,0.012247937133309517,False,-1.0
2013-10-01,2013-09-01,-1.0,1.0,False,0.45,92.9207,-0.23000000000000004,-0.08000000000000002,-0.019349030807110146,-0.014675832699748814,False,1.0
2013-11-01,2013-10-01,-1.0,1.0,False,0.4,92.731,-0.04999999999999999,0.020000000000000018,-0.002041525731080407,-0.008969726505098419,False,1.0
2013-12-01,2013-11-01,-1.0,-1.0,False,0.6,93.6291,0.19999999999999996,-0.08000000000000007,0.00968500285772822,-0.011872837164829786,False,-1.0
2014-01-01,2013-12-01,1.0,-1.0,False,0.8,93.5576,0.20000000000000007,0.35000000000000003,-0.0007636514716043985,0.006854231619004114,False,-1.0
2014-02-01,2014-01-01,1.0,-1.0,False,0.53,95.1774,-0.27,0.13,0.01731339837704282,0.026381684657773574,False,-1.0
2014-03-01,2014-02-01,1.0,1.0,False,0.49,94.3879,-0.040000000000000036,-0.10999999999999999,-0.008295036426714808,0.00810431799515321,False,1.0
2014-04-01,2014-03-01,-1.0,1.0,False,0.6,94.2432,0.10999999999999999,-0.20000000000000007,-0.0015330354844211858,0.007328105894123027,True,-1.0
2014-05-01,2014-04-01,-1.0,1.0,False,0.49,93.8896,-0.10999999999999999,-0.040000000000000036,-0.0037519948388848867,-0.013530523002309391,False,1.0
2014-06-01,2014-05-01,-1.0,-1.0,False,0.26,93.7606,-0.22999999999999998,-0.22999999999999998,-0.0013739540907620196,-0.0066459789867133745,False,-1.0
2014-07-01,2014-06-01,1.0,-1.0,False,0.27,93.2058,0.010000000000000009,-0.32999999999999996,-0.005917197628854787,-0.01100769074055219,False,-1.0
2014-08-01,2014-07-01,-1.0,1.0,False,0.29,94.4467,0.019999999999999962,-0.2,0.013313549156812154,0.005933564526848567,True,-1.0
2014-09-01,2014-08-01,-1.0,1.0,False,0.23,94.7251,-0.05999999999999997,-0.03,0.0029476943080064544,0.010286836901640894,True,-1.0
2014-10-01,2014-09-01,-1.0,-1.0,False,0.55,97.5261,0.32000000000000006,0.28,0.029569776120584645,0.04635226563153805,False,-1.0
2014-11-01,2014-10-01,-1.0,-1.0,False,0.43,98.1163,-0.12000000000000005,0.14,0.006051713336224784,0.038853660318465266,False,-1.0
2014-12-01,2014-11-01,1.0,-1.0,False,0.39,100.0719,-0.03999999999999998,0.16,0.01993144869914576,0.05644544054321399,False,-1.0
2015-01-01,2014-12-01,1.0,-1.0,False,0.49,102.2843,0.09999999999999998,-0.06000000000000005,0.022108104273027784,0.048788990844502056,False,-1.0
2015-02-01,2015-01-01,-1.0,1.0,False,0.03,105.5884,-0.45999999999999996,-0.4,0.03230310028029715,0.07615554194359131,True,-1.0
2015-03-01,2015-02-01,-1.0,1.0,False,0.17,105.5981,0.14,-0.22,9.18661519637709e-05,0.05522229516977295,True,-1.0
2015-04-01,2015-03-01,1.0,-1.0,False,0.18,107.4396,0.009999999999999981,-0.31,0.01743876073527839,0.05040167454829336,False,-1.0
2015-05-01,2015-04-01,0.0,-1.0,True,0.11,105.312,-0.06999999999999999,0.08,-0.01980275429171363,-0.0026177117940985317,False,-1.0
2015-06-01,2015-05-01,-1.0,-1.0,False,0.32,106.7388,0.21000000000000002,0.15,0.01354831358249764,0.01080227769249631,False,-1.0
2015-07-01,2015-06-01,-1.0,1.0,False,0.48,106.5191,0.15999999999999998,0.3,-0.002058295577615721,-0.008567604495921421,True,-1.0
2015-08-01,2015-07-01,-1.0,-1.0,False,0.46,108.7819,-0.019999999999999962,0.35000000000000003,0.021243138554494,0.03294876177453654,False,-1.0
2015-09-01,2015-08-01,1.0,-1.0,False,0.58,110.5621,0.11999999999999994,0.25999999999999995,0.016364854815001495,0.035819214756021234,False,-1.0
2015-10-01,2015-09-01,1.0,-1.0,False,0.65,111.3311,0.07000000000000006,0.17000000000000004,0.006955367164697579,0.04517499678461423,False,-1.0
2015-11-01,2015-10-01,-1.0,1.0,False,0.63,110.2079,-0.020000000000000018,0.16999999999999998,-0.01008882513511511,0.013108798430621293,False,1.0
2015-12-01,2015-11-01,-1.0,-1.0,False,0.62,112.34,-0.010000000000000009,0.040000000000000036,0.019346163024610785,0.016080555633440463,False,-1.0
2016-01-01,2015-12-01,1.0,-1.0,False,0.73,113.3429,0.10999999999999999,0.07999999999999996,0.008927363361224794,0.018070422370748185,False,-1.0
2016-02-01,2016-01-01,1.0,-1.0,False,0.53,115.5731,-0.19999999999999996,-0.09999999999999998,0.019676574359752452,0.048682535462521326,False,-1.0
2016-03-01,2016-02-01,1.0,1.0,False,0.32,114.2418,-0.21000000000000002,-0.3,-0.011519116472604729,0.016928965640021332,False,1.0
2016-04-01,2016-03-01,-1.0,1.0,False,0.16,109.9191,-0.16,-0.57,-0.037838164314637934,-0.03020745013582682,False,1.0
2016-05-01,2016-04-01,1.0,1.0,False,0.12,108.8274,-0.04000000000000001,-0.41000000000000003,-0.009931849878683563,-0.05836738825903254,False,1.0
2016-06-01,2016-05-01,1.0,1.0,False,0.3,112.4276,0.18,-0.020000000000000018,0.03308174228181504,-0.01588035202526572,True,-1.0
2016-07-01,2016-06-01,1.0,1.0,False,0.09,112.1618,-0.21,-0.07,-0.0023641881530869213,0.020403187435122705,False,1.0
2016-08-01,2016-07-01,1.0,1.0,False,-0.03,111.874,-0.12,-0.15,-0.0025659359960343853,0.027994788077267296,False,1.0
2016-09-01,2016-08-01,-1.0,1.0,False,0.11,112.4036,0.14,-0.19,0.004733897062767056,-0.0002134707135970082,True,-1.0
2016-10-01,2016-09-01,-1.0,1.0,False,0.0,112.2795,-0.11,-0.09,-0.001104057165428829,0.0010493768823254257,False,1.0
2016-11-01,2016-10-01,-1.0,-1.0,False,0.11,114.0188,0.11,0.14,0.015490806425037418,0.019171568014015872,False,-1.0
2016-12-01,2016-11-01,-1.0,-1.0,False,0.43,117.7636,0.32,0.32,0.03284370647647572,0.047685305452850324,False,-1.0
2017-01-01,2016-12-01,1.0,-1.0,False,0.5,118.3466,0.07,0.5,0.0049505959396620725,0.054035687725720205,False,-1.0
2017-02-01,2017-01-01,1.0,-1.0,False,0.4,116.2241,-0.09999999999999998,0.29000000000000004,-0.017934609021298398,0.01934154718344705,False,-1.0
2017-03-01,2017-02-01,-1.0,1.0,False,0.34,116.0032,-0.06,-0.08999999999999997,-0.0019006385078481625,-0.014948591924839216,False,1.0
2017-04-01,2017-03-01,1.0,1.0,False,0.43,114.7938,0.08999999999999997,-0.07,-0.01042557446691128,-0.030020296316074946,False,1.0
2017-05-01,2017-04-01,-1.0,1.0,False,0.37,114.7877,-0.06,-0.030000000000000027,-5.3138758364990046e-05,-0.01235888253813111,False,1.0
2017-06-01,2017-05-01,1.0,1.0,False,0.4,113.2956,0.030000000000000027,0.06,-0.012998779485955403,-0.023340735427988313,False,1.0
2017-07-01,2017-06-01,-1.0,1.0,False,0.58,111.9896,0.17999999999999994,0.14999999999999997,-0.011527367347010764,-0.024428148558545915,True,-1.0
2017-08-01,2017-07-01,1.0,-1.0,False,0.48,109.8177,-0.09999999999999998,0.10999999999999999,-0.019393765135333974,-0.04329732192560698,False,-1.0
2017-09-01,2017-08-01,1.0,1.0,False,0.36,109.3686,-0.12,-0.040000000000000036,-0.004089504697330271,-0.034661540253990375,False,1.0
2017-10-01,2017-09-01,-1.0,1.0,False,0.49,110.0867,0.13,-0.08999999999999997,0.006565869911473676,-0.01699175637737793,True,-1.0
2017-11-01,2017-10-01,1.0,1.0,False,0.5,111.8052,0.010000000000000009,0.020000000000000018,0.01561042342081298,0.01809817543073655,True,-1.0
2017-12-01,2017-11-01,-1.0,-1.0,False,0.56,110.4648,0.06000000000000005,0.20000000000000007,-0.011988708933037162,0.010022986487895125,False,-1.0
2018-01-01,2017-12-01,1.0,-1.0,False,0.44,110.0783,-0.12000000000000005,-0.04999999999999999,-0.00349885212302925,-7.630349533593872e-05,False,-1.0
2018-02-01,2018-01-01,0.0,1.0,True,0.61,106.7696,0.16999999999999998,0.10999999999999999,-0.030057695295076292,-0.04503905006207232,True,-1.0
2018-03-01,2018-02-01,-1.0,1.0,False,0.75,108.3903,0.14,0.18999999999999995,0.015179414365137589,-0.018779737979881417,True,-1.0
2018-04-01,2018-03-01,1.0,1.0,False,0.69,107.4784,-0.06000000000000005,0.24999999999999994,-0.008413114457659021,-0.02361864236638833,False,1.0
2018-05-01,2018-04-01,-1.0,1.0,False,0.78,109.3363,0.09000000000000008,0.17000000000000004,0.017286264030726084,0.024039614272227228,True,-1.0
2018-06-01,2018-05-01,-1.0,-1.0,False,0.76,111.9894,-0.020000000000000018,0.010000000000000009,0.024265500112954363,0.03320500081649369,False,-1.0
2018-07-01,2018-06-01,-1.0,-1.0,False,0.74,113.2586,-0.020000000000000018,0.050000000000000044,0.011333215465034963,0.05378010837526426,False,-1.0
2018-08-01,2018-07-01,-1.0,-1.0,False,0.84,112.7299,0.09999999999999998,0.05999999999999994,-0.004668078185674163,0.03103818219566601,False,-1.0
2018-09-01,2018-08-01,-1.0,-1.0,False,0.78,114.2755,-0.05999999999999994,0.020000000000000018,0.013710648195376596,0.020413539138525616,False,-1.0
2018-10-01,2018-09-01,1.0,-1.0,False,0.91,113.8077,0.13,0.17000000000000004,-0.004093615866918032,0.004848196958111783,False,-1.0
2018-11-01,2018-10-01,1.0,-1.0,False,1.1,116.5281,0.19000000000000006,0.2600000000000001,0.023903479290065643,0.03369292441490668,False,-1.0
2018-12-01,2018-11-01,1.0,1.0,False,1.04,116.413,-0.06000000000000005,0.26,-0.0009877445869279633,0.01870479674120884,False,1.0
2019-01-01,2018-12-01,1.0,1.0,False,0.98,115.5674,-0.06000000000000005,0.06999999999999995,-0.007263793562574561,0.015462046944099583,False,1.0
2019-02-01,2019-01-01,1.0,1.0,False,0.78,113.5504,-0.19999999999999996,-0.32000000000000006,-0.017453018757885075,-0.025553493105954672,False,1.0
2019-03-01,2019-02-01,-1.0,1.0,False,0.78,114.1991,0.0,-0.26,0.005712881680733917,-0.019017635487445506,True,-1.0
2019-04-01,2019-03-01,-1.0,1.0,False,0.53,115.1371,-0.25,-0.44999999999999996,0.008213724976816827,-0.003723368354743628,True,-1.0
2019-05-01,2019-04-01,-1.0,-1.0,False,0.56,115.3281,0.030000000000000027,-0.21999999999999997,0.0016588918775963801,0.015655603150671604,False,-1.0
2019-06-01,2019-05-01,1.0,-1.0,False,0.4,116.7273,-0.16000000000000003,-0.38,0.012132342421317999,0.022138528237087618,False,-1.0
2019-07-01,2019-06-01,1.0,1.0,False,0.31,114.5821,-0.09000000000000002,-0.22000000000000003,-0.018377877326041125,-0.0048203402725968125,False,1.0
2019-08-01,2019-07-01,1.0,1.0,False,0.26,115.4946,-0.04999999999999999,-0.30000000000000004,0.00796372208224505,0.0014437071277511038,True,-1.0
2019-09-01,2019-08-01,1.0,1.0,False,-0.05,118.1575,-0.31,-0.45,0.02305648922114112,0.012252489349106943,True,-1.0
2019-10-01,2019-09-01,-1.0,1.0,False,0.15,117.9461,0.2,-0.16,-0.0017891373801917076,0.029358861462654318,True,-1.0
2019-11-01,2019-10-01,-1.0,1.0,False,0.15,115.9125,0.0,-0.11000000000000001,-0.017241773996766407,0.003618350987838248,False,1.0
2019-12-01,2019-11-01,1.0,-1.0,False,0.17,117.1204,0.020000000000000018,0.22000000000000003,0.010420791545346697,-0.00877726763007003,False,-1.0
2020-01-01,2019-12-01,1.0,-1.0,False,0.15,114.669,-0.020000000000000018,0.0,-0.020930597914624705,-0.02778472539575283,False,-1.0
2020-02-01,2020-01-01,1.0,1.0,False,-0.14,115.7345,-0.29000000000000004,-0.29000000000000004,0.009291962082166982,-0.0015356411085948318,True,-1.0
2020-03-01,2020-02-01,-1.0,1.0,False,-0.28,117.6568,-0.14,-0.45000000000000007,0.016609567587884344,0.0045799023910437775,True,-1.0
2020-04-01,2020-03-01,1.0,1.0,False,-0.17,122.5301,0.11000000000000001,-0.32,0.04141962045542624,0.06855470964253652,True,-1.0
2020-05-01,2020-04-01,1.0,1.0,False,-0.43,122.327,-0.26,-0.29,-0.0016575518994924598,0.056962271405674114,False,1.0
2020-06-01,2020-05-01,1.0,1.0,False,-0.5,120.9458,-0.07,-0.21999999999999997,-0.011291047765415563,0.027954185393449515,False,1.0
2020-07-01,2020-06-01,1.0,1.0,False,-0.68,120.4649,-0.18000000000000005,-0.51,-0.003976161222630337,-0.016854634085828768,False,1.0
2020-08-01,2020-07-01,1.0,1.0,False,-1.0,117.2082,-0.31999999999999995,-0.5700000000000001,-0.02703443077610157,-0.04184521814480857,False,1.0
2020-09-01,2020-08-01,-1.0,1.0,False,-1.08,115.7586,-0.08000000000000007,-0.5800000000000001,-0.01236773536322544,-0.042888632759467527,False,1.0
2020-10-01,2020-09-01,-1.0,1.0,False,-0.94,116.946,0.14000000000000012,-0.2599999999999999,0.010257553218508075,-0.02921099839040253,True,-1.0
2020-11-01,2020-10-01,-1.0,1.0,False,-0.82,116.1354,0.12,0.18000000000000005,-0.0069314042378533225,-0.009152943224108867,True,-1.0
2020-12-01,2020-11-01,-1.0,-1.0,False,-0.93,113.2256,-0.1100000000000001,0.15000000000000002,-0.025055237248935325,-0.021881743559441835,False,-1.0
2021-01-01,2020-12-01,1.0,-1.0,False,-1.06,111.3169,-0.13,-0.1200000000000001,-0.01685749512477741,-0.04813418158808336,False,-1.0
2021-02-01,2021-01-01,-1.0,-1.0,False,-1.02,111.9511,0.040000000000000036,-0.20000000000000007,0.005697248126744325,-0.03602949660482513,False,-1.0
2021-03-01,2021-02-01,-1.0,-1.0,False,-0.71,112.8306,0.31000000000000005,0.22000000000000008,0.007856108604560541,-0.0034886103496029053,False,-1.0
2021-04-01,2021-03-01,1.0,-1.0,False,-0.63,113.8234,0.07999999999999996,0.43000000000000005,0.008799031468413654,0.022516796640941417,False,-1.0
2021-05-01,2021-04-01,1.0,-1.0,False,-0.76,112.0839,-0.13,0.26,-0.015282446315959652,0.00118623220316727,False,-1.0
2021-06-01,2021-05-01,-1.0,1.0,False,-0.84,110.7576,-0.07999999999999996,-0.13,-0.011833100025962717,-0.018372675497604463,False,1.0
2021-07-01,2021-06-01,-1.0,1.0,False,-0.87,112.5533,-0.030000000000000027,-0.24,0.01621288290826084,-0.011158513978672291,True,-1.0
2021-08-01,2021-07-01,-1.0,1.0,False,-1.16,112.6714,-0.2899999999999999,-0.3999999999999999,0.0010492806519224462,0.005241609187403462,True,-1.0
2021-09-01,2021-08-01,-1.0,-1.0,False,-1.03,113.1076,0.1299999999999999,-0.19000000000000006,0.0038714349870507814,0.021217505615867438,False,-1.0
2021-10-01,2021-09-01,1.0,-1.0,False,-0.85,114.6403,0.18000000000000005,0.020000000000000018,0.013550813561599595,0.01854232616902385,False,-1.0
2021-11-01,2021-10-01,1.0,-1.0,False,-0.96,114.1349,-0.10999999999999999,0.19999999999999996,-0.004408571854749077,0.012989099274527405,False,-1.0
2021-12-01,2021-11-01,-1.0,1.0,False,-1.07,116.2071,-0.1100000000000001,-0.040000000000000036,0.018155708727128905,0.027403109959012406,True,-1.0
2022-01-01,2021-12-01,1.0,1.0,False,-1.04,115.283,0.030000000000000027,-0.19000000000000006,-0.007952181923479684,0.005606230967644121,False,1.0
2022-02-01,2022-01-01,1.0,1.0,False,-0.65,115.566,0.39,0.30999999999999994,0.002454828552345134,0.012538671344172636,True,-1.0
2022-03-01,2022-02-01,1.0,1.0,False,-0.79,115.2224,-0.14,0.28,-0.002973192807573244,-0.008473664690023308,False,1.0
2022-04-01,2022-03-01,-1.0,1.0,False,-0.52,115.2218,0.27,0.52,-5.207320798672477e-06,-0.000530867517326894,True,-1.0
2022-05-01,2022-04-01,-1.0,1.0,False,0.01,119.4933,0.53,0.66,0.03707197769866477,0.03398317844348675,True,-1.0
2022-06-01,2022-05-01,-1.0,-1.0,False,0.21,118.0704,0.19999999999999998,1.0,-0.01190778060359865,0.024717416057988828,False,-1.0
2022-07-01,2022-06-01,-1.0,-1.0,False,0.65,120.9652,0.44000000000000006,1.17,0.024517575954684512,0.04984647002563736,False,-1.0
2022-08-01,2022-07-01,1.0,-1.0,False,0.14,121.7678,-0.51,0.13,0.006634966089420713,0.019034540011866774,False,-1.0
2022-09-01,2022-08-01,-1.0,-1.0,False,0.67,123.535,0.53,0.4600000000000001,0.014512867933887286,0.04628255684744009,False,-1.0
2022-10-01,2022-09-01,-1.0,-1.0,False,1.68,127.5148,1.0099999999999998,1.0299999999999998,0.032215971182256053,0.05414449775637942,False,-1.0
2022-11-01,2022-10-01,1.0,-1.0,False,1.58,127.6219,-0.09999999999999987,1.44,0.0008399025054346421,0.048075928118928024,False,-1.0
2022-12-01,2022-11-01,1.0,-1.0,False,1.34,123.5175,-0.24,0.67,-0.032160624469624755,-0.00014166025822637263,False,-1.0
2023-01-01,2022-12-01,1.0,1.0,False,1.58,121.4256,0.24,-0.09999999999999987,-0.016936061691663062,-0.047752888292182494,True,-1.0
2023-02-01,2023-01-01,-1.0,1.0,False,1.28,118.9802,-0.30000000000000004,-0.30000000000000004,-0.020139081050454033,-0.06771329999004871,False,1.0
2023-03-01,2023-02-01,1.0,1.0,False,1.49,121.3341,0.20999999999999996,0.1499999999999999,0.01978396405452343,-0.017676847410285967,True,-1.0
2023-04-01,2023-03-01,1.0,1.0,False,1.16,119.3602,-0.33000000000000007,-0.42000000000000015,-0.016268303799179318,-0.017009592705327314,False,1.0
2023-05-01,2023-04-01,-1.0,1.0,False,1.26,119.2248,0.10000000000000009,-0.020000000000000018,-0.001134381477242874,0.0020558042430589563,True,-1.0
2023-06-01,2023-05-01,-1.0,1.0,False,1.46,120.9662,0.19999999999999996,-0.030000000000000027,0.014606021565982896,-0.00303212369811956,True,-1.0
2023-07-01,2023-06-01,1.0,1.0,False,1.59,119.3606,0.13000000000000012,0.43000000000000016,-0.013273129188153376,3.3512008190683673e-06,True,-1.0
2023-08-01,2023-07-01,-1.0,-1.0,False,1.6,117.8241,0.010000000000000009,0.3400000000000001,-0.01287275700691859,-0.011748394629305325,False,-1.0
2023-09-01,2023-08-01,-1.0,-1.0,False,1.85,120.225,0.25,0.3900000000000001,0.020376985693079774,-0.006127331436384775,False,-1.0
2023-10-01,2023-09-01,0.0,-1.0,True,2.24,122.3077,0.3900000000000001,0.6500000000000001,0.01732335204824298,0.024690727090848963,False,-1.0
2023-11-01,2023-10-01,1.0,-1.0,False,2.46,123.8364,0.21999999999999975,0.8599999999999999,0.012498804245358208,0.05102776087404859,False,-1.0
2023-12-01,2023-11-01,1.0,1.0,False,2.14,120.2434,-0.31999999999999984,0.29000000000000004,-0.029014086326798916,0.00015304637138702226,False,1.0
2024-02-01,2024-01-01,-1.0,1.0,False,1.73,120.4331,0.010000000000000009,-0.73,0.016992791806844654,-0.027482226550513467,True,-1.0
2024-03-01,2024-02-01,1.0,1.0,False,1.92,121.1824,0.18999999999999995,-0.2200000000000002,0.006221711473008762,0.007809160419615546,True,-1.0
2024-04-01,2024-03-01,1.0,1.0,False,1.88,121.0191,-0.040000000000000036,0.15999999999999992,-0.0013475554205891749,0.021941246807993142,False,1.0
2024-05-01,2024-04-01,1.0,1.0,False,2.28,122.9853,0.3999999999999999,0.5499999999999998,0.016247022164269875,0.021191848420409443,True,-1.0
2024-06-01,2024-05-01,-1.0,1.0,False,2.16,122.098,-0.11999999999999966,0.2400000000000002,-0.007214683380859288,0.007555552621502759,False,1.0
2024-07-01,2024-06-01,1.0,1.0,False,2.08,124.2103,-0.08000000000000007,0.20000000000000018,0.017300037674654822,0.026369391277905718,True,-1.0
2024-08-01,2024-07-01,1.0,1.0,False,1.85,123.6373,-0.22999999999999998,-0.4299999999999997,-0.004613143998525193,0.005301446595650017,False,1.0
2024-09-01,2024-08-01,1.0,1.0,False,1.76,122.3262,-0.09000000000000008,-0.40000000000000013,-0.010604404981344628,0.0018689904830546666,False,1.0
2024-10-01,2024-09-01,1.0,1.0,False,1.63,121.2864,-0.13000000000000012,-0.4500000000000002,-0.0085002231737763,-0.023539915771880415,False,1.0
2024-11-01,2024-10-01,-1.0,1.0,False,1.95,124.7988,0.32000000000000006,0.09999999999999987,0.02895955358556268,0.009394414145245777,True,-1.0
2024-12-01,2024-11-01,-1.0,1.0,False,1.92,126.5798,-0.030000000000000027,0.15999999999999992,0.014270970554204121,0.034772599819172134,True,-1.0
2025-01-01,2024-12-01,1.0,1.0,False,2.24,129.2775,0.3200000000000003,0.6100000000000003,0.0213122472938021,0.06588619993667888,True,-1.0
2025-02-01,2025-01-01,1.0,1.0,False,2.16,128.4828,-0.08000000000000007,0.2100000000000002,-0.0061472413993154396,0.029519514610717446,False,1.0
2025-03-01,2025-02-01,1.0,1.0,False,1.86,128.2805,-0.30000000000000004,-0.05999999999999983,-0.0015745298203340141,0.013435793072828162,False,1.0
2025-04-01,2025-03-01,1.0,1.0,False,1.85,126.7075,-0.010000000000000009,-0.3900000000000001,-0.01226219105787707,-0.019879716114559853,False,1.0
2025-05-01,2025-04-01,1.0,1.0,False,1.94,122.5921,0.08999999999999986,-0.2200000000000002,-0.03247952962531808,-0.04584816022066762,False,1.0
2025-06-01,2025-05-01,1.0,1.0,False,2.07,121.7674,0.1299999999999999,0.20999999999999974,-0.006727187151537528,-0.05077233094663647,True,-1.0
2025-07-01,2025-06-01,-1.0,1.0,False,1.95,119.4088,-0.11999999999999988,0.09999999999999987,-0.01936971636086504,-0.057602746483041645,False,1.0
2025-08-01,2025-07-01,1.0,1.0,False,1.98,121.721,0.030000000000000027,0.040000000000000036,0.019363731986252297,-0.007105678098344059,True,-1.0
2025-09-01,2025-08-01,1.0,1.0,False,1.82,120.2082,-0.15999999999999992,-0.24999999999999978,-0.012428422375760917,-0.012804740841965812,False,1.0
2025-10-01,2025-09-01,1.0,1.0,False,1.8,120.1368,-0.020000000000000018,-0.1499999999999999,-0.000593969462981847,0.00609670309055943,False,1.0
2025-11-01,2025-10-01,1.0,1.0,False,1.81,121.3859,0.010000000000000009,-0.16999999999999993,0.010397313729015645,-0.002753017145767811,True,-1.0
2025-12-01,2025-11-01,1.0,1.0,False,1.79,121.0527,-0.020000000000000018,-0.030000000000000027,-0.002744964612858669,0.007025311085266939,False,1.0
2026-01-01,2025-12-01,1.0,1.0,False,1.93,119.7456,0.1399999999999999,0.1299999999999999,-0.01079777650560465,-0.003256287831871596,True,-1.0
2026-02-01,2026-01-01,1.0,1.0,False,1.9,117.8996,-0.030000000000000027,0.08999999999999986,-0.015416015285738993,-0.028720798708910977,False,1.0
2026-03-01,2026-02-01,-1.0,1.0,False,1.72,117.8223,-0.17999999999999994,-0.07000000000000006,-0.0006556425976000924,-0.026685897960144644,False,1.0
2026-04-01,2026-03-01,-1.0,1.0,False,2.0,121.035,0.28,0.07000000000000006,0.027267333942725624,0.010767827794925244,True,-1.0
2026-05-01,2026-04-01,-1.0,-1.0,False,1.94,118.671,-0.06000000000000005,0.040000000000000036,-0.01953154046350225,0.006542855107226853,False,-1.0
2026-06-01,2026-05-01,-1.0,-1.0,False,2.07,118.8783,0.1299999999999999,0.34999999999999987,0.0017468463230274622,0.008962649685161361,False,-1.0
2026-07-01,2026-06-01,-1.0,-1.0,False,2.2,120.9248,0.13000000000000034,0.20000000000000018,0.01721508467062538,-0.0009104804395422272,False,-1.0
