target,origin,actual_dir,flat,dir3,base_hit,week_label,week_end,weekly_close,sma4,gap_pct,raw_dir,slow_dir,raw_persistence,conflict,conflict_strength,gap_accel,weekly_ret1,oriented_weekly_ret,vol8,strength_z
2010-01,2009-12,-1,False,1,0,2009-12-20,2009-12-25,1104.5,1122.8125,-0.01630949067631504,-1,-1,3,1,0.01630949067631504,-0.009352887969780843,-0.00629779577147993,0.00629779577147993,0.027747849623309926,0.587774941039541
2010-02,2010-01,-1,False,1,0,2010-01-24,2010-01-29,1081.3,1110.4375,-0.026239657792536786,-1,-1,2,1,0.026239657792536786,0.007437773116745872,-0.010975944388548431,0.010975944388548431,0.022613422985143235,1.1603576251934944
2010-03,2010-02,1,False,-1,0,2010-02-21,2010-02-26,1116.6,1098.3249999999998,0.016638972981585676,1,1,3,1,0.016638972981585676,-0.009152674563159602,-0.0008947745168217391,-0.0008947745168217391,0.023217473026556343,0.7166573624336239
2010-04,2010-03,1,False,-1,0,2010-03-21,2010-03-26,1108.6,1111.9875,-0.0030463471936510444,-1,-1,3,0,-0.0030463471936510444,0.004438027631021635,0.0026681137792248233,-0.0026681137792248233,0.017095725391707808,-0.1781935029869314
2010-05,2010-04,1,False,1,1,2010-04-25,2010-04-30,1178.25,1157.6875,0.01776170166819635,1,1,5,0,-0.01776170166819635,-0.007690702214345979,0.019335582662860062,0.019335582662860062,0.019901420615167077,-0.8924841101373424
2010-06,2010-05,1,False,1,1,2010-05-23,2010-05-28,1214.45,1207.33,0.005897310594452421,1,0,1,0,-0.005897310594452421,-0.023606026420469717,0.03176558544169383,,0.027080143729274784,-0.2177724997846735
2010-07,2010-06,-1,False,1,0,2010-06-20,2010-06-25,1254.48,1238.54,0.01286999208745776,1,1,5,0,-0.01286999208745776,0.009186811456608046,-0.0009158748994528843,-0.0009158748994528843,0.023687683037698054,-0.5433200058855757
2010-08,2010-07,1,False,1,1,2010-07-25,2010-07-30,1180.7,1192.5325,-0.00992216145052649,-1,-1,5,1,0.00992216145052649,-0.0008806998703971836,-0.005458312976970636,0.005458312976970636,0.0166892090938445,0.5945255640775746
2010-09,2010-08,1,False,1,1,2010-08-22,2010-08-27,1237.92,1221.275,0.013629198992855862,1,1,4,0,-0.013629198992855862,0.0032146330825062464,0.008653141041310208,0.008653141041310208,0.011089107550791693,-1.229061845638139
2010-10,2010-09,1,False,1,1,2010-09-19,2010-09-24,1296.11,1265.685,0.02403836657620184,1,1,8,0,-0.02403836657620184,-0.005285431746896441,0.01687588262984474,0.01687588262984474,0.007993504469567309,-3.0072375223808496
2010-11,2010-10,1,False,1,1,2010-10-24,2010-10-29,1357.52,1350.0925,0.005501474898942149,1,0,1,0,-0.005501474898942149,-0.015087450281262127,0.022498399427559823,,0.018084384056788284,-0.3042113506142376
2010-12,2010-11,1,False,1,1,2010-11-21,2010-11-26,1363.53,1370.0525,-0.004760766466978428,-1,-1,2,1,0.004760766466978428,-0.006492019328206311,0.00767098991242654,-0.00767098991242654,0.021566441537435647,0.22074881749567044
2011-01,2010-12,-1,False,1,0,2010-12-26,2010-12-31,1418.52,1391.0774999999999,0.019727513384409034,1,0,1,0,-0.019727513384409034,-0.023420510720342236,0.024453656493290676,,0.020471898843850835,-0.96363867049561
2011-02,2011-01,1,False,1,1,2011-01-23,2011-01-28,1335.2,1351.6200000000001,-0.012148384901081721,-1,-1,4,1,0.012148384901081721,-0.009397026589318624,-0.005719051590611257,0.005719051590611257,0.017568177393426712,0.6914994440816123
2011-03,2011-02,1,False,1,1,2011-02-20,2011-02-25,1408.0,1375.22,0.023836186210206334,1,1,4,0,-0.023836186210206334,-0.0013383600912102445,0.014738207632157385,0.014738207632157385,0.018284486002999596,-1.3036290003610698
2011-04,2011-03,1,False,1,1,2011-03-20,2011-03-25,1427.75,1422.6925,0.003554879216696394,1,1,8,0,-0.003554879216696394,-0.0030646675792838085,0.006556452465719564,0.006556452465719564,0.00946046124437884,-0.3757617229084481
2011-05,2011-04,1,False,1,1,2011-04-24,2011-04-29,1562.25,1506.85,0.03676543783389197,1,1,13,0,-0.03676543783389197,-0.015390627695494707,0.03831583145021944,0.03831583145021944,0.016048091982826855,-2.290953832594856
2011-06,2011-05,1,False,1,1,2011-05-22,2011-05-27,1536.2,1507.5649999999998,0.018994205888303473,1,0,1,0,-0.018994205888303473,-0.019923814841609877,0.015555276431739928,,0.025797361261714193,-0.7362848353212285
2011-07,2011-06,1,False,1,1,2011-06-19,2011-06-24,1499.74,1527.4875000000002,-0.01816545143577286,-1,0,1,0,0.01816545143577286,0.019530475897206467,-0.025320075388314822,,0.021332391104403197,0.8515431461418945
2011-08,2011-07,1,False,1,1,2011-07-24,2011-07-29,1624.55,1590.5525,0.021374648117556516,1,1,4,0,-0.021374648117556516,0.008287287739410676,0.01379138194639462,0.01379138194639462,0.020968126017951748,-1.0193876219198954
2011-09,2011-08,1,False,1,1,2011-08-21,2011-08-26,1822.77,1769.1924999999999,0.030283589829823487,1,1,8,0,-0.030283589829823487,0.044390578417844884,-0.013679283569167477,-0.013679283569167477,0.02393745187474395,-1.2651133457431722
2011-10,2011-09,-1,False,1,0,2011-09-25,2011-09-30,1622.65,1731.525,-0.06287809878575246,-1,-1,3,1,0.06287809878575246,-0.023912936124102724,-0.010880829015543991,0.010880829015543991,0.04897320108514482,1.283928707793321
2011-11,2011-10,1,False,1,1,2011-10-23,2011-10-28,1743.55,1675.0500000000002,0.040894301662636856,1,0,1,0,-0.040894301662636856,-0.043888541171399176,0.06320507348009019,,0.045088545070032515,-0.9069776281119502
2011-12,2011-11,-1,False,-1,1,2011-11-20,2011-11-25,1683.28,1737.6625000000001,-0.031296353578442404,-1,-1,2,0,-0.031296353578442404,-0.014790673867363102,-0.02350620721661445,0.02350620721661445,0.032427100847600386,-0.9651295601641287
2012-01,2011-12,1,False,-1,0,2011-12-25,2011-12-30,1562.8,1619.5524999999998,-0.03504208724323532,-1,-1,4,0,-0.03504208724323532,-0.0001942575009760139,-0.02763173449642553,0.02763173449642553,0.033024292894025004,-1.0611003044239409
2012-02,2012-01,1,False,-1,0,2012-01-22,2012-01-27,1738.62,1665.1175,0.04414253048208305,1,1,4,1,0.04414253048208305,0.016299855858163514,0.04340154834063492,0.04340154834063492,0.03614994116528829,1.2210954999968124
2012-03,2012-02,-1,False,1,0,2012-02-19,2012-02-24,1772.0,1735.655,0.020940221414970095,1,0,1,0,-0.020940221414970095,-0.023319643753751174,0.02831940575673153,,0.018328819464455963,-1.142475185353769
2012-04,2012-03,-1,False,1,0,2012-03-25,2012-03-30,1667.97,1675.73,-0.004630817613816007,-1,-1,5,1,0.004630817613816007,-0.010280707731034289,0.0038155305332714384,-0.0038155305332714384,0.02009325371423189,0.23046628881892017
2012-05,2012-04,-1,False,-1,1,2012-04-22,2012-04-27,1662.45,1648.5774999999999,0.00841483036132673,1,0,1,0,0.00841483036132673,0.01280736774486535,0.012016728454809389,,0.01649560156414155,0.510125704031252
2012-06,2012-05,1,False,-1,0,2012-05-20,2012-05-25,1572.56,1596.6675,-0.015098635125973314,-1,-1,4,0,-0.015098635125973314,0.0011630840582851354,-0.01271338075476669,0.01271338075476669,0.018654300094351376,-0.8093916710681235
2012-07,2012-06,-1,False,-1,1,2012-06-24,2012-06-29,1597.28,1597.3849999999998,-6.573243144247787e-05,-1,-1,2,0,-6.573243144247787e-05,0.01967675951461212,0.015848787809407572,-0.015848787809407572,0.026435491150526857,-0.002486522042211719
2012-08,2012-07,1,False,-1,0,2012-07-22,2012-07-27,1623.1,1594.9125,0.017673383336076487,1,0,1,0,0.017673383336076487,0.020416610649366285,0.02461965784988318,,0.020378109654511072,0.8672729529730524
2012-09,2012-08,1,False,1,1,2012-08-26,2012-08-31,1691.65,1649.3875,0.02562314798675258,1,1,6,0,-0.02562314798675258,0.0008608646660885899,0.01272150383141768,0.01272150383141768,0.015327414019864637,-1.6717202232251616
2012-10,2012-09,1,False,1,1,2012-09-23,2012-09-28,1771.8,1762.6125000000002,0.005212433248941384,1,1,10,0,-0.005212433248941384,0.012189974107987389,-0.0006204523661798023,-0.0006204523661798023,0.013240214423373541,-0.39368193612783514
2012-11,2012-10,-1,False,1,0,2012-10-21,2012-10-26,1711.0,1741.475,-0.017499533441479143,-1,-1,3,1,0.017499533441479143,-0.002808719365670731,-0.005810575246949501,0.005810575246949501,0.015512766963742628,1.1280729919027408
2012-12,2012-11,-1,False,1,0,2012-11-25,2012-11-30,1714.8,1727.75,-0.007495297352047459,-1,0,1,0,0.007495297352047459,0.027063203076932885,-0.021232876712328763,,0.020290281852326047,0.3694033136946399
2013-01,2012-12,-1,False,-1,1,2012-12-23,2012-12-28,1655.6,1677.925,-0.01330512388813565,-1,-1,5,0,-0.01330512388813565,0.007977128101998576,-0.0006639705438523658,0.0006639705438523658,0.0193631711067556,-0.6871355840827972
2013-02,2013-01,-1,False,-1,1,2013-01-20,2013-01-25,1658.3,1664.975,-0.004009069205243243,-1,0,1,0,-0.004009069205243243,-0.015725706830671315,-0.0151443164271291,,0.011142514544835058,-0.3597993243905242
2013-03,2013-02,-1,False,-1,1,2013-02-17,2013-02-22,1580.8,1631.125,-0.030852938922522832,-1,-1,5,0,-0.030852938922522832,-0.0061331570382453515,-0.017953655960738057,0.017953655960738057,0.015536160308114406,-1.985879284884091
2013-04,2013-03,-1,False,-1,1,2013-03-24,2013-03-29,1596.4,1593.875,0.0015841894753352292,1,1,3,1,0.0015841894753352292,-0.010799955043067966,-0.007460830639144489,-0.007460830639144489,0.01476213918194437,0.10731435707318474
2013-05,2013-04,-1,False,-1,1,2013-04-21,2013-04-26,1462.0,1482.225,-0.013645026902123436,-1,-1,4,0,-0.013645026902123436,0.06052250562966599,0.0417557360695453,-0.0417557360695453,0.03415581353404915,-0.3994935412245713
2013-06,2013-05,-1,False,-1,1,2013-05-26,2013-05-31,1387.7,1395.225,-0.005393395330502204,-1,-1,3,0,-0.005393395330502204,0.015582662300686279,0.0010820949357956966,-0.0010820949357956966,0.03955771218623294,-0.13634244834763823
2013-07,2013-06,-1,False,-1,1,2013-06-23,2013-06-28,1234.3,1325.95,-0.06912025340322037,-1,-1,2,0,-0.06912025340322037,-0.01920454571429553,-0.04775497608393775,0.04775497608393775,0.03319231713518141,-2.0824172389567224
2013-08,2013-07,1,False,-1,0,2013-07-21,2013-07-26,1333.35,1284.3375,0.03816169815177073,1,1,3,1,0.03816169815177073,0.009203517813164419,0.02877975386752052,0.02877975386752052,0.03854812720070751,0.9899754131523752
2013-09,2013-08,-1,False,-1,1,2013-08-25,2013-08-30,1394.75,1370.8000000000002,0.017471549460169156,1,1,8,1,0.017471549460169156,-0.01784391934480878,-0.0020749114585196793,-0.0020749114585196793,0.02404228273868169,0.7267009397597315
2013-10,2013-09,-1,False,1,0,2013-09-22,2013-09-27,1336.38,1344.93,-0.006357208181838381,-1,-1,3,1,0.006357208181838381,-0.018388612501526458,0.00791926871210058,-0.00791926871210058,0.02603206790846992,0.24420680693484087
2013-11,2013-10,-1,False,1,0,2013-10-20,2013-10-25,1350.38,1312.155,0.02913146693797608,1,1,2,0,-0.02913146693797608,-0.023457702653271628,0.026062245456203392,0.026062245456203392,0.027645164508705928,-1.0537635588604326
2013-12,2013-11,-1,False,-1,1,2013-11-24,2013-11-29,1251.03,1268.1675,-0.013513593433044147,-1,-1,4,0,-0.013513593433044147,0.01815599947545854,0.0059098803550752255,-0.0059098803550752255,0.02666533737511158,-0.5067850161782399
2014-01,2013-12,1,False,-1,0,2013-12-22,2013-12-27,1213.19,1220.915,-0.006327221796767146,-1,-1,8,0,-0.006327221796767146,0.015848944006341736,0.008395049414424705,-0.008395049414424705,0.01793257587307607,-0.3528339621452166
2014-02,2014-01,1,False,-1,0,2014-01-26,2014-01-31,1243.98,1253.9850000000001,-0.007978564336894034,-1,0,1,0,-0.007978564336894034,-0.02202797786322297,-0.020318480366677605,,0.016868782261698297,-0.4729780853837861
2014-03,2014-02,1,False,1,1,2014-02-23,2014-02-28,1325.12,1307.7975,0.013245552159260043,1,1,4,0,-0.013245552159260043,0.014169715653673753,0.001746282534906607,0.001746282534906607,0.01709038905687626,-0.7750292936678782
2014-04,2014-03,-1,False,1,0,2014-03-23,2014-03-28,1293.87,1336.99,-0.032251550123785555,-1,-1,2,1,0.032251550123785555,0.023727993690777716,-0.029602351988240128,0.029602351988240128,0.026731020616212027,1.2065214638391097
2014-05,2014-04,-1,False,1,0,2014-04-20,2014-04-25,1302.54,1304.2325,-0.0012976980714712871,-1,-1,2,1,0.0012976980714712871,-0.004573744598441509,0.00627307983498393,-0.00627307983498393,0.02318252279909429,0.055977431046546254
2014-06,2014-05,-1,False,-1,1,2014-05-25,2014-05-30,1249.35,1280.815,-0.024566389369268915,-1,-1,7,0,-0.024566389369268915,-0.023841498151277563,-0.03328020056331049,0.03328020056331049,0.01467133274967413,-1.67444838096352
2014-07,2014-06,1,False,-1,0,2014-06-22,2014-06-27,1315.84,1289.9299999999998,0.020086361275418074,1,1,3,1,0.020086361275418074,-0.012240865258628109,0.001042245163449751,0.001042245163449751,0.01857721328846571,1.08123651074671
2014-08,2014-07,-1,False,1,0,2014-07-20,2014-07-25,1307.3,1319.0725,-0.008924831652543763,-1,-1,2,1,0.008924831652543763,0.0007977963458262183,-0.0024189794501210393,0.0024189794501210393,0.015234792106233887,0.5858190640416966
2014-09,2014-08,-1,False,1,0,2014-08-24,2014-08-29,1287.0,1295.4475,-0.006520912657595135,-1,-1,2,1,0.006520912657595135,-0.00612867844239684,0.004942725292229833,-0.004942725292229833,0.013070161086170729,0.4989160129399461
2014-10,2014-09,-1,False,-1,1,2014-09-21,2014-09-26,1217.92,1232.825,-0.012090118224403312,-1,-1,6,0,-0.012090118224403312,0.015599777343533572,0.0020074373909895193,-0.0020074373909895193,0.014060298230360237,-0.8598763714909875
2014-11,2014-10,-1,False,-1,1,2014-10-26,2014-10-31,1172.76,1216.1125,-0.03564842890768738,-1,0,1,0,-0.03564842890768738,-0.043852435477445995,-0.047125353440150786,,0.02377138477730777,-1.4996361903879267
2014-12,2014-11,1,False,-1,0,2014-11-23,2014-11-28,1166.8,1183.5625,-0.014162750171621719,-1,0,1,0,-0.014162750171621719,-0.02775497498866586,-0.028605681174864395,,0.024205728795243266,-0.5850991015980018
2015-01,2014-12,1,False,-1,0,2014-12-21,2014-12-26,1195.48,1201.3575,-0.004892382159348951,-1,0,1,0,-0.004892382159348951,-0.006133812001815064,-0.00015890672175433718,,0.019121917810964527,-0.2558520650341701
2015-02,2015-01,-1,False,1,0,2015-01-25,2015-01-30,1283.27,1270.045,0.010413016861607227,1,1,4,0,-0.010413016861607227,0.027821994051218546,-0.008207807464313155,-0.008207807464313155,0.0228801088880833,-0.4551122073999684
2015-03,2015-02,-1,False,1,0,2015-02-22,2015-02-27,1212.84,1219.405,-0.005383773233667233,-1,-1,4,1,0.005383773233667233,-0.02299306208529661,0.009093858941185085,-0.009093858941185085,0.027400377084170216,0.19648537015125803
2015-04,2015-03,1,False,-1,0,2015-03-22,2015-03-27,1198.35,1176.1875,0.018842659014825403,1,1,2,1,0.018842659014825403,0.018181535613599697,0.015043325794729778,0.015043325794729778,0.022659580121049603,0.8315537584618139
2015-05,2015-04,0,True,-1,0,2015-04-19,2015-04-24,1179.16,1197.975,-0.015705669984765858,-1,0,1,0,-0.015705669984765858,-0.01670128636275925,-0.020606825751472213,,0.01862398561976125,-0.8433033779891416
2015-06,2015-05,-1,False,-1,1,2015-05-24,2015-05-29,1190.05,1201.9325,-0.009886162492485973,-1,0,1,0,-0.009886162492485973,-0.015633001314091954,-0.013070052495832707,,0.016036781895401205,-0.6164679769898836
2015-07,2015-06,-1,False,1,0,2015-06-21,2015-06-26,1175.14,1182.0025,-0.00580582528378748,-1,0,1,0,0.00580582528378748,0.017806871053060447,-0.020684022800759982,,0.018273213705497435,0.31772327393297095
2015-08,2015-07,-1,False,-1,1,2015-07-26,2015-07-31,1095.38,1122.9050000000002,-0.024512314042594907,-1,-1,6,0,-0.024512314042594907,0.012650662325765949,-0.002976380102853504,0.002976380102853504,0.016362365837432478,-1.4980910637334393
2015-09,2015-08,1,False,-1,0,2015-08-23,2015-08-28,1131.9,1125.3899999999999,0.005784661317410178,1,1,3,1,0.005784661317410178,-0.034179146397638194,-0.0249554213650105,-0.0249554213650105,0.02456920171755685,0.23544360064724976
2015-10,2015-09,1,False,-1,0,2015-09-20,2015-09-25,1144.25,1127.8875,0.014507209273974642,1,1,2,1,0.014507209273974642,0.002700665888483833,0.005421411500070361,0.005421411500070361,0.022213146631375788,0.6530911407879239
2015-11,2015-10,-1,False,1,0,2015-10-25,2015-10-30,1140.05,1159.175,-0.01649880302801565,-1,0,1,0,0.01649880302801565,0.021258426918479567,-0.020760680970950518,,0.01706822787358108,0.9666383147809499
2015-12,2015-11,-1,False,-1,1,2015-11-22,2015-11-27,1058.06,1077.1025,-0.017679375918262186,-1,-1,5,0,-0.017679375918262186,0.00047842291555688643,-0.01819666502732764,0.01819666502732764,0.020224680621229903,-0.8741485835728895
2016-01,2015-12,1,False,-1,0,2015-12-20,2015-12-25,1076.59,1075.4575,0.0010530402177677534,1,0,1,0,0.0010530402177677534,0.005521557482493611,0.009896439158005199,,0.020320817205638088,0.051820761296724985
2016-02,2016-01,1,False,-1,0,2016-01-24,2016-01-29,1117.84,1101.8049999999998,0.01455339193414451,1,1,4,1,0.01455339193414451,0.006124618288539274,0.018895097118794002,0.018895097118794002,0.01875636187105338,0.7759176344643202
2016-03,2016-02,1,False,1,1,2016-02-21,2016-02-26,1222.48,1214.5774999999999,0.006506377732174551,1,1,8,0,-0.006506377732174551,0.024966147706065644,-0.0027247067269255965,-0.0027247067269255965,0.027010451448896963,-0.2408837091999162
2016-04,2016-03,-1,False,1,0,2016-03-20,2016-03-25,1216.78,1245.2875,-0.022892303986027263,-1,0,1,0,0.022892303986027263,0.029676145489180628,-0.030585498378705722,,0.03037987043230417,0.7535352738596583
2016-05,2016-04,1,False,1,1,2016-04-24,2016-04-29,1292.71,1249.5925000000002,0.03450524871107974,1,1,4,0,-0.03450524871107974,-0.0344768388130714,0.049277597402597406,0.049277597402597406,0.022632463892240124,-1.5245909095611272
2016-06,2016-05,1,False,1,1,2016-05-22,2016-05-27,1212.75,1256.3075,-0.03467104988229386,-1,-1,2,1,0.03467104988229386,0.015492527633366837,-0.03121055742838419,0.03121055742838419,0.024074978220527846,1.4401279853591367
2016-07,2016-06,1,False,1,1,2016-06-19,2016-06-24,1314.14,1282.545,0.024634613210452683,1,1,3,0,-0.024634613210452683,0.008130723978015952,0.01213040765871587,0.01213040765871587,0.021084622075328286,-1.1683687344473839
2016-08,2016-07,1,False,1,1,2016-07-24,2016-07-29,1350.75,1344.0175,0.0050092353708193205,1,0,1,0,-0.0050092353708193205,-0.0196544172196641,0.021809186637617994,,0.017067362242516055,-0.29349792309094763
2016-09,2016-08,-1,False,1,0,2016-08-21,2016-08-26,1321.18,1333.6425,-0.009344708195787033,-1,-1,2,1,0.009344708195787033,0.009273867389991475,-0.01473593151073127,0.01473593151073127,0.0157338590425882,0.5939234723339584
2016-10,2016-09,-1,False,1,0,2016-09-25,2016-09-30,1315.77,1322.75,-0.005276885276885301,-1,0,1,0,0.005276885276885301,0.014697728869749516,-0.016224662983094995,,0.012583690663964956,0.4193432131955018
2016-11,2016-10,-1,False,-1,1,2016-10-23,2016-10-28,1275.77,1262.3200000000002,0.010654984473033702,1,0,1,0,0.010654984473033702,0.015425796847279072,0.007518262586377,,0.02066613614189369,0.5155769999711886
2016-12,2016-11,-1,False,-1,1,2016-11-20,2016-11-25,1181.45,1230.2525,-0.039668685899845735,-1,-1,3,0,-0.039668685899845735,-0.003122735782904229,-0.021986572958833106,0.021986572958833106,0.028399190955257527,-1.3968245068087721
2017-01,2016-12,1,False,-1,0,2016-12-25,2016-12-30,1152.12,1145.07,0.006156828840158113,1,0,1,0,0.006156828840158113,0.021632711695086182,0.01643596326390173,,0.02194195847350529,0.28059613947371315
2017-02,2017-01,1,False,-1,0,2017-01-22,2017-01-27,1191.17,1192.3625000000002,-0.0010001153172798372,-1,0,1,0,-0.0010001153172798372,-0.023129322149683107,-0.014560255466300354,,0.016916936774484963,-0.05911917332387652
2017-03,2017-02,-1,False,1,0,2017-02-19,2017-02-24,1256.92,1236.2825,0.016693191078899883,1,1,4,0,-0.016693191078899883,-0.004515414394157036,0.017996274398639267,0.017996274398639267,0.012691135913302145,-1.3153425503388554
2017-04,2017-03,1,False,1,1,2017-03-26,2017-03-31,1248.76,1231.745,0.013813735797588045,1,1,2,0,-0.013813735797588045,-0.0004928873670217992,0.003414998674176939,0.003414998674176939,0.016314951156099863,-0.846691826743431
2017-05,2017-04,-1,False,1,0,2017-04-23,2017-04-28,1267.53,1273.2224999999999,-0.0044709388971683195,-1,0,1,0,0.0044709388971683195,0.016721338966539823,-0.012880917706978523,,0.01679187338222434,0.26625611064344956
2017-06,2017-05,1,False,1,1,2017-05-21,2017-05-26,1266.5,1244.2675,0.017867942383771984,1,1,2,0,-0.017867942383771984,-0.009459111705400813,0.009171387819823185,0.009171387819823185,0.018645372361138498,-0.958304400560706
2017-07,2017-06,-1,False,1,0,2017-06-25,2017-06-30,1241.27,1254.495,-0.010542090642051138,-1,-1,4,1,0.010542090642051138,0.004793850125856647,-0.012199586184943434,0.012199586184943434,0.011884314031693653,0.8870592458207508
2017-08,2017-07,1,False,-1,0,2017-07-23,2017-07-28,1269.31,1241.3725,0.022505331800084072,1,1,2,1,0.022505331800084072,0.005899594020461141,0.01151522879046274,0.01151522879046274,0.015255301290087057,1.475246628836371
2017-09,2017-08,1,False,1,1,2017-08-20,2017-08-25,1290.77,1280.5925,0.007947493054972554,1,1,6,0,-0.007947493054972554,-0.0008722849058384607,0.005076893128284965,0.005076893128284965,0.01591903078714135,-0.49924478199967853
2017-10,2017-09,-1,False,1,0,2017-09-24,2017-09-29,1278.98,1310.61,-0.024133800291467278,-1,-1,3,1,0.024133800291467278,0.005273011595081756,-0.013984827926483145,0.013984827926483145,0.01858196756104778,1.2987752891172548
2017-11,2017-10,1,False,1,1,2017-10-22,2017-10-27,1273.83,1283.42,-0.007472222655093508,-1,-1,2,1,0.007472222655093508,0.003885803178286462,-0.004898054839465704,0.004898054839465704,0.015899651246101987,0.4699614186144758
2017-12,2017-11,-1,False,-1,1,2017-11-19,2017-11-24,1288.0,1281.8775,0.004776197413559391,1,1,3,1,0.004776197413559391,-0.007564073329242582,-0.004721391535495334,-0.004721391535495334,0.01233520857419231,0.38720037726416223
2018-01,2017-12,1,False,-1,0,2017-12-24,2017-12-29,1302.65,1270.2075,0.025541102536396743,1,1,2,1,0.025541102536396743,0.017493119079144304,0.021862595898900272,0.021862595898900272,0.015000537842890339,1.702679117502591
2018-02,2018-01,0,True,1,0,2018-01-21,2018-01-26,1349.81,1334.56,0.011426987171802017,1,1,6,0,-0.011426987171802017,-0.00473648164174012,0.013660053168321307,0.013660053168321307,0.014980082836584483,-0.7628120148905274
2018-03,2018-02,-1,False,1,0,2018-02-18,2018-02-23,1328.6,1331.1275,-0.0018987662714504694,-1,0,1,0,0.0018987662714504694,0.009860275665881879,-0.013711239950410903,,0.015000409237735705,0.12658096464954086
2018-04,2018-03,1,False,1,1,2018-03-25,2018-03-30,1325.11,1327.2975,-0.0016480856778529063,-1,0,1,0,0.0016480856778529063,0.017031251447812146,-0.016265534290508032,,0.01642433726123219,0.10034412053526373
2018-05,2018-04,-1,False,1,0,2018-04-22,2018-04-27,1323.31,1334.295,-0.00823281208428428,-1,0,1,0,0.00823281208428428,0.00875351079452491,-0.009083148625172344,,0.013177474196329165,0.624764045189911
2018-06,2018-05,-1,False,-1,1,2018-05-20,2018-05-25,1301.44,1306.8425,-0.004134010027987189,-1,-1,5,0,-0.004134010027987189,0.010580501025041378,0.00652745552977585,-0.00652745552977585,0.009745470778793666,-0.42419808358390193
2018-07,2018-06,-1,False,-1,1,2018-06-24,2018-06-29,1252.54,1275.0325,-0.01764072680500306,-1,-1,3,0,-0.01764072680500306,-0.0052299173401073595,-0.01314192968910044,0.01314192968910044,0.009560041594073023,-1.8452562817236957
2018-08,2018-07,-1,False,-1,1,2018-07-22,2018-07-27,1222.8,1237.625,-0.011978588021412051,-1,-1,7,0,-0.011978588021412051,-0.0011839275231227964,-0.007161299751546668,0.007161299751546668,0.006813018742403856,-1.7581909685434995
2018-09,2018-08,-1,False,-1,1,2018-08-26,2018-08-31,1200.94,1200.6425,0.00024778399898406356,1,1,2,1,0.00024778399898406356,-0.0014614402042951724,-0.004047038529797042,-0.004047038529797042,0.011192286748137764,0.022138817969910504
2018-10,2018-09,1,False,-1,0,2018-09-23,2018-09-28,1191.91,1195.0925,-0.0026629737865477843,-1,0,1,0,-0.0026629737865477843,-0.004266514939928134,-0.0061370667155852265,,0.01115153252754465,-0.23879890768108794
2018-11,2018-10,1,False,-1,0,2018-10-21,2018-10-26,1233.36,1219.9650000000001,0.010979823191648697,1,1,4,1,0.010979823191648697,-0.0026837563727124536,0.005896601502287435,0.005896601502287435,0.006699444449986206,1.638915476293158
2018-12,2018-11,1,False,1,1,2018-11-25,2018-11-30,1222.06,1218.9275,0.0025698821299871,1,1,2,0,-0.0025698821299871,-0.0016509958447230577,-0.0005316060226874253,-0.0005316060226874253,0.009682216257845199,-0.26542292193740297
2019-01,2018-12,1,False,1,1,2018-12-23,2018-12-28,1280.69,1255.6575,0.019935770701803746,1,1,6,0,-0.019935770701803746,-0.00827581904991015,0.020088094498474707,0.020088094498474707,0.014062521147999746,-1.4176526735136261
2019-02,2019-01,1,False,1,1,2019-01-20,2019-01-25,1303.04,1289.13,0.010790222863481524,1,0,1,0,-0.010790222863481524,-0.012404894757867546,0.016832231733868053,,0.01144705610860586,-0.9426198981735986
2019-03,2019-02,-1,False,1,0,2019-02-17,2019-02-22,1327.86,1320.11,0.005870722894304237,1,1,5,0,-0.005870722894304237,-0.00046317820880559246,0.005185426302601659,0.005185426302601659,0.006949870778913509,-0.8447240360376919
2019-04,2019-03,-1,False,1,0,2019-03-24,2019-03-29,1291.96,1301.385,-0.007242284181852354,-1,0,1,0,0.007242284181852354,0.016078686857548097,-0.0161892142976805,,0.012266234562467785,0.5904244000039173
2019-05,2019-04,-1,False,-1,1,2019-04-21,2019-04-26,1285.8,1285.78,1.5554760534497447e-05,1,0,1,0,1.5554760534497447e-05,0.009298405955264655,0.008178018927840647,,0.008943462218855173,0.001739232542594513
2019-06,2019-05,1,False,-1,0,2019-05-26,2019-05-31,1305.37,1288.335,0.013222492597034119,1,1,2,1,0.013222492597034119,0.010940429612095848,0.016120996995313774,0.016120996995313774,0.009086669708925015,1.4551527700018478
2019-07,2019-06,1,False,1,1,2019-06-23,2019-06-28,1409.25,1372.58,0.02671611126491724,1,1,6,0,-0.02671611126491724,0.012389494664045264,0.007132290408570219,0.007132290408570219,0.015964928395532558,-1.6734250604213903
2019-08,2019-07,1,False,1,1,2019-07-21,2019-07-26,1418.31,1414.4225000000001,0.002748471549342435,1,1,10,0,-0.002748471549342435,0.006565291256860117,-0.004911212297675549,-0.004911212297675549,0.016964793475230514,-0.162010315855324
2019-09,2019-08,1,False,1,1,2019-08-25,2019-08-30,1520.3,1514.335,0.003939022739354092,1,1,15,0,-0.003939022739354092,0.017587579376502793,-0.004126817764967927,-0.004126817764967927,0.013722222886942543,-0.2870542747926279
2019-10,2019-09,-1,False,1,0,2019-09-22,2019-09-27,1496.81,1502.165,-0.003564854726344935,-1,0,1,0,0.003564854726344935,0.00926265733403886,-0.01306844780862848,,0.018154587784235555,0.19636109443589012
2019-11,2019-10,-1,False,1,0,2019-10-20,2019-10-25,1504.37,1496.975,0.004939962257218822,1,0,1,0,-0.004939962257218822,-0.008100317688515268,0.009400413322955492,,0.011788973646094379,-0.41903242856560324
2019-12,2019-11,1,False,-1,0,2019-11-24,2019-11-29,1463.91,1463.13,0.0005331036886673246,1,0,1,0,0.0005331036886673246,0.009788237382402531,0.0012995807142222038,,0.01480454652851353,0.03600945747582122
2020-01,2019-12,1,False,-1,0,2019-12-22,2019-12-27,1510.78,1481.0525,0.02007187456217796,1,1,3,1,0.02007187456217796,0.014188260546313725,0.022192451859970985,0.022192451859970985,0.016879902558991126,1.1890989590746555
2020-02,2020-01,1,False,1,1,2020-01-26,2020-01-31,1588.81,1569.835,0.012087257578025756,1,1,8,0,-0.012087257578025756,-0.005209995795128153,0.011137203989028288,0.011137203989028288,0.009941541112168748,-1.2158333845474507
2020-03,2020-02,-1,False,1,0,2020-02-23,2020-02-28,1585.98,1595.8025,-0.006155210309546466,-1,0,1,0,0.006155210309546466,0.03544409669297022,-0.03486341258588055,,0.020795199572586274,0.29599188447610314
2020-04,2020-03,1,False,1,1,2020-03-22,2020-03-27,1626.06,1581.9275,0.027897928318459497,1,0,1,0,-0.027897928318459497,-0.07489655896307434,0.0854655781259388,,0.054807779508215415,-0.5090140226220574
2020-05,2020-04,1,False,1,1,2020-04-19,2020-04-24,1727.66,1676.9475,0.0302409586465886,1,1,5,0,-0.0302409586465886,-0.011977784260141844,0.027323379179525542,0.027323379179525542,0.052834497196797815,-0.5723714665807672
2020-06,2020-05,1,False,1,1,2020-05-24,2020-05-29,1728.69,1726.2975000000001,0.0013859140733274433,1,1,3,0,-0.0013859140733274433,0.007435095783223877,-0.003102527579624703,-0.003102527579624703,0.01932394023190774,-0.07172005588379012
2020-07,2020-06,1,False,1,1,2020-06-21,2020-06-26,1770.77,1732.185,0.02227533433207185,1,1,3,0,-0.02227533433207185,-0.00989487704218095,0.01594395804885873,0.01594395804885873,0.016945535693163604,-1.3145252375266285
2020-08,2020-07,1,False,1,1,2020-07-26,2020-07-31,1974.8,1870.8700000000001,0.055551695200628526,1,1,8,0,-0.055551695200628526,-0.011409637709274723,0.038679612467521496,0.038679612467521496,0.017051571971758845,-3.2578635736713517
2020-09,2020-08,-1,False,1,0,2020-08-23,2020-08-28,1964.56,1970.54,-0.003034701147908714,-1,-1,3,1,0.003034701147908714,-0.013918316945446874,0.012842523135617068,-0.012842523135617068,0.029182681323110613,0.10398979841189047
2020-10,2020-09,-1,False,1,0,2020-09-20,2020-09-25,1861.51,1921.2875,-0.031113250879943766,-1,0,1,0,0.031113250879943766,0.032592411661639065,-0.04534521752062903,,0.026781592280570463,1.1617401442749855
2020-11,2020-10,-1,False,1,0,2020-10-25,2020-10-30,1878.94,1902.145,-0.01219938543065846,-1,-1,2,1,0.01219938543065846,0.008965599909156352,-0.01162521567142194,0.01162521567142194,0.020943086646547582,0.5825017886114462
2020-12,2020-11,-1,False,-1,1,2020-11-22,2020-11-27,1786.66,1874.1875,-0.04670157068062819,-1,-1,3,0,-0.04670157068062819,-0.03265629743753917,-0.04487840864744641,0.04487840864744641,0.026187946367978245,-1.783323137461948
2021-01,2020-12,1,False,-1,0,2020-12-20,2020-12-25,1879.2,1859.395,0.01065131400267294,1,1,3,1,0.01065131400267294,-0.013697089818136776,-0.0009410038437615009,-0.0009410038437615009,0.029062441012132782,0.3664975697748962
2021-02,2021-01,-1,False,-1,1,2021-01-24,2021-01-29,1847.54,1844.8200000000002,0.0014743985863119313,1,0,1,0,0.0014743985863119313,0.002565973806073818,-0.004225549483124813,,0.015412816447534936,0.09566055570250698
2021-03,2021-02,-1,False,-1,1,2021-02-21,2021-02-26,1734.89,1789.3274999999999,-0.03042344120905749,-1,-1,4,0,-0.03042344120905749,-0.012057452950525183,-0.027587985045764984,0.027587985045764984,0.015498577083462148,-1.962982862570075
2021-04,2021-03,1,False,-1,0,2021-03-21,2021-03-26,1732.08,1725.8400000000001,0.0036156306494228296,1,1,2,1,0.0036156306494228296,-0.006912636103350467,-0.007244715484433062,-0.007244715484433062,0.016550513410268777,0.21846033170061718
2021-05,2021-04,1,False,-1,0,2021-04-25,2021-04-30,1768.36,1766.255,0.0011917871428530624,1,1,4,1,0.0011917871428530624,-0.010424583670036736,-0.004727706612035476,-0.004727706612035476,0.009734105569902224,0.12243417068929872
2021-06,2021-05,-1,False,1,0,2021-05-23,2021-05-28,1903.4,1864.7024999999999,0.020752640166461056,1,1,8,0,-0.020752640166461056,0.006734569289870818,0.01176333009084285,0.01176333009084285,0.0126906808889382,-1.635266093921725
2021-07,2021-06,-1,False,1,0,2021-06-20,2021-06-25,1781.18,1828.4525,-0.02585382994636176,-1,-1,3,1,0.02585382994636176,-0.0250967444865009,0.0095732560973536,-0.0095732560973536,0.028453254612029973,0.9086422730505782
2021-08,2021-07,-1,False,1,0,2021-07-25,2021-07-30,1814.06,1809.0425,0.002773566679610928,1,0,1,0,-0.002773566679610928,-0.00291227601696864,0.006647873568321083,,0.02332179012585837,-0.11892597715025727
2021-09,2021-08,-1,False,-1,1,2021-08-22,2021-08-27,1816.98,1785.2425,0.017777696867512294,1,0,1,0,0.017777696867512294,0.019656361208613693,0.02011048979316854,,0.014305909135082125,1.2426820763118345
2021-10,2021-09,1,False,-1,0,2021-09-19,2021-09-24,1750.44,1779.9625,-0.016586023581957487,-1,-1,3,0,-0.016586023581957487,0.006873599399817798,-0.002285616574995042,0.002285616574995042,0.01674516612375858,-0.9904962100330976
2021-11,2021-10,1,False,-1,0,2021-10-24,2021-10-29,1783.23,1775.1575,0.004547483814816511,1,1,4,1,0.004547483814816511,-0.008651570125825847,-0.005338018741633199,-0.005338018741633199,0.012290134532493214,0.3700109061291125
2021-12,2021-11,-1,False,1,0,2021-11-21,2021-11-26,1788.06,1829.135,-0.02245596962498675,-1,0,1,0,0.02245596962498675,0.03237020309431193,-0.03141301698220522,,0.01832907043689591,1.2251559457037988
2022-01,2021-12,1,False,1,1,2021-12-26,2021-12-31,1829.16,1804.5325,0.01364757908211689,1,1,3,0,-0.01364757908211689,-0.005174810590721446,0.011541290390368886,0.011541290390368886,0.016792018072664075,-0.8127420434553929
2022-02,2022-01,1,False,1,1,2022-01-23,2022-01-28,1791.62,1810.1125,-0.01021621584293797,-1,0,1,0,0.01021621584293797,0.018483608351034242,-0.023395510591210922,,0.013718356133834077,0.7447113738169655
2022-03,2022-02,1,False,1,1,2022-02-20,2022-02-25,1888.98,1863.3725,0.01374255550084591,1,1,3,0,-0.01374255550084591,0.018142416624443047,-0.00457929987827177,-0.00457929987827177,0.018041499070381273,-0.7617191591028631
2022-04,2022-03,-1,False,1,0,2022-03-20,2022-03-25,1958.02,1959.3475,-0.0006775214707958055,-1,-1,2,1,0.0006775214707958055,-0.010160043777937777,0.019249989588972616,-0.019249989588972616,0.023104043271297437,0.029324800981372055
2022-05,2022-04,-1,False,1,0,2022-04-24,2022-04-29,1896.43,1937.0700000000002,-0.020980140108514456,-1,-1,2,1,0.020980140108514456,0.014366769604172602,-0.018060280327860334,0.018060280327860334,0.019984516031496008,1.0498197742416842
2022-06,2022-05,-1,False,-1,1,2022-05-22,2022-05-27,1853.48,1848.655,0.0026100056527584847,1,0,1,0,0.0026100056527584847,0.009602881013931475,0.0038399254761993795,,0.020029733750464587,0.13030655750468706
2022-07,2022-06,-1,False,-1,1,2022-06-19,2022-06-24,1827.13,1847.13,-0.010827608235478792,-1,-1,2,0,-0.010827608235478792,-0.003103939445601056,-0.0066706534739588985,0.0066706534739588985,0.017597553866835963,-0.6152905294345659
2022-08,2022-07,1,False,-1,0,2022-07-24,2022-07-29,1765.93,1735.7024999999999,0.01741513882707446,1,0,1,0,0.01741513882707446,0.02858098353567773,0.022340708835550727,,0.019773636774529615,0.8807251304174288
2022-09,2022-08,-1,False,-1,1,2022-08-21,2022-08-26,1737.66,1765.3725,-0.0156978201484389,-1,-1,2,0,-0.0156978201484389,-0.0013108733406484996,-0.005312145809243551,0.005312145809243551,0.02233116629084879,-0.7029556783548648
2022-10,2022-09,-1,False,-1,1,2022-09-25,2022-09-30,1659.84,1673.7925,-0.008335860030439957,-1,-1,7,0,-0.008335860030439957,0.01764800101748043,0.010200355430046049,-0.010200355430046049,0.016715246548461484,-0.49869800043166046
2022-11,2022-10,1,False,-1,0,2022-10-23,2022-10-28,1644.07,1660.035,-0.00961726710581412,-1,-1,3,0,-0.00961726710581412,-0.005802612160059062,-0.008180353878730617,0.008180353878730617,0.018416282354633173,-0.5222154461263788
2022-12,2022-11,1,False,-1,0,2022-11-20,2022-11-25,1754.44,1739.39,0.008652458620550751,1,1,4,1,0.008652458620550751,-0.014102861445052906,0.002107668142224739,0.002107668142224739,0.025584732095887217,0.3381883612508746
2023-01,2022-12,1,False,1,1,2022-12-25,2022-12-30,1823.51,1802.96,0.011397923414828925,1,1,9,0,-0.011397923414828925,-0.010453021363180603,0.014086465203705822,0.014086465203705822,0.020572762757988042,-0.5540297892369032
2023-02,2023-01,-1,False,1,0,2023-01-22,2023-01-27,1926.73,1909.65,0.008944047338517391,1,1,13,0,-0.008944047338517391,0.013326893211262458,0.00048291619067408753,0.00048291619067408753,0.011914864506814518,-0.7506629499145362
2023-03,2023-02,1,False,1,1,2023-02-19,2023-02-24,1810.83,1845.9025000000001,-0.01900019096349903,-1,-1,4,1,0.01900019096349903,0.001699060622983417,-0.01715659668700209,0.01715659668700209,0.020235749398093614,0.9389417999656101
2023-04,2023-03,1,False,1,1,2023-03-26,2023-03-31,1968.35,1950.6750000000002,0.00906096607584539,1,1,5,0,-0.00906096607584539,0.019949736586232225,-0.0050949490252372165,-0.0050949490252372165,0.02678174000898793,-0.33832626531377485
2023-05,2023-04,-1,False,1,0,2023-04-23,2023-04-28,1989.74,1995.77,-0.0030213902403583015,-1,-1,2,1,0.0030213902403583015,-0.0008835595881329095,0.0035760219907698954,-0.0035760219907698954,0.024525573576674193,0.12319345889760916
2023-06,2023-05,-1,False,1,0,2023-05-21,2023-05-26,1946.23,1987.79,-0.02090764114921595,-1,-1,2,1,0.02090764114921595,0.010396888360170276,-0.015892519442169073,0.015892519442169073,0.013131438740366456,1.5921820573205892
2023-07,2023-06,1,False,1,1,2023-06-25,2023-06-30,1919.42,1939.6100000000001,-0.01040930908790949,-1,-1,2,1,0.01040930908790949,-0.0029538171079785958,-0.0006976405172951505,0.0006976405172951505,0.009500460308946796,1.0956636572763545
2023-08,2023-07,-1,False,-1,1,2023-07-23,2023-07-28,1959.14,1950.365,0.004499157849940927,1,1,3,1,0.004499157849940927,-0.006475185531826577,-0.0013202632370407086,-0.0013202632370407086,0.009687808700871645,0.46441439843213694
2023-09,2023-08,-1,False,-1,1,2023-08-20,2023-08-25,1914.45,1914.9775,-0.00027546015553703285,-1,-1,4,0,-0.00027546015553703285,0.018881926340841848,0.01333862643906314,-0.01333862643906314,0.011320837688592007,-0.024332135405016334
2023-10,2023-09,0,True,-1,0,2023-09-24,2023-09-29,1848.37,1904.01,-0.02922253559592658,-1,-1,3,0,-0.02922253559592658,-0.028322146638276036,-0.03991252902280795,0.03991252902280795,0.017599619450101776,-1.6604072422575926
2023-11,2023-10,1,False,-1,0,2023-10-22,2023-10-27,2005.76,1938.1275,0.03489579503928408,1,1,3,1,0.03489579503928408,-0.00860582178836311,0.012304555410875162,0.012304555410875162,0.02773483113525119,1.2581938887282875
2023-12,2023-11,1,False,1,1,2023-11-19,2023-11-24,2002.12,1978.08,0.012153199061716302,1,1,2,0,-0.012153199061716302,-0.011460926740987087,0.010987901189682736,0.010987901189682736,0.02500495446481039,-0.48603164140208954
