kind,f1,f2,q1,q2,t1,t2,dev_acc,dev_ba,dev_flips,dev_corrected,dev_damaged,val_acc,val_ba,val_flips,val_corrected,val_damaged,dev_net,val_net,qualified
single,conflict_strength,,0.25,,0.006398134300777569,,0.6615384615384615,0.6593224354418384,28,23,5,0.5833333333333334,0.5734265734265734,4,4,0,18,4,True
single,conflict_strength,,0.5,,0.01271093901384629,,0.6384615384615384,0.6345652688936271,19,17,2,0.5,0.4825174825174825,2,2,0,15,2,True
single,conflict_strength,,0.75,,0.020082739597108046,,0.5846153846153846,0.5818526415541341,10,9,1,0.5,0.4825174825174825,2,2,0,8,2,True
single,raw_persistence,,0.25,,2.0,,0.676923076923077,0.6751954513148544,38,29,9,0.75,0.7482517482517483,8,8,0,20,8,True
single,raw_persistence,,0.5,,3.0,,0.6153846153846154,0.6126510305614783,22,17,5,0.625,0.6258741258741258,5,5,0,12,5,True
single,raw_persistence,,0.75,,3.0,,0.6153846153846154,0.6126510305614783,22,17,5,0.625,0.6258741258741258,5,5,0,12,5,True
single,gap_accel,,0.25,,-0.009385991934434179,,0.6461538461538462,0.6439232409381663,28,22,6,0.5416666666666666,0.534965034965035,3,3,0,16,3,True
single,gap_accel,,0.5,,-0.001171070037346178,,0.6230769230769231,0.6205875384979862,19,16,3,0.4583333333333333,0.44405594405594406,1,1,0,13,1,False
single,gap_accel,,0.75,,0.008583643211053732,,0.5846153846153846,0.5813788201847903,10,9,1,0.4583333333333333,0.44405594405594406,1,1,0,8,1,False
single,oriented_weekly_ret,,0.25,,-0.003989161530665641,,0.6615384615384615,0.6593224354418384,28,23,5,0.5416666666666666,0.534965034965035,3,3,0,18,3,True
single,oriented_weekly_ret,,0.5,,0.005764813418780379,,0.6538461538461539,0.6513859275053304,19,18,1,0.4583333333333333,0.44405594405594406,1,1,0,17,1,False
single,oriented_weekly_ret,,0.75,,0.01454815561466924,,0.5846153846153846,0.5809049988154465,10,9,1,0.4583333333333333,0.44405594405594406,1,1,0,8,1,False
single,strength_z,,0.25,,0.4078906376017406,,0.6615384615384615,0.6593224354418384,28,23,5,0.5,0.4825174825174825,2,2,0,18,2,True
single,strength_z,,0.5,,0.7040784032576182,,0.6384615384615384,0.6345652688936271,19,17,2,0.5,0.4825174825174825,2,2,0,15,2,True
single,strength_z,,0.75,,1.1819136256043652,,0.5846153846153846,0.5813788201847903,10,9,1,0.4166666666666667,0.40559440559440557,0,0,0,8,0,False
and,conflict_strength,raw_persistence,0.5,0.5,0.01271093901384629,3.0,0.5923076923076923,0.5888415067519546,11,10,1,0.4583333333333333,0.44405594405594406,1,1,0,9,1,False
and,conflict_strength,raw_persistence,0.25,0.5,0.006398134300777569,3.0,0.5923076923076923,0.5893153281212983,15,12,3,0.5416666666666666,0.534965034965035,3,3,0,9,3,True
and,conflict_strength,raw_persistence,0.5,0.25,0.01271093901384629,2.0,0.6384615384615384,0.6345652688936271,19,17,2,0.5,0.4825174825174825,2,2,0,15,2,True
and,conflict_strength,gap_accel,0.5,0.5,0.01271093901384629,-0.001171070037346178,0.6076923076923076,0.6037668798862829,13,12,1,0.4583333333333333,0.44405594405594406,1,1,0,11,1,False
and,conflict_strength,gap_accel,0.25,0.5,0.006398134300777569,-0.001171070037346178,0.6230769230769231,0.6205875384979862,19,16,3,0.4583333333333333,0.44405594405594406,1,1,0,13,1,False
and,conflict_strength,gap_accel,0.5,0.25,0.01271093901384629,-0.009385991934434179,0.6307692307692307,0.6271025823264629,16,15,1,0.4583333333333333,0.44405594405594406,1,1,0,14,1,False
and,conflict_strength,oriented_weekly_ret,0.5,0.5,0.01271093901384629,0.005764813418780379,0.6230769230769231,0.6201137171286425,15,14,1,0.4583333333333333,0.44405594405594406,1,1,0,13,1,False
and,conflict_strength,oriented_weekly_ret,0.25,0.5,0.006398134300777569,0.005764813418780379,0.6538461538461539,0.6513859275053304,19,18,1,0.4583333333333333,0.44405594405594406,1,1,0,17,1,False
and,conflict_strength,oriented_weekly_ret,0.5,0.25,0.01271093901384629,-0.003989161530665641,0.6384615384615384,0.6345652688936271,19,17,2,0.4583333333333333,0.44405594405594406,1,1,0,15,1,False
and,conflict_strength,strength_z,0.5,0.5,0.01271093901384629,0.7040784032576182,0.6230769230769231,0.619166074389955,17,15,2,0.5,0.4825174825174825,2,2,0,13,2,True
and,conflict_strength,strength_z,0.25,0.5,0.006398134300777569,0.7040784032576182,0.6384615384615384,0.6345652688936271,19,17,2,0.5,0.4825174825174825,2,2,0,15,2,True
and,conflict_strength,strength_z,0.5,0.25,0.01271093901384629,0.4078906376017406,0.6384615384615384,0.6345652688936271,19,17,2,0.5,0.4825174825174825,2,2,0,15,2,True
and,raw_persistence,gap_accel,0.5,0.5,3.0,-0.001171070037346178,0.5615384615384615,0.5585169391139541,7,6,1,0.4166666666666667,0.40559440559440557,0,0,0,5,0,False
and,raw_persistence,gap_accel,0.25,0.5,2.0,-0.001171070037346178,0.6230769230769231,0.6205875384979862,19,16,3,0.4583333333333333,0.44405594405594406,1,1,0,13,1,False
and,raw_persistence,gap_accel,0.5,0.25,3.0,-0.009385991934434179,0.5846153846153846,0.5813788201847903,12,10,2,0.4583333333333333,0.45104895104895104,1,1,0,8,1,False
and,raw_persistence,oriented_weekly_ret,0.5,0.5,3.0,0.005764813418780379,0.6,0.5972518360578062,10,10,0,0.4166666666666667,0.40559440559440557,0,0,0,10,0,False
and,raw_persistence,oriented_weekly_ret,0.25,0.5,2.0,0.005764813418780379,0.6538461538461539,0.6513859275053304,19,18,1,0.4583333333333333,0.44405594405594406,1,1,0,17,1,False
and,raw_persistence,oriented_weekly_ret,0.5,0.25,3.0,-0.003989161530665641,0.6,0.5972518360578062,16,13,3,0.5,0.49650349650349646,2,2,0,10,2,True
and,raw_persistence,strength_z,0.5,0.5,3.0,0.7040784032576182,0.6,0.5963041933191187,12,11,1,0.4583333333333333,0.44405594405594406,1,1,0,10,1,False
and,raw_persistence,strength_z,0.25,0.5,2.0,0.7040784032576182,0.6384615384615384,0.6345652688936271,19,17,2,0.5,0.4825174825174825,2,2,0,15,2,True
and,raw_persistence,strength_z,0.5,0.25,3.0,0.4078906376017406,0.5923076923076923,0.5893153281212983,15,12,3,0.4583333333333333,0.44405594405594406,1,1,0,9,1,False
and,gap_accel,oriented_weekly_ret,0.5,0.5,-0.001171070037346178,0.005764813418780379,0.6230769230769231,0.6201137171286425,15,14,1,0.4583333333333333,0.44405594405594406,1,1,0,13,1,False
and,gap_accel,oriented_weekly_ret,0.25,0.5,-0.009385991934434179,0.005764813418780379,0.6461538461538462,0.6434494195688225,18,17,1,0.4583333333333333,0.44405594405594406,1,1,0,16,1,False
and,gap_accel,oriented_weekly_ret,0.5,0.25,-0.001171070037346178,-0.003989161530665641,0.6230769230769231,0.6205875384979862,19,16,3,0.4583333333333333,0.44405594405594406,1,1,0,13,1,False
and,gap_accel,strength_z,0.5,0.5,-0.001171070037346178,0.7040784032576182,0.6076923076923076,0.6042407012556266,13,12,1,0.4583333333333333,0.44405594405594406,1,1,0,11,1,False
and,gap_accel,strength_z,0.25,0.5,-0.009385991934434179,0.7040784032576182,0.6307692307692307,0.6271025823264629,16,15,1,0.4583333333333333,0.44405594405594406,1,1,0,14,1,False
and,gap_accel,strength_z,0.5,0.25,-0.001171070037346178,0.4078906376017406,0.6230769230769231,0.6205875384979862,19,16,3,0.4583333333333333,0.44405594405594406,1,1,0,13,1,False
and,oriented_weekly_ret,strength_z,0.5,0.5,0.005764813418780379,0.7040784032576182,0.6307692307692307,0.6275764036958067,16,15,1,0.4583333333333333,0.44405594405594406,1,1,0,14,1,False
and,oriented_weekly_ret,strength_z,0.25,0.5,-0.003989161530665641,0.7040784032576182,0.6384615384615384,0.6345652688936271,19,17,2,0.4583333333333333,0.44405594405594406,1,1,0,15,1,False
and,oriented_weekly_ret,strength_z,0.5,0.25,0.005764813418780379,0.4078906376017406,0.6538461538461539,0.6513859275053304,19,18,1,0.4583333333333333,0.44405594405594406,1,1,0,17,1,False
