week,best_scheme,sunday_present,sunday_open,sunday_volume,monfri_n,monfri_open_diff,monfri_high_diff,monfri_low_diff,monfri_close_diff,monfri_vol_diff,monfri_exact,sunfri_n,sunfri_open_diff,sunfri_high_diff,sunfri_low_diff,sunfri_close_diff,sunfri_vol_diff,sunfri_exact,sunsat_n,sunsat_open_diff,sunsat_high_diff,sunsat_low_diff,sunsat_close_diff,sunsat_vol_diff,sunsat_exact
2010-01-03,SUN_FRI,False,,0.0,5,0.0,0.0,0.0,0.0,0.0,True,5,0.0,0.0,0.0,0.0,0.0,True,5,0.0,0.0,0.0,0.0,0.0,True
2010-01-10,SUN_FRI,False,,0.0,5,0.0,0.0,0.0,0.0,0.0,True,5,0.0,0.0,0.0,0.0,0.0,True,5,0.0,0.0,0.0,0.0,0.0,True
2010-01-17,SUN_FRI,False,,0.0,5,0.0,0.0,0.0,0.0,0.0,True,5,0.0,0.0,0.0,0.0,0.0,True,5,0.0,0.0,0.0,0.0,0.0,True
2010-01-24,SUN_FRI,False,,0.0,5,0.0,0.0,0.0,0.0,0.0,True,5,0.0,0.0,0.0,0.0,0.0,True,5,0.0,0.0,0.0,0.0,0.0,True
2010-01-31,SUN_FRI,False,,0.0,5,0.0,0.0,0.0,0.0,0.0,True,5,0.0,0.0,0.0,0.0,0.0,True,5,0.0,0.0,0.0,0.0,0.0,True
2010-02-07,SUN_FRI,False,,0.0,5,0.0,0.0,0.0,0.0,0.0,True,5,0.0,0.0,0.0,0.0,0.0,True,5,0.0,0.0,0.0,0.0,0.0,True
2010-02-14,SUN_FRI,False,,0.0,5,0.0,0.0,0.0,0.0,0.0,True,5,0.0,0.0,0.0,0.0,0.0,True,5,0.0,0.0,0.0,0.0,0.0,True
2010-02-21,SUN_FRI,False,,0.0,5,0.0,0.0,0.0,0.0,0.0,True,5,0.0,0.0,0.0,0.0,0.0,True,5,0.0,0.0,0.0,0.0,0.0,True
2010-02-28,SUN_FRI,False,,0.0,5,0.0,0.0,0.0,0.0,0.0,True,5,0.0,0.0,0.0,0.0,0.0,True,5,0.0,0.0,0.0,0.0,0.0,True
2010-03-07,SUN_FRI,False,,0.0,5,0.0,0.0,0.0,0.0,0.0,True,5,0.0,0.0,0.0,0.0,0.0,True,5,0.0,0.0,0.0,0.0,0.0,True
2010-03-14,SUN_FRI,False,,0.0,5,0.0,0.0,0.0,0.0,0.0,True,5,0.0,0.0,0.0,0.0,0.0,True,5,0.0,0.0,0.0,0.0,0.0,True
2010-03-21,SUN_FRI,False,,0.0,5,0.0,0.0,0.0,0.0,0.0,True,5,0.0,0.0,0.0,0.0,0.0,True,5,0.0,0.0,0.0,0.0,0.0,True
2010-03-28,SUN_FRI,False,,0.0,5,0.0,0.0,0.0,0.0,0.0,True,5,0.0,0.0,0.0,0.0,0.0,True,5,0.0,0.0,0.0,0.0,0.0,True
2010-04-04,SUN_FRI,False,,0.0,5,0.0,0.0,0.0,0.0,0.0,True,5,0.0,0.0,0.0,0.0,0.0,True,5,0.0,0.0,0.0,0.0,0.0,True
2010-04-11,SUN_FRI,False,,0.0,5,0.0,0.0,0.0,0.0,0.0,True,5,0.0,0.0,0.0,0.0,0.0,True,5,0.0,0.0,0.0,0.0,0.0,True
2010-04-18,SUN_FRI,False,,0.0,5,0.0,0.0,0.0,0.0,0.0,True,5,0.0,0.0,0.0,0.0,0.0,True,5,0.0,0.0,0.0,0.0,0.0,True
2010-04-25,SUN_FRI,False,,0.0,5,0.0,0.0,0.0,0.0,0.0,True,5,0.0,0.0,0.0,0.0,0.0,True,5,0.0,0.0,0.0,0.0,0.0,True
2010-05-02,SUN_FRI,False,,0.0,5,0.0,0.0,0.0,0.0,0.0,True,5,0.0,0.0,0.0,0.0,0.0,True,5,0.0,0.0,0.0,0.0,0.0,True
2010-05-09,SUN_FRI,False,,0.0,5,0.0,0.0,0.0,0.0,0.0,True,5,0.0,0.0,0.0,0.0,0.0,True,5,0.0,0.0,0.0,0.0,0.0,True
2010-05-16,SUN_FRI,False,,0.0,5,0.0,0.0,0.0,0.0,0.0,True,5,0.0,0.0,0.0,0.0,0.0,True,5,0.0,0.0,0.0,0.0,0.0,True
2010-05-23,SUN_FRI,False,,0.0,5,0.0,0.0,0.0,0.0,0.0,True,5,0.0,0.0,0.0,0.0,0.0,True,5,0.0,0.0,0.0,0.0,0.0,True
2010-05-30,SUN_FRI,False,,0.0,5,0.0,0.0,0.0,0.0,0.0,True,5,0.0,0.0,0.0,0.0,0.0,True,5,0.0,0.0,0.0,0.0,0.0,True
2010-06-06,SUN_FRI,False,,0.0,5,0.0,0.0,0.0,0.0,0.0,True,5,0.0,0.0,0.0,0.0,0.0,True,5,0.0,0.0,0.0,0.0,0.0,True
2010-06-13,SUN_FRI,False,,0.0,5,0.0,0.0,0.0,0.0,0.0,True,5,0.0,0.0,0.0,0.0,0.0,True,5,0.0,0.0,0.0,0.0,0.0,True
2010-06-20,SUN_FRI,False,,0.0,5,0.0,0.0,0.0,0.0,0.0,True,5,0.0,0.0,0.0,0.0,0.0,True,5,0.0,0.0,0.0,0.0,0.0,True
2010-06-27,SUN_FRI,False,,0.0,5,0.0,0.0,0.0,0.0,0.0,True,5,0.0,0.0,0.0,0.0,0.0,True,5,0.0,0.0,0.0,0.0,0.0,True
2010-07-04,SUN_FRI,False,,0.0,5,0.0,0.0,0.0,0.0,0.0,True,5,0.0,0.0,0.0,0.0,0.0,True,5,0.0,0.0,0.0,0.0,0.0,True
2010-07-11,SUN_FRI,False,,0.0,5,0.0,0.0,0.0,0.0,0.0,True,5,0.0,0.0,0.0,0.0,0.0,True,5,0.0,0.0,0.0,0.0,0.0,True
2010-07-18,SUN_FRI,False,,0.0,5,0.0,0.0,0.0,0.0,0.0,True,5,0.0,0.0,0.0,0.0,0.0,True,5,0.0,0.0,0.0,0.0,0.0,True
2010-07-25,SUN_FRI,False,,0.0,5,0.0,0.0,0.0,0.0,0.0,True,5,0.0,0.0,0.0,0.0,0.0,True,5,0.0,0.0,0.0,0.0,0.0,True
2010-08-01,SUN_FRI,False,,0.0,5,0.0,0.0,0.0,0.0,0.0,True,5,0.0,0.0,0.0,0.0,0.0,True,5,0.0,0.0,0.0,0.0,0.0,True
2010-08-08,SUN_FRI,False,,0.0,5,0.0,0.0,0.0,0.0,0.0,True,5,0.0,0.0,0.0,0.0,0.0,True,5,0.0,0.0,0.0,0.0,0.0,True
2010-08-15,SUN_FRI,False,,0.0,5,0.0,0.0,0.0,0.0,0.0,True,5,0.0,0.0,0.0,0.0,0.0,True,5,0.0,0.0,0.0,0.0,0.0,True
2010-08-22,SUN_FRI,False,,0.0,5,0.0,0.0,0.0,0.0,0.0,True,5,0.0,0.0,0.0,0.0,0.0,True,5,0.0,0.0,0.0,0.0,0.0,True
2010-08-29,SUN_FRI,False,,0.0,5,0.0,0.0,0.0,0.0,0.0,True,5,0.0,0.0,0.0,0.0,0.0,True,5,0.0,0.0,0.0,0.0,0.0,True
2010-09-05,SUN_FRI,False,,0.0,5,0.0,0.0,0.0,0.0,0.0,True,5,0.0,0.0,0.0,0.0,0.0,True,5,0.0,0.0,0.0,0.0,0.0,True
2010-09-12,SUN_FRI,False,,0.0,5,0.0,0.0,0.0,0.0,0.0,True,5,0.0,0.0,0.0,0.0,0.0,True,5,0.0,0.0,0.0,0.0,0.0,True
2010-09-19,SUN_FRI,False,,0.0,5,0.0,0.0,0.0,0.0,0.0,True,5,0.0,0.0,0.0,0.0,0.0,True,5,0.0,0.0,0.0,0.0,0.0,True
2010-09-26,SUN_FRI,False,,0.0,5,0.0,0.0,0.0,0.0,0.0,True,5,0.0,0.0,0.0,0.0,0.0,True,5,0.0,0.0,0.0,0.0,0.0,True
2010-10-03,SUN_FRI,False,,0.0,5,0.0,0.0,0.0,0.0,0.0,True,5,0.0,0.0,0.0,0.0,0.0,True,5,0.0,0.0,0.0,0.0,0.0,True
2010-10-10,SUN_FRI,True,1348.57,732.0,5,-0.33999999999991815,0.0,0.0,0.0,-732.0,False,6,0.0,0.0,0.0,0.0,0.0,True,6,0.0,0.0,0.0,0.0,0.0,True
2010-10-17,SUN_FRI,True,1370.6,615.0,5,-1.4699999999998,0.0,0.0,0.0,-615.0,False,6,0.0,0.0,0.0,0.0,0.0,True,6,0.0,0.0,0.0,0.0,0.0,True
2010-10-24,SUN_FRI,True,1331.5,651.0,5,-4.269999999999982,0.0,0.0,0.0,-651.0,False,6,0.0,0.0,0.0,0.0,0.0,True,6,0.0,0.0,0.0,0.0,0.0,True
2010-10-31,SUN_FRI,True,1360.1,861.0,5,-2.0699999999999363,0.0,0.0,0.0,-861.0,False,6,0.0,0.0,0.0,0.0,0.0,True,6,0.0,0.0,0.0,0.0,0.0,True
2010-11-07,SUN_FRI,True,1396.27,528.0,5,-2.849999999999909,0.0,0.0,0.0,-528.0,False,6,0.0,0.0,0.0,0.0,0.0,True,6,0.0,0.0,0.0,0.0,0.0,True
2010-11-14,SUN_FRI,True,1370.35,461.0,5,-0.8199999999999363,0.0,0.0,0.0,-461.0,False,6,0.0,0.0,0.0,0.0,0.0,True,6,0.0,0.0,0.0,0.0,0.0,True
2010-11-21,SUN_FRI,True,1354.9,521.0,5,4.379999999999882,0.0,0.0,0.0,-521.0,False,6,0.0,0.0,0.0,0.0,0.0,True,6,0.0,0.0,0.0,0.0,0.0,True
2010-11-28,SUN_FRI,True,1363.15,866.0,5,0.8999999999998636,0.0,0.0,0.0,-866.0,False,6,0.0,0.0,0.0,0.0,0.0,True,6,0.0,0.0,0.0,0.0,0.0,True
2010-12-05,SUN_FRI,True,1414.75,611.0,5,-0.5499999999999545,0.0,0.0,0.0,-611.0,False,6,0.0,0.0,0.0,0.0,0.0,True,6,0.0,0.0,0.0,0.0,0.0,True
2010-12-12,SUN_FRI,True,1383.1,570.0,5,2.5800000000001546,0.0,0.0,0.0,-570.0,False,6,0.0,0.0,0.0,0.0,0.0,True,6,0.0,0.0,0.0,0.0,0.0,True
2010-12-19,SUN_FRI,True,1377.5,746.0,5,-2.9200000000000728,0.0,0.0,0.0,-746.0,False,6,0.0,0.0,0.0,0.0,0.0,True,6,0.0,0.0,0.0,0.0,0.0,True
2010-12-26,SUN_FRI,True,1376.55,591.0,5,8.090000000000146,0.0,0.0,0.0,-591.0,False,6,0.0,0.0,0.0,0.0,0.0,True,6,0.0,0.0,0.0,0.0,0.0,True
2011-01-02,SUN_FRI,True,1419.5,319.0,5,1.4800000000000182,0.0,0.0,0.0,-319.0,False,6,0.0,0.0,0.0,0.0,0.0,True,6,0.0,0.0,0.0,0.0,0.0,True
2011-01-09,SUN_FRI,True,1370.35,1111.0,5,-0.8399999999999181,0.0,0.0,0.0,-1111.0,False,6,0.0,0.0,0.0,0.0,0.0,True,6,0.0,0.0,0.0,0.0,0.0,True
2011-01-16,SUN_FRI,True,1360.55,546.0,5,-0.7699999999999818,0.0,0.0,0.0,-546.0,False,6,0.0,0.0,0.0,0.0,0.0,True,6,0.0,0.0,0.0,0.0,0.0,True
2011-01-23,SUN_FRI,True,1344.6,756.0,5,-2.1499999999998636,0.0,0.0,0.0,-756.0,False,6,0.0,0.0,0.0,0.0,0.0,True,6,0.0,0.0,0.0,0.0,0.0,True
2011-01-30,SUN_FRI,True,1339.2,791.0,5,-1.5,0.0,0.0,0.0,-791.0,False,6,0.0,0.0,0.0,0.0,0.0,True,6,0.0,0.0,0.0,0.0,0.0,True
2011-02-06,SUN_FRI,True,1347.1,481.0,5,1.4500000000000455,0.0,0.0,0.0,-481.0,False,6,0.0,0.0,0.0,0.0,0.0,True,6,0.0,0.0,0.0,0.0,0.0,True
2011-02-13,SUN_FRI,True,1357.15,375.0,5,-1.050000000000182,0.0,0.0,0.0,-375.0,False,6,0.0,0.0,0.0,0.0,0.0,True,6,0.0,0.0,0.0,0.0,0.0,True
2011-02-20,SUN_FRI,True,1389.85,236.0,5,-1.0,0.0,0.0,0.0,-236.0,False,6,0.0,0.0,0.0,0.0,0.0,True,6,0.0,0.0,0.0,0.0,0.0,True
2011-02-27,SUN_FRI,True,1410.05,866.0,5,-1.099999999999909,0.0,0.0,0.0,-866.0,False,6,0.0,0.0,0.0,0.0,0.0,True,6,0.0,0.0,0.0,0.0,0.0,True
2011-03-06,SUN_FRI,True,1434.55,1036.0,5,-2.349999999999909,0.0,0.0,0.0,-1036.0,False,6,0.0,0.0,0.0,0.0,0.0,True,6,0.0,0.0,0.0,0.0,0.0,True
2011-03-13,SUN_FRI,True,1420.75,1916.0,5,-1.7799999999999727,0.0,0.0,0.0,-1916.0,False,6,0.0,0.0,0.0,0.0,0.0,True,6,0.0,0.0,0.0,0.0,0.0,True
2011-03-20,SUN_FRI,True,1425.3,653.0,5,-5.7999999999999545,0.0,0.0,0.0,-653.0,False,6,0.0,0.0,0.0,0.0,0.0,True,6,0.0,0.0,0.0,0.0,0.0,True
2011-03-27,SUN_FRI,True,1427.76,875.0,5,0.2899999999999636,0.0,0.0,0.0,-875.0,False,6,0.0,0.0,0.0,0.0,0.0,True,6,0.0,0.0,0.0,0.0,0.0,True
2011-04-03,SUN_FRI,True,1428.66,429.0,5,-0.8600000000001273,0.0,0.0,0.0,-429.0,False,6,0.0,0.0,0.0,0.0,0.0,True,6,0.0,0.0,0.0,0.0,0.0,True
2011-04-10,SUN_FRI,True,1474.35,455.0,5,0.20000000000004547,0.0,0.0,0.0,-455.0,False,6,0.0,0.0,0.0,0.0,0.0,True,6,0.0,0.0,0.0,0.0,0.0,True
2011-04-17,SUN_FRI,True,1486.6,556.0,5,-1.1499999999998636,0.0,0.0,0.0,-556.0,False,6,0.0,0.0,0.0,0.0,0.0,True,6,0.0,0.0,0.0,0.0,0.0,True
2011-04-24,SUN_FRI,True,1510.3,512.0,5,-0.34999999999990905,0.0,0.0,0.0,-512.0,False,6,0.0,0.0,0.0,0.0,0.0,True,6,0.0,0.0,0.0,0.0,0.0,True
2011-05-01,SUN_FRI,True,1554.91,706.0,5,15.539999999999964,0.0,0.0,0.0,-706.0,False,6,0.0,0.0,0.0,0.0,0.0,True,6,0.0,0.0,0.0,0.0,0.0,True
2011-05-08,SUN_FRI,True,1496.19,1175.0,5,-2.1400000000001,0.0,0.0,0.0,-1175.0,False,6,0.0,0.0,0.0,0.0,0.0,True,6,0.0,0.0,0.0,0.0,0.0,True
2011-05-15,SUN_FRI,True,1493.04,1398.0,5,-0.19000000000005457,0.0,0.0,0.0,-1398.0,False,6,0.0,0.0,0.0,0.0,0.0,True,6,0.0,0.0,0.0,0.0,0.0,True
2011-05-22,SUN_FRI,True,1512.89,1461.0,5,-0.9400000000000546,0.0,0.0,0.0,-1461.0,False,6,0.0,0.0,0.0,0.0,0.0,True,6,0.0,0.0,0.0,0.0,0.0,True
2011-05-29,SUN_FRI,True,1536.54,394.0,5,0.029999999999972715,0.0,0.0,0.0,-394.0,False,6,0.0,0.0,0.0,0.0,0.0,True,6,0.0,0.0,0.0,0.0,0.0,True
2011-06-05,SUN_FRI,True,1542.89,682.0,5,-1.1100000000001273,0.0,0.0,0.0,-682.0,False,6,0.0,0.0,0.0,0.0,0.0,True,6,0.0,0.0,0.0,0.0,0.0,True
2011-06-12,SUN_FRI,True,1529.89,676.0,5,-0.14000000000010004,0.0,0.0,0.0,-676.0,False,6,0.0,0.0,0.0,0.0,0.0,True,6,0.0,0.0,0.0,0.0,0.0,True
2011-06-19,SUN_FRI,True,1539.98,445.0,5,0.11999999999989086,0.0,0.0,0.0,-445.0,False,6,0.0,0.0,0.0,0.0,0.0,True,6,0.0,0.0,0.0,0.0,0.0,True
2011-06-26,SUN_FRI,True,1499.88,785.0,5,0.01999999999998181,0.0,0.0,0.0,-785.0,False,6,0.0,0.0,0.0,0.0,0.0,True,6,0.0,0.0,0.0,0.0,0.0,True
2011-07-03,SUN_FRI,True,1486.13,431.0,5,1.099999999999909,0.0,0.4900000000000091,0.0,-431.0,False,6,0.0,0.0,0.0,0.0,0.0,True,6,0.0,0.0,0.0,0.0,0.0,True
2011-07-10,SUN_FRI,True,1543.01,533.0,5,-0.5299999999999727,0.0,0.13999999999987267,0.0,-533.0,False,6,0.0,0.0,0.0,0.0,0.0,True,6,0.0,0.0,0.0,0.0,0.0,True
2011-07-17,SUN_FRI,True,1593.17,668.0,5,0.2300000000000182,0.0,0.0,0.0,-668.0,False,6,0.0,0.0,0.0,0.0,0.0,True,6,0.0,0.0,0.0,0.0,0.0,True
2011-07-24,SUN_FRI,True,1599.12,3231.0,5,9.88000000000011,0.0,3.880000000000109,0.0,-3231.0,False,6,0.0,0.0,0.0,0.0,0.0,True,6,0.0,0.0,0.0,0.0,0.0,True
2011-07-31,SUN_FRI,True,1619.32,2284.0,5,-9.019999999999982,0.0,1.3299999999999272,0.0,-2284.0,False,6,0.0,0.0,0.0,0.0,0.0,True,6,0.0,0.0,0.0,0.0,0.0,True
2011-08-07,SUN_FRI,True,1677.51,2246.0,5,6.470000000000027,0.0,4.740000000000009,0.0,-2246.0,False,6,0.0,0.0,0.0,0.0,0.0,True,6,0.0,0.0,0.0,0.0,0.0,True
2011-08-14,SUN_FRI,True,1743.62,2058.0,5,2.6400000000001,0.0,0.0,0.0,-2058.0,False,6,0.0,0.0,0.0,0.0,0.0,True,6,0.0,0.0,0.0,0.0,0.0,True
2011-08-21,SUN_FRI,True,1859.41,2881.0,5,5.259999999999991,0.0,0.0,0.0,-2881.0,False,6,0.0,0.0,0.0,0.0,0.0,True,6,0.0,0.0,0.0,0.0,0.0,True
2011-08-28,SUN_FRI,True,1836.83,2402.0,5,-1.759999999999991,0.0,0.0,0.0,-2402.0,False,6,0.0,0.0,0.0,0.0,0.0,True,6,0.0,0.0,0.0,0.0,0.0,True
2011-09-04,SUN_FRI,True,1876.4,1820.0,5,3.6499999999998636,0.0,0.0,0.0,-1820.0,False,6,0.0,0.0,0.0,0.0,0.0,True,6,0.0,0.0,0.0,0.0,0.0,True
2011-09-11,SUN_FRI,True,1858.47,2329.0,5,2.2799999999999727,0.0,0.0,0.0,-2329.0,False,6,0.0,0.0,0.0,0.0,0.0,True,6,0.0,0.0,0.0,0.0,0.0,True
2011-09-18,SUN_FRI,True,1817.25,1970.0,5,-2.2999999999999545,-0.37999999999988177,0.0,0.0,-1970.0,False,6,0.0,0.0,0.0,0.0,0.0,True,6,0.0,0.0,0.0,0.0,0.0,True
2011-09-25,SUN_FRI,True,1656.36,4767.0,5,-9.559999999999945,0.0,0.0,0.0,-4767.0,False,6,0.0,0.0,0.0,0.0,0.0,True,6,0.0,0.0,0.0,0.0,0.0,True
2011-10-02,SUN_FRI,True,1617.21,1779.0,5,8.839999999999918,0.0,0.0,0.0,-1779.0,False,6,0.0,0.0,0.0,0.0,0.0,True,6,0.0,0.0,0.0,0.0,0.0,True
2011-10-09,SUN_FRI,True,1638.86,1136.0,5,-0.6599999999998545,0.0,0.5299999999999727,0.0,-1136.0,False,6,0.0,0.0,0.0,0.0,0.0,True,6,0.0,0.0,0.0,0.0,0.0,True
2011-10-16,SUN_FRI,True,1678.19,1158.0,5,2.6599999999998545,0.0,0.0,0.0,-1158.0,False,6,0.0,0.0,0.0,0.0,0.0,True,6,0.0,0.0,0.0,0.0,0.0,True
2011-10-23,SUN_FRI,True,1641.9,1370.0,5,-3.5700000000001637,0.0,0.0,0.0,-1370.0,False,6,0.0,0.0,0.0,0.0,0.0,True,6,0.0,0.0,0.0,0.0,0.0,True
2011-10-30,SUN_FRI,True,1740.82,647.0,5,2.660000000000082,0.0,0.0,0.0,-647.0,False,6,0.0,0.0,0.0,0.0,0.0,True,6,0.0,0.0,0.0,0.0,0.0,True
2011-11-06,SUN_FRI,True,1752.65,2622.0,5,1.5799999999999272,0.0,0.0,0.0,-2622.0,False,6,0.0,0.0,0.0,0.0,0.0,True,6,0.0,0.0,0.0,0.0,0.0,True
2011-11-13,SUN_FRI,True,1787.92,944.0,5,0.2599999999999909,0.0,0.0,0.0,-944.0,False,6,0.0,0.0,0.0,0.0,0.0,True,6,0.0,0.0,0.0,0.0,0.0,True
2011-11-20,SUN_FRI,True,1723.49,1241.0,5,0.2400000000000091,0.0,0.0,0.0,-1241.0,False,6,0.0,0.0,0.0,0.0,0.0,True,6,0.0,0.0,0.0,0.0,0.0,True
2011-11-27,SUN_FRI,True,1683.75,1544.0,5,0.44000000000005457,0.0,0.0,0.0,-1544.0,False,6,0.0,0.0,0.0,0.0,0.0,True,6,0.0,0.0,0.0,0.0,0.0,True
2011-12-04,SUN_FRI,True,1746.67,919.0,5,2.4299999999998363,0.0,0.0,0.0,-919.0,False,6,0.0,0.0,0.0,0.0,0.0,True,6,0.0,0.0,0.0,0.0,0.0,True
2011-12-11,SUN_FRI,True,1712.49,710.0,5,0.9100000000000819,0.0,0.0,0.0,-710.0,False,6,0.0,0.0,0.0,0.0,0.0,True,6,0.0,0.0,0.0,0.0,0.0,True
2011-12-18,SUN_FRI,True,1600.76,1306.0,5,-1.1099999999999,0.0,0.0,0.0,-1306.0,False,6,0.0,0.0,0.0,0.0,0.0,True,6,0.0,0.0,0.0,0.0,0.0,True
2011-12-25,SUN_FRI,False,,0.0,5,0.0,0.0,0.0,0.0,0.0,True,5,0.0,0.0,0.0,0.0,0.0,True,5,0.0,0.0,0.0,0.0,0.0,True
2012-01-01,SUN_FRI,False,,0.0,5,0.0,0.0,0.0,0.0,0.0,True,5,0.0,0.0,0.0,0.0,0.0,True,5,0.0,0.0,0.0,0.0,0.0,True
2012-01-08,SUN_FRI,True,1616.17,1187.0,5,-0.6200000000001182,0.0,0.0,0.0,-1187.0,False,6,0.0,0.0,0.0,0.0,0.0,True,6,0.0,0.0,0.0,0.0,0.0,True
2012-01-15,SUN_FRI,True,1634.65,959.0,5,0.6299999999998818,0.0,0.0,0.0,-959.0,False,6,0.0,0.0,0.0,0.0,0.0,True,6,0.0,0.0,0.0,0.0,0.0,True
2012-01-22,SUN_FRI,True,1664.41,790.0,5,0.36999999999989086,0.0,0.0,0.0,-790.0,False,6,0.0,0.0,0.0,0.0,0.0,True,6,0.0,0.0,0.0,0.0,0.0,True
2012-01-29,SUN_FRI,True,1736.26,776.0,5,0.33999999999991815,0.0,0.0,0.0,-776.0,False,6,0.0,0.0,0.0,0.0,0.0,True,6,0.0,0.0,0.0,0.0,0.0,True
2012-02-05,SUN_FRI,True,1727.9,721.0,5,0.25,0.0,0.0,0.0,-721.0,False,6,0.0,0.0,0.0,0.0,0.0,True,6,0.0,0.0,0.0,0.0,0.0,True
2012-02-12,SUN_FRI,True,1725.0,691.0,5,-0.2999999999999545,0.0,0.0,0.0,-691.0,False,6,0.0,0.0,0.0,0.0,0.0,True,6,0.0,0.0,0.0,0.0,0.0,True
2012-02-19,SUN_FRI,True,1726.5,841.0,5,0.2999999999999545,0.0,0.12999999999988177,0.0,-841.0,False,6,0.0,0.0,0.0,0.0,0.0,True,6,0.0,0.0,0.0,0.0,0.0,True
2012-02-26,SUN_FRI,True,1775.0,421.0,5,0.049999999999954525,0.0,0.0,0.0,-421.0,False,6,0.0,0.0,0.0,0.0,0.0,True,6,0.0,0.0,0.0,0.0,0.0,True
2012-03-04,SUN_FRI,True,1710.8,671.0,5,0.0,0.0,0.0,0.0,-671.0,False,6,0.0,0.0,0.0,0.0,0.0,True,6,0.0,0.0,0.0,0.0,0.0,True
2012-03-11,SUN_FRI,True,1714.5,891.0,5,0.0,0.0,0.0,0.0,-891.0,False,6,0.0,0.0,0.0,0.0,0.0,True,6,0.0,0.0,0.0,0.0,0.0,True
2012-03-18,SUN_FRI,True,1658.5,651.0,5,0.09999999999990905,0.0,0.0,0.0,-651.0,False,6,0.0,0.0,0.0,0.0,0.0,True,6,0.0,0.0,0.0,0.0,0.0,True
2012-03-25,SUN_FRI,True,1662.5,791.0,5,-0.01999999999998181,0.0,0.0,0.0,-791.0,False,6,0.0,0.0,0.0,0.0,0.0,True,6,0.0,0.0,0.0,0.0,0.0,True
2012-04-01,SUN_FRI,True,1669.3,701.0,4,0.0,0.0,0.0,0.0,-701.0,False,5,0.0,0.0,0.0,0.0,0.0,True,5,0.0,0.0,0.0,0.0,0.0,True
2012-04-08,SUN_FRI,True,1642.5,1021.0,5,0.049999999999954525,0.0,0.0,0.0,-1021.0,False,6,0.0,0.0,0.0,0.0,0.0,True,6,0.0,0.0,0.0,0.0,0.0,True
2012-04-15,SUN_FRI,True,1656.8,781.0,5,0.40000000000009095,0.0,0.0,0.0,-781.0,False,6,0.0,0.0,0.0,0.0,0.0,True,6,0.0,0.0,0.0,0.0,0.0,True
2012-04-22,SUN_FRI,True,1641.2,511.0,5,0.44000000000005457,0.0,0.0,0.0,-511.0,False,6,0.0,0.0,0.0,0.0,0.0,True,6,0.0,0.0,0.0,0.0,0.0,True
2012-04-29,SUN_FRI,True,1662.1,261.0,5,1.9500000000000455,0.0,0.0,0.0,-261.0,False,6,0.0,0.0,0.0,0.0,0.0,True,6,0.0,0.0,0.0,0.0,0.0,True
2012-05-06,SUN_FRI,True,1642.4,1001.0,5,0.09999999999990905,0.0,0.0,0.0,-1001.0,False,6,0.0,0.0,0.0,0.0,0.0,True,6,0.0,0.0,0.0,0.0,0.0,True
2012-05-13,SUN_FRI,True,1583.4,941.0,5,1.6699999999998454,0.0,0.0,0.0,-941.0,False,6,0.0,0.0,0.0,0.0,0.0,True,6,0.0,0.0,0.0,0.0,0.0,True
2012-05-20,SUN_FRI,True,1590.6,431.0,5,-0.2999999999999545,0.0,0.0,0.0,-431.0,False,6,0.0,0.0,0.0,0.0,0.0,True,6,0.0,0.0,0.0,0.0,0.0,True
2012-05-27,SUN_FRI,True,1573.9,1071.0,5,-0.040000000000190994,0.0,0.0,0.0,-1071.0,False,6,0.0,0.0,0.0,0.0,0.0,True,6,0.0,0.0,0.0,0.0,0.0,True
2012-06-03,SUN_FRI,True,1625.1,1431.0,5,-2.5,0.0,0.0,0.0,-1431.0,False,6,0.0,0.0,0.0,0.0,0.0,True,6,0.0,0.0,0.0,0.0,0.0,True
2012-06-10,SUN_FRI,True,1602.9,1611.0,5,-1.650000000000091,0.0,0.0,0.0,-1611.0,False,6,0.0,0.0,0.0,0.0,0.0,True,6,0.0,0.0,0.0,0.0,0.0,True
2012-06-17,SUN_FRI,True,1628.8,3151.0,5,-0.19000000000005457,0.0,0.0,0.0,-3151.0,False,6,0.0,0.0,0.0,0.0,0.0,True,6,0.0,0.0,0.0,0.0,0.0,True
2012-06-24,SUN_FRI,True,1571.6,891.0,5,-3.099999999999909,0.0,0.0,0.0,-891.0,False,6,0.0,0.0,0.0,0.0,0.0,True,6,0.0,0.0,0.0,0.0,0.0,True
2012-07-01,SUN_FRI,True,1599.0,531.0,5,0.0,0.0,0.0,0.0,-531.0,False,6,0.0,0.0,0.0,0.0,0.0,True,6,0.0,0.0,0.0,0.0,0.0,True
2012-07-08,SUN_FRI,True,1581.7,741.0,5,-0.049999999999954525,0.0,0.0,0.0,-741.0,False,6,0.0,0.0,0.0,0.0,0.0,True,6,0.0,0.0,0.0,0.0,0.0,True
2012-07-15,SUN_FRI,True,1589.8,561.0,5,0.4500000000000455,0.0,0.0,0.0,-561.0,False,6,0.0,0.0,0.0,0.0,0.0,True,6,0.0,0.0,0.0,0.0,0.0,True
2012-07-22,SUN_FRI,True,1581.5,611.0,5,0.34999999999990905,0.0,0.0,0.0,-611.0,False,6,0.0,0.0,0.0,0.0,0.0,True,6,0.0,0.0,0.0,0.0,0.0,True
2012-07-29,SUN_FRI,True,1623.4,741.0,5,-0.14000000000010004,0.0,0.0,0.0,-741.0,False,6,0.0,0.0,0.0,0.0,0.0,True,6,0.0,0.0,0.0,0.0,0.0,True
2012-08-05,SUN_FRI,True,1604.0,641.0,5,0.35999999999989996,0.0,0.34999999999990905,0.0,-641.0,False,6,0.0,0.0,0.0,0.0,0.0,True,6,0.0,0.0,0.0,0.0,0.0,True
2012-08-12,SUN_FRI,True,1621.0,461.0,5,-0.11999999999989086,0.0,0.0,0.0,-461.0,False,6,0.0,0.0,0.0,0.0,0.0,True,6,0.0,0.0,0.0,0.0,0.0,True
2012-08-19,SUN_FRI,True,1616.0,351.0,5,-0.33999999999991815,0.0,0.0,0.0,-351.0,False,6,0.0,0.0,0.0,0.0,0.0,True,6,0.0,0.0,0.0,0.0,0.0,True
2012-08-26,SUN_FRI,True,1670.7,511.0,5,-1.4500000000000455,0.0,0.0,0.0,-511.0,False,6,0.0,0.0,0.0,0.0,0.0,True,6,0.0,0.0,0.0,0.0,0.0,True
2012-09-02,SUN_FRI,True,1690.7,851.0,5,0.0,0.0,0.0,0.0,-851.0,False,6,0.0,0.0,0.0,0.0,0.0,True,6,0.0,0.0,0.0,0.0,0.0,True
2012-09-09,SUN_FRI,True,1738.2,691.0,5,-3.019999999999982,0.0,0.0,0.0,-691.0,False,6,0.0,0.0,0.0,0.0,0.0,True,6,0.0,0.0,0.0,0.0,0.0,True
2012-09-16,SUN_FRI,False,,0.0,5,0.0,0.0,0.0,0.0,0.0,True,5,0.0,0.0,0.0,0.0,0.0,True,5,0.0,0.0,0.0,0.0,0.0,True
2012-09-23,SUN_FRI,False,,0.0,5,0.0,0.0,0.0,0.0,0.0,True,5,0.0,0.0,0.0,0.0,0.0,True,5,0.0,0.0,0.0,0.0,0.0,True
2012-09-30,SUN_FRI,False,,0.0,5,0.0,0.0,0.0,0.0,0.0,True,5,0.0,0.0,0.0,0.0,0.0,True,5,0.0,0.0,0.0,0.0,0.0,True
2012-10-07,SUN_FRI,False,,0.0,5,0.0,0.0,0.0,0.0,0.0,True,5,0.0,0.0,0.0,0.0,0.0,True,5,0.0,0.0,0.0,0.0,0.0,True
2012-10-14,SUN_FRI,False,,0.0,5,0.0,0.0,0.0,0.0,0.0,True,5,0.0,0.0,0.0,0.0,0.0,True,5,0.0,0.0,0.0,0.0,0.0,True
2012-10-21,SUN_FRI,False,,0.0,5,0.0,0.0,0.0,0.0,0.0,True,5,0.0,0.0,0.0,0.0,0.0,True,5,0.0,0.0,0.0,0.0,0.0,True
2012-10-28,SUN_FRI,False,,0.0,5,0.0,0.0,0.0,0.0,0.0,True,5,0.0,0.0,0.0,0.0,0.0,True,5,0.0,0.0,0.0,0.0,0.0,True
2012-11-04,SUN_FRI,False,,0.0,5,0.0,0.0,0.0,0.0,0.0,True,5,0.0,0.0,0.0,0.0,0.0,True,5,0.0,0.0,0.0,0.0,0.0,True
2012-11-11,SUN_FRI,False,,0.0,5,0.0,0.0,0.0,0.0,0.0,True,5,0.0,0.0,0.0,0.0,0.0,True,5,0.0,0.0,0.0,0.0,0.0,True
2012-11-18,SUN_FRI,False,,0.0,5,0.0,0.0,0.0,0.0,0.0,True,5,0.0,0.0,0.0,0.0,0.0,True,5,0.0,0.0,0.0,0.0,0.0,True
2012-11-25,SUN_FRI,False,,0.0,5,0.0,0.0,0.0,0.0,0.0,True,5,0.0,0.0,0.0,0.0,0.0,True,5,0.0,0.0,0.0,0.0,0.0,True
2012-12-02,SUN_FRI,False,,0.0,5,0.0,0.0,0.0,0.0,0.0,True,5,0.0,0.0,0.0,0.0,0.0,True,5,0.0,0.0,0.0,0.0,0.0,True
2012-12-09,SUN_FRI,False,,0.0,5,0.0,0.0,0.0,0.0,0.0,True,5,0.0,0.0,0.0,0.0,0.0,True,5,0.0,0.0,0.0,0.0,0.0,True
2012-12-16,SUN_FRI,False,,0.0,5,0.0,0.0,0.0,0.0,0.0,True,5,0.0,0.0,0.0,0.0,0.0,True,5,0.0,0.0,0.0,0.0,0.0,True
2012-12-23,SUN_FRI,False,,0.0,4,0.0,0.0,0.0,0.0,0.0,True,4,0.0,0.0,0.0,0.0,0.0,True,4,0.0,0.0,0.0,0.0,0.0,True
2012-12-30,SUN_FRI,False,,0.0,4,0.0,0.0,0.0,0.0,0.0,True,4,0.0,0.0,0.0,0.0,0.0,True,4,0.0,0.0,0.0,0.0,0.0,True
2013-01-06,SUN_FRI,False,,0.0,5,0.0,0.0,0.0,0.0,0.0,True,5,0.0,0.0,0.0,0.0,0.0,True,5,0.0,0.0,0.0,0.0,0.0,True
2013-01-13,SUN_FRI,False,,0.0,5,0.0,0.0,0.0,0.0,0.0,True,5,0.0,0.0,0.0,0.0,0.0,True,5,0.0,0.0,0.0,0.0,0.0,True
2013-01-20,SUN_FRI,False,,0.0,5,0.0,0.0,0.0,0.0,0.0,True,5,0.0,0.0,0.0,0.0,0.0,True,5,0.0,0.0,0.0,0.0,0.0,True
2013-01-27,SUN_FRI,False,,0.0,5,0.0,0.0,0.0,0.0,0.0,True,5,0.0,0.0,0.0,0.0,0.0,True,5,0.0,0.0,0.0,0.0,0.0,True
2013-02-03,SUN_FRI,False,,0.0,5,0.0,0.0,0.0,0.0,0.0,True,5,0.0,0.0,0.0,0.0,0.0,True,5,0.0,0.0,0.0,0.0,0.0,True
2013-02-10,SUN_FRI,False,,0.0,5,0.0,0.0,0.0,0.0,0.0,True,5,0.0,0.0,0.0,0.0,0.0,True,5,0.0,0.0,0.0,0.0,0.0,True
2013-02-17,SUN_FRI,False,,0.0,5,0.0,0.0,0.0,0.0,0.0,True,5,0.0,0.0,0.0,0.0,0.0,True,5,0.0,0.0,0.0,0.0,0.0,True
2013-02-24,SUN_FRI,False,,0.0,5,0.0,0.0,0.0,0.0,0.0,True,5,0.0,0.0,0.0,0.0,0.0,True,5,0.0,0.0,0.0,0.0,0.0,True
2013-03-03,SUN_FRI,False,,0.0,5,0.0,0.0,0.0,0.0,0.0,True,5,0.0,0.0,0.0,0.0,0.0,True,5,0.0,0.0,0.0,0.0,0.0,True
2013-03-10,SUN_FRI,False,,0.0,5,0.0,0.0,0.0,0.0,0.0,True,5,0.0,0.0,0.0,0.0,0.0,True,5,0.0,0.0,0.0,0.0,0.0,True
2013-03-17,SUN_FRI,False,,0.0,5,0.0,0.0,0.0,0.0,0.0,True,5,0.0,0.0,0.0,0.0,0.0,True,5,0.0,0.0,0.0,0.0,0.0,True
2013-03-24,SUN_FRI,False,,0.0,5,0.0,0.0,0.0,0.0,0.0,True,5,0.0,0.0,0.0,0.0,0.0,True,5,0.0,0.0,0.0,0.0,0.0,True
2013-03-31,SUN_FRI,False,,0.0,5,0.0,0.0,0.0,0.0,0.0,True,5,0.0,0.0,0.0,0.0,0.0,True,5,0.0,0.0,0.0,0.0,0.0,True
2013-04-07,SUN_FRI,False,,0.0,5,0.0,0.0,0.0,0.0,0.0,True,5,0.0,0.0,0.0,0.0,0.0,True,5,0.0,0.0,0.0,0.0,0.0,True
2013-04-14,SUN_FRI,False,,0.0,5,0.0,0.0,0.0,0.0,0.0,True,5,0.0,0.0,0.0,0.0,0.0,True,5,0.0,0.0,0.0,0.0,0.0,True
2013-04-21,SUN_FRI,False,,0.0,5,0.0,0.0,0.0,0.0,0.0,True,5,0.0,0.0,0.0,0.0,0.0,True,5,0.0,0.0,0.0,0.0,0.0,True
2013-04-28,SUN_FRI,False,,0.0,5,0.0,0.0,0.0,0.0,0.0,True,5,0.0,0.0,0.0,0.0,0.0,True,5,0.0,0.0,0.0,0.0,0.0,True
2013-05-05,SUN_FRI,False,,0.0,5,0.0,0.0,0.0,0.0,0.0,True,5,0.0,0.0,0.0,0.0,0.0,True,5,0.0,0.0,0.0,0.0,0.0,True
2013-05-12,SUN_FRI,False,,0.0,5,0.0,0.0,0.0,0.0,0.0,True,5,0.0,0.0,0.0,0.0,0.0,True,5,0.0,0.0,0.0,0.0,0.0,True
2013-05-19,SUN_FRI,False,,0.0,5,0.0,0.0,0.0,0.0,0.0,True,5,0.0,0.0,0.0,0.0,0.0,True,5,0.0,0.0,0.0,0.0,0.0,True
2013-05-26,SUN_FRI,False,,0.0,5,0.0,0.0,0.0,0.0,0.0,True,5,0.0,0.0,0.0,0.0,0.0,True,5,0.0,0.0,0.0,0.0,0.0,True
2013-06-02,SUN_FRI,False,,0.0,5,0.0,0.0,0.0,0.0,0.0,True,5,0.0,0.0,0.0,0.0,0.0,True,5,0.0,0.0,0.0,0.0,0.0,True
2013-06-09,SUN_FRI,False,,0.0,5,0.0,0.0,0.0,0.0,0.0,True,5,0.0,0.0,0.0,0.0,0.0,True,5,0.0,0.0,0.0,0.0,0.0,True
2013-06-16,SUN_FRI,False,,0.0,5,0.0,0.0,0.0,0.0,0.0,True,5,0.0,0.0,0.0,0.0,0.0,True,5,0.0,0.0,0.0,0.0,0.0,True
2013-06-23,SUN_FRI,False,,0.0,5,0.0,0.0,0.0,0.0,0.0,True,5,0.0,0.0,0.0,0.0,0.0,True,5,0.0,0.0,0.0,0.0,0.0,True
2013-06-30,SUN_FRI,False,,0.0,5,0.0,0.0,0.0,0.0,0.0,True,5,0.0,0.0,0.0,0.0,0.0,True,5,0.0,0.0,0.0,0.0,0.0,True
2013-07-07,SUN_FRI,False,,0.0,5,0.0,0.0,0.0,0.0,0.0,True,5,0.0,0.0,0.0,0.0,0.0,True,5,0.0,0.0,0.0,0.0,0.0,True
2013-07-14,SUN_FRI,False,,0.0,5,0.0,0.0,0.0,0.0,0.0,True,5,0.0,0.0,0.0,0.0,0.0,True,5,0.0,0.0,0.0,0.0,0.0,True
2013-07-21,SUN_FRI,False,,0.0,5,0.0,0.0,0.0,0.0,0.0,True,5,0.0,0.0,0.0,0.0,0.0,True,5,0.0,0.0,0.0,0.0,0.0,True
2013-07-28,SUN_FRI,False,,0.0,5,0.0,0.0,0.0,0.0,0.0,True,5,0.0,0.0,0.0,0.0,0.0,True,5,0.0,0.0,0.0,0.0,0.0,True
2013-08-04,SUN_FRI,False,,0.0,5,0.0,0.0,0.0,0.0,0.0,True,5,0.0,0.0,0.0,0.0,0.0,True,5,0.0,0.0,0.0,0.0,0.0,True
2013-08-11,SUN_FRI,False,,0.0,5,0.0,0.0,0.0,0.0,0.0,True,5,0.0,0.0,0.0,0.0,0.0,True,5,0.0,0.0,0.0,0.0,0.0,True
2013-08-18,SUN_FRI,False,,0.0,5,0.0,0.0,0.0,0.0,0.0,True,5,0.0,0.0,0.0,0.0,0.0,True,5,0.0,0.0,0.0,0.0,0.0,True
2013-08-25,SUN_FRI,False,,0.0,5,0.0,0.0,0.0,0.0,0.0,True,5,0.0,0.0,0.0,0.0,0.0,True,5,0.0,0.0,0.0,0.0,0.0,True
2013-09-01,SUN_FRI,False,,0.0,5,0.0,0.0,0.0,0.0,0.0,True,5,0.0,0.0,0.0,0.0,0.0,True,5,0.0,0.0,0.0,0.0,0.0,True
2013-09-08,SUN_FRI,False,,0.0,5,0.0,0.0,0.0,0.0,0.0,True,5,0.0,0.0,0.0,0.0,0.0,True,5,0.0,0.0,0.0,0.0,0.0,True
2013-09-15,SUN_FRI,False,,0.0,5,0.0,0.0,0.0,0.0,0.0,True,5,0.0,0.0,0.0,0.0,0.0,True,5,0.0,0.0,0.0,0.0,0.0,True
2013-09-22,SUN_FRI,False,,0.0,5,0.0,0.0,0.0,0.0,0.0,True,5,0.0,0.0,0.0,0.0,0.0,True,5,0.0,0.0,0.0,0.0,0.0,True
2013-09-29,SUN_FRI,False,,0.0,5,0.0,0.0,0.0,0.0,0.0,True,5,0.0,0.0,0.0,0.0,0.0,True,5,0.0,0.0,0.0,0.0,0.0,True
2013-10-06,SUN_FRI,False,,0.0,5,0.0,0.0,0.0,0.0,0.0,True,5,0.0,0.0,0.0,0.0,0.0,True,5,0.0,0.0,0.0,0.0,0.0,True
2013-10-13,SUN_FRI,False,,0.0,5,0.0,0.0,0.0,0.0,0.0,True,5,0.0,0.0,0.0,0.0,0.0,True,5,0.0,0.0,0.0,0.0,0.0,True
2013-10-20,SUN_FRI,False,,0.0,5,0.0,0.0,0.0,0.0,0.0,True,5,0.0,0.0,0.0,0.0,0.0,True,5,0.0,0.0,0.0,0.0,0.0,True
2013-10-27,SUN_FRI,False,,0.0,5,0.0,0.0,0.0,0.0,0.0,True,5,0.0,0.0,0.0,0.0,0.0,True,5,0.0,0.0,0.0,0.0,0.0,True
2013-11-03,SUN_FRI,False,,0.0,5,0.0,0.0,0.0,0.0,0.0,True,5,0.0,0.0,0.0,0.0,0.0,True,5,0.0,0.0,0.0,0.0,0.0,True
2013-11-10,SUN_FRI,False,,0.0,5,0.0,0.0,0.0,0.0,0.0,True,5,0.0,0.0,0.0,0.0,0.0,True,5,0.0,0.0,0.0,0.0,0.0,True
2013-11-17,SUN_FRI,False,,0.0,5,0.0,0.0,0.0,0.0,0.0,True,5,0.0,0.0,0.0,0.0,0.0,True,5,0.0,0.0,0.0,0.0,0.0,True
2013-11-24,SUN_FRI,False,,0.0,5,0.0,0.0,0.0,0.0,0.0,True,5,0.0,0.0,0.0,0.0,0.0,True,5,0.0,0.0,0.0,0.0,0.0,True
2013-12-01,SUN_FRI,False,,0.0,5,0.0,0.0,0.0,0.0,0.0,True,5,0.0,0.0,0.0,0.0,0.0,True,5,0.0,0.0,0.0,0.0,0.0,True
2013-12-08,SUN_FRI,False,,0.0,5,0.0,0.0,0.0,0.0,0.0,True,5,0.0,0.0,0.0,0.0,0.0,True,5,0.0,0.0,0.0,0.0,0.0,True
2013-12-15,SUN_FRI,False,,0.0,5,0.0,0.0,0.0,0.0,0.0,True,5,0.0,0.0,0.0,0.0,0.0,True,5,0.0,0.0,0.0,0.0,0.0,True
2013-12-22,SUN_FRI,False,,0.0,4,0.0,0.0,0.0,0.0,0.0,True,4,0.0,0.0,0.0,0.0,0.0,True,4,0.0,0.0,0.0,0.0,0.0,True
2013-12-29,SUN_FRI,False,,0.0,4,0.0,0.0,0.0,0.0,0.0,True,4,0.0,0.0,0.0,0.0,0.0,True,4,0.0,0.0,0.0,0.0,0.0,True
2014-01-05,SUN_FRI,False,,0.0,5,0.0,0.0,0.0,0.0,0.0,True,5,0.0,0.0,0.0,0.0,0.0,True,5,0.0,0.0,0.0,0.0,0.0,True
2014-01-12,SUN_FRI,False,,0.0,5,0.0,0.0,0.0,0.0,0.0,True,5,0.0,0.0,0.0,0.0,0.0,True,5,0.0,0.0,0.0,0.0,0.0,True
2014-01-19,SUN_FRI,False,,0.0,5,0.0,0.0,0.0,0.0,0.0,True,5,0.0,0.0,0.0,0.0,0.0,True,5,0.0,0.0,0.0,0.0,0.0,True
2014-01-26,SUN_FRI,False,,0.0,5,0.0,0.0,0.0,0.0,0.0,True,5,0.0,0.0,0.0,0.0,0.0,True,5,0.0,0.0,0.0,0.0,0.0,True
2014-02-02,SUN_FRI,False,,0.0,5,0.0,0.0,0.0,0.0,0.0,True,5,0.0,0.0,0.0,0.0,0.0,True,5,0.0,0.0,0.0,0.0,0.0,True
2014-02-09,SUN_FRI,False,,0.0,5,0.0,0.0,0.0,0.0,0.0,True,5,0.0,0.0,0.0,0.0,0.0,True,5,0.0,0.0,0.0,0.0,0.0,True
2014-02-16,SUN_FRI,False,,0.0,5,0.0,0.0,0.0,0.0,0.0,True,5,0.0,0.0,0.0,0.0,0.0,True,5,0.0,0.0,0.0,0.0,0.0,True
2014-02-23,SUN_FRI,False,,0.0,5,0.0,0.0,0.0,0.0,0.0,True,5,0.0,0.0,0.0,0.0,0.0,True,5,0.0,0.0,0.0,0.0,0.0,True
2014-03-02,SUN_FRI,False,,0.0,5,0.0,0.0,0.0,0.0,0.0,True,5,0.0,0.0,0.0,0.0,0.0,True,5,0.0,0.0,0.0,0.0,0.0,True
2014-03-09,SUN_FRI,False,,0.0,5,0.0,0.0,0.0,0.0,0.0,True,5,0.0,0.0,0.0,0.0,0.0,True,5,0.0,0.0,0.0,0.0,0.0,True
2014-03-16,SUN_FRI,False,,0.0,5,0.0,0.0,0.0,0.0,0.0,True,5,0.0,0.0,0.0,0.0,0.0,True,5,0.0,0.0,0.0,0.0,0.0,True
2014-03-23,SUN_FRI,False,,0.0,5,0.0,0.0,0.0,0.0,0.0,True,5,0.0,0.0,0.0,0.0,0.0,True,5,0.0,0.0,0.0,0.0,0.0,True
2014-03-30,SUN_FRI,False,,0.0,5,0.0,0.0,0.0,0.0,0.0,True,5,0.0,0.0,0.0,0.0,0.0,True,5,0.0,0.0,0.0,0.0,0.0,True
2014-04-06,SUN_FRI,False,,0.0,5,0.0,0.0,0.0,0.0,0.0,True,5,0.0,0.0,0.0,0.0,0.0,True,5,0.0,0.0,0.0,0.0,0.0,True
2014-04-13,SUN_FRI,False,,0.0,5,0.0,0.0,0.0,0.0,0.0,True,5,0.0,0.0,0.0,0.0,0.0,True,5,0.0,0.0,0.0,0.0,0.0,True
2014-04-20,SUN_FRI,False,,0.0,5,0.0,0.0,0.0,0.0,0.0,True,5,0.0,0.0,0.0,0.0,0.0,True,5,0.0,0.0,0.0,0.0,0.0,True
2014-04-27,SUN_FRI,False,,0.0,5,0.0,0.0,0.0,0.0,0.0,True,5,0.0,0.0,0.0,0.0,0.0,True,5,0.0,0.0,0.0,0.0,0.0,True
2014-05-04,SUN_FRI,False,,0.0,5,0.0,0.0,0.0,0.0,0.0,True,5,0.0,0.0,0.0,0.0,0.0,True,5,0.0,0.0,0.0,0.0,0.0,True
2014-05-11,SUN_FRI,False,,0.0,5,0.0,0.0,0.0,0.0,0.0,True,5,0.0,0.0,0.0,0.0,0.0,True,5,0.0,0.0,0.0,0.0,0.0,True
2014-05-18,SUN_FRI,False,,0.0,5,0.0,0.0,0.0,0.0,0.0,True,5,0.0,0.0,0.0,0.0,0.0,True,5,0.0,0.0,0.0,0.0,0.0,True
2014-05-25,SUN_FRI,False,,0.0,5,0.0,0.0,0.0,0.0,0.0,True,5,0.0,0.0,0.0,0.0,0.0,True,5,0.0,0.0,0.0,0.0,0.0,True
2014-06-01,SUN_FRI,False,,0.0,5,0.0,0.0,0.0,0.0,0.0,True,5,0.0,0.0,0.0,0.0,0.0,True,5,0.0,0.0,0.0,0.0,0.0,True
2014-06-08,SUN_FRI,False,,0.0,5,0.0,0.0,0.0,0.0,0.0,True,5,0.0,0.0,0.0,0.0,0.0,True,5,0.0,0.0,0.0,0.0,0.0,True
2014-06-15,SUN_FRI,False,,0.0,5,0.0,0.0,0.0,0.0,0.0,True,5,0.0,0.0,0.0,0.0,0.0,True,5,0.0,0.0,0.0,0.0,0.0,True
2014-06-22,SUN_FRI,False,,0.0,5,0.0,0.0,0.0,0.0,0.0,True,5,0.0,0.0,0.0,0.0,0.0,True,5,0.0,0.0,0.0,0.0,0.0,True
2014-06-29,SUN_FRI,False,,0.0,5,0.0,0.0,0.0,0.0,0.0,True,5,0.0,0.0,0.0,0.0,0.0,True,5,0.0,0.0,0.0,0.0,0.0,True
2014-07-06,SUN_FRI,False,,0.0,5,0.0,0.0,0.0,0.0,0.0,True,5,0.0,0.0,0.0,0.0,0.0,True,5,0.0,0.0,0.0,0.0,0.0,True
2014-07-13,SUN_FRI,False,,0.0,5,0.0,0.0,0.0,0.0,0.0,True,5,0.0,0.0,0.0,0.0,0.0,True,5,0.0,0.0,0.0,0.0,0.0,True
2014-07-20,SUN_FRI,False,,0.0,5,0.0,0.0,0.0,0.0,0.0,True,5,0.0,0.0,0.0,0.0,0.0,True,5,0.0,0.0,0.0,0.0,0.0,True
2014-07-27,SUN_FRI,False,,0.0,5,0.0,0.0,0.0,0.0,0.0,True,5,0.0,0.0,0.0,0.0,0.0,True,5,0.0,0.0,0.0,0.0,0.0,True
2014-08-03,SUN_FRI,False,,0.0,5,0.0,0.0,0.0,0.0,0.0,True,5,0.0,0.0,0.0,0.0,0.0,True,5,0.0,0.0,0.0,0.0,0.0,True
2014-08-10,SUN_FRI,False,,0.0,5,0.0,0.0,0.0,0.0,0.0,True,5,0.0,0.0,0.0,0.0,0.0,True,5,0.0,0.0,0.0,0.0,0.0,True
2014-08-17,SUN_FRI,False,,0.0,5,0.0,0.0,0.0,0.0,0.0,True,5,0.0,0.0,0.0,0.0,0.0,True,5,0.0,0.0,0.0,0.0,0.0,True
2014-08-24,SUN_FRI,False,,0.0,5,0.0,0.0,0.0,0.0,0.0,True,5,0.0,0.0,0.0,0.0,0.0,True,5,0.0,0.0,0.0,0.0,0.0,True
2014-08-31,SUN_FRI,False,,0.0,5,0.0,0.0,0.0,0.0,0.0,True,5,0.0,0.0,0.0,0.0,0.0,True,5,0.0,0.0,0.0,0.0,0.0,True
2014-09-07,SUN_FRI,False,,0.0,5,0.0,0.0,0.0,0.0,0.0,True,5,0.0,0.0,0.0,0.0,0.0,True,5,0.0,0.0,0.0,0.0,0.0,True
2014-09-14,SUN_FRI,False,,0.0,5,0.0,0.0,0.0,0.0,0.0,True,5,0.0,0.0,0.0,0.0,0.0,True,5,0.0,0.0,0.0,0.0,0.0,True
2014-09-21,SUN_FRI,False,,0.0,5,0.0,0.0,0.0,0.0,0.0,True,5,0.0,0.0,0.0,0.0,0.0,True,5,0.0,0.0,0.0,0.0,0.0,True
2014-09-28,SUN_FRI,False,,0.0,5,0.0,0.0,0.0,0.0,0.0,True,5,0.0,0.0,0.0,0.0,0.0,True,5,0.0,0.0,0.0,0.0,0.0,True
2014-10-05,SUN_FRI,False,,0.0,5,0.0,0.0,0.0,0.0,0.0,True,5,0.0,0.0,0.0,0.0,0.0,True,5,0.0,0.0,0.0,0.0,0.0,True
2014-10-12,SUN_FRI,False,,0.0,5,0.0,0.0,0.0,0.0,0.0,True,5,0.0,0.0,0.0,0.0,0.0,True,5,0.0,0.0,0.0,0.0,0.0,True
2014-10-19,SUN_FRI,False,,0.0,5,0.0,0.0,0.0,0.0,0.0,True,5,0.0,0.0,0.0,0.0,0.0,True,5,0.0,0.0,0.0,0.0,0.0,True
2014-10-26,SUN_FRI,False,,0.0,5,0.0,0.0,0.0,0.0,0.0,True,5,0.0,0.0,0.0,0.0,0.0,True,5,0.0,0.0,0.0,0.0,0.0,True
2014-11-02,SUN_FRI,False,,0.0,5,0.0,0.0,0.0,0.0,0.0,True,5,0.0,0.0,0.0,0.0,0.0,True,5,0.0,0.0,0.0,0.0,0.0,True
2014-11-09,SUN_FRI,False,,0.0,5,0.0,0.0,0.0,0.0,0.0,True,5,0.0,0.0,0.0,0.0,0.0,True,5,0.0,0.0,0.0,0.0,0.0,True
2014-11-16,SUN_FRI,False,,0.0,5,0.0,0.0,0.0,0.0,0.0,True,5,0.0,0.0,0.0,0.0,0.0,True,5,0.0,0.0,0.0,0.0,0.0,True
2014-11-23,SUN_FRI,False,,0.0,5,0.0,0.0,0.0,0.0,0.0,True,5,0.0,0.0,0.0,0.0,0.0,True,5,0.0,0.0,0.0,0.0,0.0,True
2014-11-30,SUN_FRI,False,,0.0,5,0.0,0.0,0.0,0.0,0.0,True,5,0.0,0.0,0.0,0.0,0.0,True,5,0.0,0.0,0.0,0.0,0.0,True
2014-12-07,SUN_FRI,False,,0.0,5,0.0,0.0,0.0,0.0,0.0,True,5,0.0,0.0,0.0,0.0,0.0,True,5,0.0,0.0,0.0,0.0,0.0,True
2014-12-14,SUN_FRI,False,,0.0,5,0.0,0.0,0.0,0.0,0.0,True,5,0.0,0.0,0.0,0.0,0.0,True,5,0.0,0.0,0.0,0.0,0.0,True
2014-12-21,SUN_FRI,False,,0.0,4,0.0,0.0,0.0,0.0,0.0,True,4,0.0,0.0,0.0,0.0,0.0,True,4,0.0,0.0,0.0,0.0,0.0,True
2014-12-28,SUN_FRI,False,,0.0,4,0.0,0.0,0.0,0.0,0.0,True,4,0.0,0.0,0.0,0.0,0.0,True,4,0.0,0.0,0.0,0.0,0.0,True
2015-01-04,SUN_FRI,False,,0.0,5,0.0,0.0,0.0,0.0,0.0,True,5,0.0,0.0,0.0,0.0,0.0,True,5,0.0,0.0,0.0,0.0,0.0,True
2015-01-11,SUN_FRI,False,,0.0,5,0.0,0.0,0.0,0.0,0.0,True,5,0.0,0.0,0.0,0.0,0.0,True,5,0.0,0.0,0.0,0.0,0.0,True
2015-01-18,SUN_FRI,False,,0.0,5,0.0,0.0,0.0,0.0,0.0,True,5,0.0,0.0,0.0,0.0,0.0,True,5,0.0,0.0,0.0,0.0,0.0,True
2015-01-25,SUN_FRI,False,,0.0,5,0.0,0.0,0.0,0.0,0.0,True,5,0.0,0.0,0.0,0.0,0.0,True,5,0.0,0.0,0.0,0.0,0.0,True
2015-02-01,SUN_FRI,False,,0.0,5,0.0,0.0,0.0,0.0,0.0,True,5,0.0,0.0,0.0,0.0,0.0,True,5,0.0,0.0,0.0,0.0,0.0,True
2015-02-08,SUN_FRI,False,,0.0,5,0.0,0.0,0.0,0.0,0.0,True,5,0.0,0.0,0.0,0.0,0.0,True,5,0.0,0.0,0.0,0.0,0.0,True
2015-02-15,SUN_FRI,False,,0.0,5,0.0,0.0,0.0,0.0,0.0,True,5,0.0,0.0,0.0,0.0,0.0,True,5,0.0,0.0,0.0,0.0,0.0,True
2015-02-22,SUN_FRI,False,,0.0,5,0.0,0.0,0.0,0.0,0.0,True,5,0.0,0.0,0.0,0.0,0.0,True,5,0.0,0.0,0.0,0.0,0.0,True
2015-03-01,SUN_FRI,False,,0.0,5,0.0,0.0,0.0,0.0,0.0,True,5,0.0,0.0,0.0,0.0,0.0,True,5,0.0,0.0,0.0,0.0,0.0,True
2015-03-08,SUN_FRI,False,,0.0,5,0.0,0.0,0.0,0.0,0.0,True,5,0.0,0.0,0.0,0.0,0.0,True,5,0.0,0.0,0.0,0.0,0.0,True
2015-03-15,SUN_FRI,False,,0.0,5,0.0,0.0,0.0,0.0,0.0,True,5,0.0,0.0,0.0,0.0,0.0,True,5,0.0,0.0,0.0,0.0,0.0,True
2015-03-22,SUN_FRI,False,,0.0,5,0.0,0.0,0.0,0.0,0.0,True,5,0.0,0.0,0.0,0.0,0.0,True,5,0.0,0.0,0.0,0.0,0.0,True
2015-03-29,SUN_FRI,False,,0.0,5,0.0,0.0,0.0,0.0,0.0,True,5,0.0,0.0,0.0,0.0,0.0,True,5,0.0,0.0,0.0,0.0,0.0,True
2015-04-05,SUN_FRI,False,,0.0,5,0.0,0.0,0.0,0.0,0.0,True,5,0.0,0.0,0.0,0.0,0.0,True,5,0.0,0.0,0.0,0.0,0.0,True
2015-04-12,SUN_FRI,False,,0.0,5,0.0,0.0,0.0,0.0,0.0,True,5,0.0,0.0,0.0,0.0,0.0,True,5,0.0,0.0,0.0,0.0,0.0,True
2015-04-19,SUN_FRI,False,,0.0,5,0.0,0.0,0.0,0.0,0.0,True,5,0.0,0.0,0.0,0.0,0.0,True,5,0.0,0.0,0.0,0.0,0.0,True
2015-04-26,SUN_FRI,False,,0.0,5,0.0,0.0,0.0,0.0,0.0,True,5,0.0,0.0,0.0,0.0,0.0,True,5,0.0,0.0,0.0,0.0,0.0,True
2015-05-03,SUN_FRI,False,,0.0,5,0.0,0.0,0.0,0.0,0.0,True,5,0.0,0.0,0.0,0.0,0.0,True,5,0.0,0.0,0.0,0.0,0.0,True
2015-05-10,SUN_FRI,False,,0.0,5,0.0,0.0,0.0,0.0,0.0,True,5,0.0,0.0,0.0,0.0,0.0,True,5,0.0,0.0,0.0,0.0,0.0,True
2015-05-17,SUN_FRI,False,,0.0,5,0.0,0.0,0.0,0.0,0.0,True,5,0.0,0.0,0.0,0.0,0.0,True,5,0.0,0.0,0.0,0.0,0.0,True
2015-05-24,SUN_FRI,False,,0.0,5,0.0,0.0,0.0,0.0,0.0,True,5,0.0,0.0,0.0,0.0,0.0,True,5,0.0,0.0,0.0,0.0,0.0,True
2015-05-31,SUN_FRI,False,,0.0,5,0.0,0.0,0.0,0.0,0.0,True,5,0.0,0.0,0.0,0.0,0.0,True,5,0.0,0.0,0.0,0.0,0.0,True
2015-06-07,SUN_FRI,False,,0.0,5,0.0,0.0,0.0,0.0,0.0,True,5,0.0,0.0,0.0,0.0,0.0,True,5,0.0,0.0,0.0,0.0,0.0,True
2015-06-14,SUN_FRI,False,,0.0,5,0.0,0.0,0.0,0.0,0.0,True,5,0.0,0.0,0.0,0.0,0.0,True,5,0.0,0.0,0.0,0.0,0.0,True
2015-06-21,SUN_FRI,False,,0.0,5,0.0,0.0,0.0,0.0,0.0,True,5,0.0,0.0,0.0,0.0,0.0,True,5,0.0,0.0,0.0,0.0,0.0,True
2015-06-28,SUN_FRI,False,,0.0,5,0.0,0.0,0.0,0.0,0.0,True,5,0.0,0.0,0.0,0.0,0.0,True,5,0.0,0.0,0.0,0.0,0.0,True
2015-07-05,SUN_FRI,False,,0.0,5,0.0,0.0,0.0,0.0,0.0,True,5,0.0,0.0,0.0,0.0,0.0,True,5,0.0,0.0,0.0,0.0,0.0,True
2015-07-12,SUN_FRI,False,,0.0,5,0.0,0.0,0.0,0.0,0.0,True,5,0.0,0.0,0.0,0.0,0.0,True,5,0.0,0.0,0.0,0.0,0.0,True
2015-07-19,SUN_FRI,False,,0.0,5,0.0,0.0,0.0,0.0,0.0,True,5,0.0,0.0,0.0,0.0,0.0,True,5,0.0,0.0,0.0,0.0,0.0,True
2015-07-26,SUN_FRI,False,,0.0,5,0.0,0.0,0.0,0.0,0.0,True,5,0.0,0.0,0.0,0.0,0.0,True,5,0.0,0.0,0.0,0.0,0.0,True
2015-08-02,SUN_FRI,False,,0.0,5,0.0,0.0,0.0,0.0,0.0,True,5,0.0,0.0,0.0,0.0,0.0,True,5,0.0,0.0,0.0,0.0,0.0,True
2015-08-09,SUN_FRI,False,,0.0,5,0.0,0.0,0.0,0.0,0.0,True,5,0.0,0.0,0.0,0.0,0.0,True,5,0.0,0.0,0.0,0.0,0.0,True
2015-08-16,SUN_FRI,False,,0.0,5,0.0,0.0,0.0,0.0,0.0,True,5,0.0,0.0,0.0,0.0,0.0,True,5,0.0,0.0,0.0,0.0,0.0,True
2015-08-23,SUN_FRI,False,,0.0,5,0.0,0.0,0.0,0.0,0.0,True,5,0.0,0.0,0.0,0.0,0.0,True,5,0.0,0.0,0.0,0.0,0.0,True
2015-08-30,SUN_FRI,False,,0.0,5,0.0,0.0,0.0,0.0,0.0,True,5,0.0,0.0,0.0,0.0,0.0,True,5,0.0,0.0,0.0,0.0,0.0,True
2015-09-06,SUN_FRI,False,,0.0,5,0.0,0.0,0.0,0.0,0.0,True,5,0.0,0.0,0.0,0.0,0.0,True,5,0.0,0.0,0.0,0.0,0.0,True
2015-09-13,SUN_FRI,False,,0.0,5,0.0,0.0,0.0,0.0,0.0,True,5,0.0,0.0,0.0,0.0,0.0,True,5,0.0,0.0,0.0,0.0,0.0,True
2015-09-20,SUN_FRI,False,,0.0,5,0.0,0.0,0.0,0.0,0.0,True,5,0.0,0.0,0.0,0.0,0.0,True,5,0.0,0.0,0.0,0.0,0.0,True
2015-09-27,SUN_FRI,False,,0.0,5,0.0,0.0,0.0,0.0,0.0,True,5,0.0,0.0,0.0,0.0,0.0,True,5,0.0,0.0,0.0,0.0,0.0,True
2015-10-04,SUN_FRI,False,,0.0,5,0.0,0.0,0.0,0.0,0.0,True,5,0.0,0.0,0.0,0.0,0.0,True,5,0.0,0.0,0.0,0.0,0.0,True
2015-10-11,SUN_FRI,False,,0.0,5,0.0,0.0,0.0,0.0,0.0,True,5,0.0,0.0,0.0,0.0,0.0,True,5,0.0,0.0,0.0,0.0,0.0,True
2015-10-18,SUN_FRI,False,,0.0,5,0.0,0.0,0.0,0.0,0.0,True,5,0.0,0.0,0.0,0.0,0.0,True,5,0.0,0.0,0.0,0.0,0.0,True
2015-10-25,SUN_FRI,False,,0.0,5,0.0,0.0,0.0,0.0,0.0,True,5,0.0,0.0,0.0,0.0,0.0,True,5,0.0,0.0,0.0,0.0,0.0,True
2015-11-01,SUN_FRI,False,,0.0,5,0.0,0.0,0.0,0.0,0.0,True,5,0.0,0.0,0.0,0.0,0.0,True,5,0.0,0.0,0.0,0.0,0.0,True
2015-11-08,SUN_FRI,False,,0.0,5,0.0,0.0,0.0,0.0,0.0,True,5,0.0,0.0,0.0,0.0,0.0,True,5,0.0,0.0,0.0,0.0,0.0,True
2015-11-15,SUN_FRI,False,,0.0,5,0.0,0.0,0.0,0.0,0.0,True,5,0.0,0.0,0.0,0.0,0.0,True,5,0.0,0.0,0.0,0.0,0.0,True
2015-11-22,SUN_FRI,False,,0.0,5,0.0,0.0,0.0,0.0,0.0,True,5,0.0,0.0,0.0,0.0,0.0,True,5,0.0,0.0,0.0,0.0,0.0,True
2015-11-29,SUN_FRI,False,,0.0,5,0.0,0.0,0.0,0.0,0.0,True,5,0.0,0.0,0.0,0.0,0.0,True,5,0.0,0.0,0.0,0.0,0.0,True
2015-12-06,SUN_FRI,False,,0.0,5,0.0,0.0,0.0,0.0,0.0,True,5,0.0,0.0,0.0,0.0,0.0,True,5,0.0,0.0,0.0,0.0,0.0,True
2015-12-13,SUN_FRI,False,,0.0,5,0.0,0.0,0.0,0.0,0.0,True,5,0.0,0.0,0.0,0.0,0.0,True,5,0.0,0.0,0.0,0.0,0.0,True
2015-12-20,SUN_FRI,False,,0.0,4,0.0,0.0,0.0,0.0,0.0,True,4,0.0,0.0,0.0,0.0,0.0,True,4,0.0,0.0,0.0,0.0,0.0,True
2015-12-27,SUN_FRI,False,,0.0,4,0.0,0.0,0.0,0.0,0.0,True,4,0.0,0.0,0.0,0.0,0.0,True,4,0.0,0.0,0.0,0.0,0.0,True
2016-01-03,SUN_FRI,False,,0.0,5,0.0,0.0,0.0,0.0,0.0,True,5,0.0,0.0,0.0,0.0,0.0,True,5,0.0,0.0,0.0,0.0,0.0,True
2016-01-10,SUN_FRI,False,,0.0,5,0.0,0.0,0.0,0.0,0.0,True,5,0.0,0.0,0.0,0.0,0.0,True,5,0.0,0.0,0.0,0.0,0.0,True
2016-01-17,SUN_FRI,False,,0.0,5,0.0,0.0,0.0,0.0,0.0,True,5,0.0,0.0,0.0,0.0,0.0,True,5,0.0,0.0,0.0,0.0,0.0,True
2016-01-24,SUN_FRI,False,,0.0,5,0.0,0.0,0.0,0.0,0.0,True,5,0.0,0.0,0.0,0.0,0.0,True,5,0.0,0.0,0.0,0.0,0.0,True
2016-01-31,SUN_FRI,False,,0.0,5,0.0,0.0,0.0,0.0,0.0,True,5,0.0,0.0,0.0,0.0,0.0,True,5,0.0,0.0,0.0,0.0,0.0,True
2016-02-07,SUN_FRI,False,,0.0,5,0.0,0.0,0.0,0.0,0.0,True,5,0.0,0.0,0.0,0.0,0.0,True,5,0.0,0.0,0.0,0.0,0.0,True
2016-02-14,SUN_FRI,False,,0.0,5,0.0,0.0,0.0,0.0,0.0,True,5,0.0,0.0,0.0,0.0,0.0,True,5,0.0,0.0,0.0,0.0,0.0,True
2016-02-21,SUN_FRI,False,,0.0,5,0.0,0.0,0.0,0.0,0.0,True,5,0.0,0.0,0.0,0.0,0.0,True,5,0.0,0.0,0.0,0.0,0.0,True
2016-02-28,SUN_FRI,False,,0.0,5,0.0,0.0,0.0,0.0,0.0,True,5,0.0,0.0,0.0,0.0,0.0,True,5,0.0,0.0,0.0,0.0,0.0,True
2016-03-06,SUN_FRI,False,,0.0,5,0.0,0.0,0.0,0.0,0.0,True,5,0.0,0.0,0.0,0.0,0.0,True,5,0.0,0.0,0.0,0.0,0.0,True
2016-03-13,SUN_FRI,False,,0.0,5,0.0,0.0,0.0,0.0,0.0,True,5,0.0,0.0,0.0,0.0,0.0,True,5,0.0,0.0,0.0,0.0,0.0,True
2016-03-20,SUN_FRI,False,,0.0,4,0.0,0.0,0.0,0.0,0.0,True,4,0.0,0.0,0.0,0.0,0.0,True,4,0.0,0.0,0.0,0.0,0.0,True
2016-03-27,SUN_FRI,False,,0.0,5,0.0,0.0,0.0,0.0,0.0,True,5,0.0,0.0,0.0,0.0,0.0,True,5,0.0,0.0,0.0,0.0,0.0,True
2016-04-03,SUN_FRI,False,,0.0,5,0.0,0.0,0.0,0.0,0.0,True,5,0.0,0.0,0.0,0.0,0.0,True,5,0.0,0.0,0.0,0.0,0.0,True
2016-04-10,SUN_FRI,False,,0.0,5,0.0,0.0,0.0,0.0,0.0,True,5,0.0,0.0,0.0,0.0,0.0,True,5,0.0,0.0,0.0,0.0,0.0,True
2016-04-17,SUN_FRI,False,,0.0,5,0.0,0.0,0.0,0.0,0.0,True,5,0.0,0.0,0.0,0.0,0.0,True,5,0.0,0.0,0.0,0.0,0.0,True
2016-04-24,SUN_FRI,False,,0.0,5,0.0,0.0,0.0,0.0,0.0,True,5,0.0,0.0,0.0,0.0,0.0,True,5,0.0,0.0,0.0,0.0,0.0,True
2016-05-01,SUN_FRI,False,,0.0,5,0.0,0.0,0.0,0.0,0.0,True,5,0.0,0.0,0.0,0.0,0.0,True,5,0.0,0.0,0.0,0.0,0.0,True
2016-05-08,SUN_FRI,False,,0.0,5,0.0,0.0,0.0,0.0,0.0,True,5,0.0,0.0,0.0,0.0,0.0,True,5,0.0,0.0,0.0,0.0,0.0,True
2016-05-15,SUN_FRI,False,,0.0,5,0.0,0.0,0.0,0.0,0.0,True,5,0.0,0.0,0.0,0.0,0.0,True,5,0.0,0.0,0.0,0.0,0.0,True
2016-05-22,SUN_FRI,False,,0.0,5,0.0,0.0,0.0,0.0,0.0,True,5,0.0,0.0,0.0,0.0,0.0,True,5,0.0,0.0,0.0,0.0,0.0,True
2016-05-29,SUN_FRI,False,,0.0,5,0.0,0.0,0.0,0.0,0.0,True,5,0.0,0.0,0.0,0.0,0.0,True,5,0.0,0.0,0.0,0.0,0.0,True
2016-06-05,SUN_FRI,False,,0.0,5,0.0,0.0,0.0,0.0,0.0,True,5,0.0,0.0,0.0,0.0,0.0,True,5,0.0,0.0,0.0,0.0,0.0,True
2016-06-12,SUN_FRI,False,,0.0,5,0.0,0.0,0.0,0.0,0.0,True,5,0.0,0.0,0.0,0.0,0.0,True,5,0.0,0.0,0.0,0.0,0.0,True
2016-06-19,SUN_FRI,False,,0.0,5,0.0,0.0,0.0,0.0,0.0,True,5,0.0,0.0,0.0,0.0,0.0,True,5,0.0,0.0,0.0,0.0,0.0,True
2016-06-26,SUN_FRI,False,,0.0,5,0.0,0.0,0.0,0.0,0.0,True,5,0.0,0.0,0.0,0.0,0.0,True,5,0.0,0.0,0.0,0.0,0.0,True
2016-07-03,SUN_FRI,False,,0.0,5,0.0,0.0,0.0,0.0,0.0,True,5,0.0,0.0,0.0,0.0,0.0,True,5,0.0,0.0,0.0,0.0,0.0,True
2016-07-10,SUN_FRI,False,,0.0,5,0.0,0.0,0.0,0.0,0.0,True,5,0.0,0.0,0.0,0.0,0.0,True,5,0.0,0.0,0.0,0.0,0.0,True
2016-07-17,SUN_FRI,False,,0.0,5,0.0,0.0,0.0,0.0,0.0,True,5,0.0,0.0,0.0,0.0,0.0,True,5,0.0,0.0,0.0,0.0,0.0,True
2016-07-24,SUN_FRI,False,,0.0,5,0.0,0.0,0.0,0.0,0.0,True,5,0.0,0.0,0.0,0.0,0.0,True,5,0.0,0.0,0.0,0.0,0.0,True
2016-07-31,SUN_FRI,False,,0.0,5,0.0,0.0,0.0,0.0,0.0,True,5,0.0,0.0,0.0,0.0,0.0,True,5,0.0,0.0,0.0,0.0,0.0,True
2016-08-07,SUN_FRI,False,,0.0,5,0.0,0.0,0.0,0.0,0.0,True,5,0.0,0.0,0.0,0.0,0.0,True,5,0.0,0.0,0.0,0.0,0.0,True
2016-08-14,SUN_FRI,False,,0.0,5,0.0,0.0,0.0,0.0,0.0,True,5,0.0,0.0,0.0,0.0,0.0,True,5,0.0,0.0,0.0,0.0,0.0,True
2016-08-21,SUN_FRI,False,,0.0,5,0.0,0.0,0.0,0.0,0.0,True,5,0.0,0.0,0.0,0.0,0.0,True,5,0.0,0.0,0.0,0.0,0.0,True
2016-08-28,SUN_FRI,False,,0.0,5,0.0,0.0,0.0,0.0,0.0,True,5,0.0,0.0,0.0,0.0,0.0,True,5,0.0,0.0,0.0,0.0,0.0,True
2016-09-04,SUN_FRI,False,,0.0,5,0.0,0.0,0.0,0.0,0.0,True,5,0.0,0.0,0.0,0.0,0.0,True,5,0.0,0.0,0.0,0.0,0.0,True
2016-09-11,SUN_FRI,False,,0.0,5,0.0,0.0,0.0,0.0,0.0,True,5,0.0,0.0,0.0,0.0,0.0,True,5,0.0,0.0,0.0,0.0,0.0,True
2016-09-18,SUN_FRI,False,,0.0,5,0.0,0.0,0.0,0.0,0.0,True,5,0.0,0.0,0.0,0.0,0.0,True,5,0.0,0.0,0.0,0.0,0.0,True
2016-09-25,SUN_FRI,False,,0.0,5,0.0,0.0,0.0,0.0,0.0,True,5,0.0,0.0,0.0,0.0,0.0,True,5,0.0,0.0,0.0,0.0,0.0,True
2016-10-02,SUN_FRI,False,,0.0,5,0.0,0.0,0.0,0.0,0.0,True,5,0.0,0.0,0.0,0.0,0.0,True,5,0.0,0.0,0.0,0.0,0.0,True
2016-10-09,SUN_FRI,False,,0.0,5,0.0,0.0,0.0,0.0,0.0,True,5,0.0,0.0,0.0,0.0,0.0,True,5,0.0,0.0,0.0,0.0,0.0,True
2016-10-16,SUN_FRI,False,,0.0,5,0.0,0.0,0.0,0.0,0.0,True,5,0.0,0.0,0.0,0.0,0.0,True,5,0.0,0.0,0.0,0.0,0.0,True
2016-10-23,SUN_FRI,False,,0.0,5,0.0,0.0,0.0,0.0,0.0,True,5,0.0,0.0,0.0,0.0,0.0,True,5,0.0,0.0,0.0,0.0,0.0,True
2016-10-30,SUN_FRI,False,,0.0,5,0.0,0.0,0.0,0.0,0.0,True,5,0.0,0.0,0.0,0.0,0.0,True,5,0.0,0.0,0.0,0.0,0.0,True
2016-11-06,SUN_FRI,False,,0.0,5,0.0,0.0,0.0,0.0,0.0,True,5,0.0,0.0,0.0,0.0,0.0,True,5,0.0,0.0,0.0,0.0,0.0,True
2016-11-13,SUN_FRI,False,,0.0,5,0.0,0.0,0.0,0.0,0.0,True,5,0.0,0.0,0.0,0.0,0.0,True,5,0.0,0.0,0.0,0.0,0.0,True
2016-11-20,SUN_FRI,False,,0.0,5,0.0,0.0,0.0,0.0,0.0,True,5,0.0,0.0,0.0,0.0,0.0,True,5,0.0,0.0,0.0,0.0,0.0,True
2016-11-27,SUN_FRI,False,,0.0,5,0.0,0.0,0.0,0.0,0.0,True,5,0.0,0.0,0.0,0.0,0.0,True,5,0.0,0.0,0.0,0.0,0.0,True
2016-12-04,SUN_FRI,False,,0.0,5,0.0,0.0,0.0,0.0,0.0,True,5,0.0,0.0,0.0,0.0,0.0,True,5,0.0,0.0,0.0,0.0,0.0,True
2016-12-11,SUN_FRI,False,,0.0,5,0.0,0.0,0.0,0.0,0.0,True,5,0.0,0.0,0.0,0.0,0.0,True,5,0.0,0.0,0.0,0.0,0.0,True
2016-12-18,SUN_FRI,False,,0.0,5,0.0,0.0,0.0,0.0,0.0,True,5,0.0,0.0,0.0,0.0,0.0,True,5,0.0,0.0,0.0,0.0,0.0,True
2016-12-25,SUN_FRI,False,,0.0,4,0.0,0.0,0.0,0.0,0.0,True,4,0.0,0.0,0.0,0.0,0.0,True,4,0.0,0.0,0.0,0.0,0.0,True
2017-01-01,SUN_FRI,False,,0.0,4,0.0,0.0,0.0,0.0,0.0,True,4,0.0,0.0,0.0,0.0,0.0,True,4,0.0,0.0,0.0,0.0,0.0,True
2017-01-08,SUN_FRI,False,,0.0,5,0.0,0.0,0.0,0.0,0.0,True,5,0.0,0.0,0.0,0.0,0.0,True,5,0.0,0.0,0.0,0.0,0.0,True
2017-01-15,SUN_FRI,False,,0.0,5,0.0,0.0,0.0,0.0,0.0,True,5,0.0,0.0,0.0,0.0,0.0,True,5,0.0,0.0,0.0,0.0,0.0,True
2017-01-22,SUN_FRI,False,,0.0,5,0.0,0.0,0.0,0.0,0.0,True,5,0.0,0.0,0.0,0.0,0.0,True,5,0.0,0.0,0.0,0.0,0.0,True
2017-01-29,SUN_FRI,False,,0.0,5,0.0,0.0,0.0,0.0,0.0,True,5,0.0,0.0,0.0,0.0,0.0,True,5,0.0,0.0,0.0,0.0,0.0,True
2017-02-05,SUN_FRI,False,,0.0,5,0.0,0.0,0.0,0.0,0.0,True,5,0.0,0.0,0.0,0.0,0.0,True,5,0.0,0.0,0.0,0.0,0.0,True
2017-02-12,SUN_FRI,False,,0.0,5,0.0,0.0,0.0,0.0,0.0,True,5,0.0,0.0,0.0,0.0,0.0,True,5,0.0,0.0,0.0,0.0,0.0,True
2017-02-19,SUN_FRI,False,,0.0,5,0.0,0.0,0.0,0.0,0.0,True,5,0.0,0.0,0.0,0.0,0.0,True,5,0.0,0.0,0.0,0.0,0.0,True
2017-02-26,SUN_FRI,False,,0.0,5,0.0,0.0,0.0,0.0,0.0,True,5,0.0,0.0,0.0,0.0,0.0,True,5,0.0,0.0,0.0,0.0,0.0,True
2017-03-05,SUN_FRI,False,,0.0,5,0.0,0.0,0.0,0.0,0.0,True,5,0.0,0.0,0.0,0.0,0.0,True,5,0.0,0.0,0.0,0.0,0.0,True
2017-03-12,SUN_FRI,False,,0.0,5,0.0,0.0,0.0,0.0,0.0,True,5,0.0,0.0,0.0,0.0,0.0,True,5,0.0,0.0,0.0,0.0,0.0,True
2017-03-19,SUN_FRI,False,,0.0,5,0.0,0.0,0.0,0.0,0.0,True,5,0.0,0.0,0.0,0.0,0.0,True,5,0.0,0.0,0.0,0.0,0.0,True
2017-03-26,SUN_FRI,False,,0.0,5,0.0,0.0,0.0,0.0,0.0,True,5,0.0,0.0,0.0,0.0,0.0,True,5,0.0,0.0,0.0,0.0,0.0,True
2017-04-02,SUN_FRI,False,,0.0,5,0.0,0.0,0.0,0.0,0.0,True,5,0.0,0.0,0.0,0.0,0.0,True,5,0.0,0.0,0.0,0.0,0.0,True
2017-04-09,SUN_FRI,False,,0.0,4,0.0,0.0,0.0,0.0,0.0,True,4,0.0,0.0,0.0,0.0,0.0,True,4,0.0,0.0,0.0,0.0,0.0,True
2017-04-16,SUN_FRI,False,,0.0,5,0.0,0.0,0.0,0.0,0.0,True,5,0.0,0.0,0.0,0.0,0.0,True,5,0.0,0.0,0.0,0.0,0.0,True
2017-04-23,SUN_FRI,False,,0.0,5,0.0,0.0,0.0,0.0,0.0,True,5,0.0,0.0,0.0,0.0,0.0,True,5,0.0,0.0,0.0,0.0,0.0,True
2017-04-30,SUN_FRI,False,,0.0,5,0.0,0.0,0.0,0.0,0.0,True,5,0.0,0.0,0.0,0.0,0.0,True,5,0.0,0.0,0.0,0.0,0.0,True
2017-05-07,SUN_FRI,False,,0.0,5,0.0,0.0,0.0,0.0,0.0,True,5,0.0,0.0,0.0,0.0,0.0,True,5,0.0,0.0,0.0,0.0,0.0,True
2017-05-14,SUN_FRI,False,,0.0,5,0.0,0.0,0.0,0.0,0.0,True,5,0.0,0.0,0.0,0.0,0.0,True,5,0.0,0.0,0.0,0.0,0.0,True
2017-05-21,SUN_FRI,False,,0.0,5,0.0,0.0,0.0,0.0,0.0,True,5,0.0,0.0,0.0,0.0,0.0,True,5,0.0,0.0,0.0,0.0,0.0,True
2017-05-28,SUN_FRI,False,,0.0,5,0.0,0.0,0.0,0.0,0.0,True,5,0.0,0.0,0.0,0.0,0.0,True,5,0.0,0.0,0.0,0.0,0.0,True
2017-06-04,SUN_FRI,False,,0.0,5,0.0,0.0,0.0,0.0,0.0,True,5,0.0,0.0,0.0,0.0,0.0,True,5,0.0,0.0,0.0,0.0,0.0,True
2017-06-11,SUN_FRI,False,,0.0,5,0.0,0.0,0.0,0.0,0.0,True,5,0.0,0.0,0.0,0.0,0.0,True,5,0.0,0.0,0.0,0.0,0.0,True
2017-06-18,SUN_FRI,False,,0.0,5,0.0,0.0,0.0,0.0,0.0,True,5,0.0,0.0,0.0,0.0,0.0,True,5,0.0,0.0,0.0,0.0,0.0,True
2017-06-25,SUN_FRI,False,,0.0,5,0.0,0.0,0.0,0.0,0.0,True,5,0.0,0.0,0.0,0.0,0.0,True,5,0.0,0.0,0.0,0.0,0.0,True
2017-07-02,SUN_FRI,False,,0.0,5,0.0,0.0,0.0,0.0,0.0,True,5,0.0,0.0,0.0,0.0,0.0,True,5,0.0,0.0,0.0,0.0,0.0,True
2017-07-09,SUN_FRI,False,,0.0,5,0.0,0.0,0.0,0.0,0.0,True,5,0.0,0.0,0.0,0.0,0.0,True,5,0.0,0.0,0.0,0.0,0.0,True
2017-07-16,SUN_FRI,False,,0.0,5,0.0,0.0,0.0,0.0,0.0,True,5,0.0,0.0,0.0,0.0,0.0,True,5,0.0,0.0,0.0,0.0,0.0,True
2017-07-23,SUN_FRI,False,,0.0,5,0.0,0.0,0.0,0.0,0.0,True,5,0.0,0.0,0.0,0.0,0.0,True,5,0.0,0.0,0.0,0.0,0.0,True
2017-07-30,SUN_FRI,False,,0.0,5,0.0,0.0,0.0,0.0,0.0,True,5,0.0,0.0,0.0,0.0,0.0,True,5,0.0,0.0,0.0,0.0,0.0,True
2017-08-06,SUN_FRI,False,,0.0,5,0.0,0.0,0.0,0.0,0.0,True,5,0.0,0.0,0.0,0.0,0.0,True,5,0.0,0.0,0.0,0.0,0.0,True
2017-08-13,SUN_FRI,False,,0.0,5,0.0,0.0,0.0,0.0,0.0,True,5,0.0,0.0,0.0,0.0,0.0,True,5,0.0,0.0,0.0,0.0,0.0,True
2017-08-20,SUN_FRI,False,,0.0,5,0.0,0.0,0.0,0.0,0.0,True,5,0.0,0.0,0.0,0.0,0.0,True,5,0.0,0.0,0.0,0.0,0.0,True
2017-08-27,SUN_FRI,False,,0.0,5,0.0,0.0,0.0,0.0,0.0,True,5,0.0,0.0,0.0,0.0,0.0,True,5,0.0,0.0,0.0,0.0,0.0,True
2017-09-03,SUN_FRI,False,,0.0,5,0.0,0.0,0.0,0.0,0.0,True,5,0.0,0.0,0.0,0.0,0.0,True,5,0.0,0.0,0.0,0.0,0.0,True
2017-09-10,SUN_FRI,False,,0.0,5,0.0,0.0,0.0,0.0,0.0,True,5,0.0,0.0,0.0,0.0,0.0,True,5,0.0,0.0,0.0,0.0,0.0,True
2017-09-17,SUN_FRI,False,,0.0,5,0.0,0.0,0.0,0.0,0.0,True,5,0.0,0.0,0.0,0.0,0.0,True,5,0.0,0.0,0.0,0.0,0.0,True
2017-09-24,SUN_FRI,False,,0.0,5,0.0,0.0,0.0,0.0,0.0,True,5,0.0,0.0,0.0,0.0,0.0,True,5,0.0,0.0,0.0,0.0,0.0,True
2017-10-01,SUN_FRI,False,,0.0,5,0.0,0.0,0.0,0.0,0.0,True,5,0.0,0.0,0.0,0.0,0.0,True,5,0.0,0.0,0.0,0.0,0.0,True
2017-10-08,SUN_FRI,False,,0.0,5,0.0,0.0,0.0,0.0,0.0,True,5,0.0,0.0,0.0,0.0,0.0,True,5,0.0,0.0,0.0,0.0,0.0,True
2017-10-15,SUN_FRI,False,,0.0,5,0.0,0.0,0.0,0.0,0.0,True,5,0.0,0.0,0.0,0.0,0.0,True,5,0.0,0.0,0.0,0.0,0.0,True
2017-10-22,SUN_FRI,False,,0.0,5,0.0,0.0,0.0,0.0,0.0,True,5,0.0,0.0,0.0,0.0,0.0,True,5,0.0,0.0,0.0,0.0,0.0,True
2017-10-29,SUN_FRI,False,,0.0,5,0.0,0.0,0.0,0.0,0.0,True,5,0.0,0.0,0.0,0.0,0.0,True,5,0.0,0.0,0.0,0.0,0.0,True
2017-11-05,SUN_FRI,False,,0.0,5,0.0,0.0,0.0,0.0,0.0,True,5,0.0,0.0,0.0,0.0,0.0,True,5,0.0,0.0,0.0,0.0,0.0,True
2017-11-12,SUN_FRI,False,,0.0,5,0.0,0.0,0.0,0.0,0.0,True,5,0.0,0.0,0.0,0.0,0.0,True,5,0.0,0.0,0.0,0.0,0.0,True
2017-11-19,SUN_FRI,False,,0.0,5,0.0,0.0,0.0,0.0,0.0,True,5,0.0,0.0,0.0,0.0,0.0,True,5,0.0,0.0,0.0,0.0,0.0,True
2017-11-26,SUN_FRI,False,,0.0,5,0.0,0.0,0.0,0.0,0.0,True,5,0.0,0.0,0.0,0.0,0.0,True,5,0.0,0.0,0.0,0.0,0.0,True
2017-12-03,SUN_FRI,False,,0.0,5,0.0,0.0,0.0,0.0,0.0,True,5,0.0,0.0,0.0,0.0,0.0,True,5,0.0,0.0,0.0,0.0,0.0,True
2017-12-10,SUN_FRI,False,,0.0,5,0.0,0.0,0.0,0.0,0.0,True,5,0.0,0.0,0.0,0.0,0.0,True,5,0.0,0.0,0.0,0.0,0.0,True
2017-12-17,SUN_FRI,False,,0.0,5,0.0,0.0,0.0,0.0,0.0,True,5,0.0,0.0,0.0,0.0,0.0,True,5,0.0,0.0,0.0,0.0,0.0,True
2017-12-24,SUN_FRI,False,,0.0,4,0.0,0.0,0.0,0.0,0.0,True,4,0.0,0.0,0.0,0.0,0.0,True,4,0.0,0.0,0.0,0.0,0.0,True
2017-12-31,SUN_FRI,False,,0.0,4,0.0,0.0,0.0,0.0,0.0,True,4,0.0,0.0,0.0,0.0,0.0,True,4,0.0,0.0,0.0,0.0,0.0,True
2018-01-07,SUN_FRI,False,,0.0,5,0.0,0.0,0.0,0.0,0.0,True,5,0.0,0.0,0.0,0.0,0.0,True,5,0.0,0.0,0.0,0.0,0.0,True
2018-01-14,SUN_FRI,False,,0.0,5,0.0,0.0,0.0,0.0,0.0,True,5,0.0,0.0,0.0,0.0,0.0,True,5,0.0,0.0,0.0,0.0,0.0,True
2018-01-21,SUN_FRI,False,,0.0,5,0.0,0.0,0.0,0.0,0.0,True,5,0.0,0.0,0.0,0.0,0.0,True,5,0.0,0.0,0.0,0.0,0.0,True
2018-01-28,SUN_FRI,False,,0.0,5,0.0,0.0,0.0,0.0,0.0,True,5,0.0,0.0,0.0,0.0,0.0,True,5,0.0,0.0,0.0,0.0,0.0,True
2018-02-04,SUN_FRI,False,,0.0,5,0.0,0.0,0.0,0.0,0.0,True,5,0.0,0.0,0.0,0.0,0.0,True,5,0.0,0.0,0.0,0.0,0.0,True
2018-02-11,SUN_FRI,False,,0.0,5,0.0,0.0,0.0,0.0,0.0,True,5,0.0,0.0,0.0,0.0,0.0,True,5,0.0,0.0,0.0,0.0,0.0,True
2018-02-18,SUN_FRI,False,,0.0,5,0.0,0.0,0.0,0.0,0.0,True,5,0.0,0.0,0.0,0.0,0.0,True,5,0.0,0.0,0.0,0.0,0.0,True
2018-02-25,SUN_FRI,False,,0.0,5,0.0,0.0,0.0,0.0,0.0,True,5,0.0,0.0,0.0,0.0,0.0,True,5,0.0,0.0,0.0,0.0,0.0,True
2018-03-04,SUN_FRI,False,,0.0,5,0.0,0.0,0.0,0.0,0.0,True,5,0.0,0.0,0.0,0.0,0.0,True,5,0.0,0.0,0.0,0.0,0.0,True
2018-03-11,SUN_FRI,False,,0.0,5,0.0,0.0,0.0,0.0,0.0,True,5,0.0,0.0,0.0,0.0,0.0,True,5,0.0,0.0,0.0,0.0,0.0,True
2018-03-18,SUN_FRI,False,,0.0,5,0.0,0.0,0.0,0.0,0.0,True,5,0.0,0.0,0.0,0.0,0.0,True,5,0.0,0.0,0.0,0.0,0.0,True
2018-03-25,SUN_FRI,False,,0.0,4,0.0,0.0,0.0,0.0,0.0,True,4,0.0,0.0,0.0,0.0,0.0,True,4,0.0,0.0,0.0,0.0,0.0,True
2018-04-01,SUN_FRI,False,,0.0,5,0.0,0.0,0.0,0.0,0.0,True,5,0.0,0.0,0.0,0.0,0.0,True,5,0.0,0.0,0.0,0.0,0.0,True
2018-04-08,SUN_FRI,False,,0.0,5,0.0,0.0,0.0,0.0,0.0,True,5,0.0,0.0,0.0,0.0,0.0,True,5,0.0,0.0,0.0,0.0,0.0,True
2018-04-15,SUN_FRI,False,,0.0,5,0.0,0.0,0.0,0.0,0.0,True,5,0.0,0.0,0.0,0.0,0.0,True,5,0.0,0.0,0.0,0.0,0.0,True
2018-04-22,SUN_FRI,False,,0.0,5,0.0,0.0,0.0,0.0,0.0,True,5,0.0,0.0,0.0,0.0,0.0,True,5,0.0,0.0,0.0,0.0,0.0,True
2018-04-29,SUN_FRI,False,,0.0,5,0.0,0.0,0.0,0.0,0.0,True,5,0.0,0.0,0.0,0.0,0.0,True,5,0.0,0.0,0.0,0.0,0.0,True
2018-05-06,SUN_FRI,False,,0.0,5,0.0,0.0,0.0,0.0,0.0,True,5,0.0,0.0,0.0,0.0,0.0,True,5,0.0,0.0,0.0,0.0,0.0,True
2018-05-13,SUN_FRI,False,,0.0,5,0.0,0.0,0.0,0.0,0.0,True,5,0.0,0.0,0.0,0.0,0.0,True,5,0.0,0.0,0.0,0.0,0.0,True
2018-05-20,SUN_FRI,False,,0.0,5,0.0,0.0,0.0,0.0,0.0,True,5,0.0,0.0,0.0,0.0,0.0,True,5,0.0,0.0,0.0,0.0,0.0,True
2018-05-27,SUN_FRI,False,,0.0,5,0.0,0.0,0.0,0.0,0.0,True,5,0.0,0.0,0.0,0.0,0.0,True,5,0.0,0.0,0.0,0.0,0.0,True
2018-06-03,SUN_FRI,False,,0.0,5,0.0,0.0,0.0,0.0,0.0,True,5,0.0,0.0,0.0,0.0,0.0,True,5,0.0,0.0,0.0,0.0,0.0,True
2018-06-10,SUN_FRI,False,,0.0,5,0.0,0.0,0.0,0.0,0.0,True,5,0.0,0.0,0.0,0.0,0.0,True,5,0.0,0.0,0.0,0.0,0.0,True
2018-06-17,SUN_FRI,False,,0.0,5,0.0,0.0,0.0,0.0,0.0,True,5,0.0,0.0,0.0,0.0,0.0,True,5,0.0,0.0,0.0,0.0,0.0,True
2018-06-24,SUN_FRI,False,,0.0,5,0.0,0.0,0.0,0.0,0.0,True,5,0.0,0.0,0.0,0.0,0.0,True,5,0.0,0.0,0.0,0.0,0.0,True
2018-07-01,SUN_FRI,False,,0.0,5,0.0,0.0,0.0,0.0,0.0,True,5,0.0,0.0,0.0,0.0,0.0,True,5,0.0,0.0,0.0,0.0,0.0,True
2018-07-08,SUN_FRI,False,,0.0,5,0.0,0.0,0.0,0.0,0.0,True,5,0.0,0.0,0.0,0.0,0.0,True,5,0.0,0.0,0.0,0.0,0.0,True
2018-07-15,SUN_FRI,False,,0.0,5,0.0,0.0,0.0,0.0,0.0,True,5,0.0,0.0,0.0,0.0,0.0,True,5,0.0,0.0,0.0,0.0,0.0,True
2018-07-22,SUN_FRI,False,,0.0,5,0.0,0.0,0.0,0.0,0.0,True,5,0.0,0.0,0.0,0.0,0.0,True,5,0.0,0.0,0.0,0.0,0.0,True
2018-07-29,SUN_FRI,False,,0.0,5,0.0,0.0,0.0,0.0,0.0,True,5,0.0,0.0,0.0,0.0,0.0,True,5,0.0,0.0,0.0,0.0,0.0,True
2018-08-05,SUN_FRI,False,,0.0,5,0.0,0.0,0.0,0.0,0.0,True,5,0.0,0.0,0.0,0.0,0.0,True,5,0.0,0.0,0.0,0.0,0.0,True
2018-08-12,SUN_FRI,False,,0.0,5,0.0,0.0,0.0,0.0,0.0,True,5,0.0,0.0,0.0,0.0,0.0,True,5,0.0,0.0,0.0,0.0,0.0,True
2018-08-19,SUN_FRI,False,,0.0,5,0.0,0.0,0.0,0.0,0.0,True,5,0.0,0.0,0.0,0.0,0.0,True,5,0.0,0.0,0.0,0.0,0.0,True
2018-08-26,SUN_FRI,False,,0.0,5,0.0,0.0,0.0,0.0,0.0,True,5,0.0,0.0,0.0,0.0,0.0,True,5,0.0,0.0,0.0,0.0,0.0,True
2018-09-02,SUN_FRI,False,,0.0,5,0.0,0.0,0.0,0.0,0.0,True,5,0.0,0.0,0.0,0.0,0.0,True,5,0.0,0.0,0.0,0.0,0.0,True
2018-09-09,SUN_FRI,False,,0.0,5,0.0,0.0,0.0,0.0,0.0,True,5,0.0,0.0,0.0,0.0,0.0,True,5,0.0,0.0,0.0,0.0,0.0,True
2018-09-16,SUN_FRI,False,,0.0,5,0.0,0.0,0.0,0.0,0.0,True,5,0.0,0.0,0.0,0.0,0.0,True,5,0.0,0.0,0.0,0.0,0.0,True
2018-09-23,SUN_FRI,False,,0.0,5,0.0,0.0,0.0,0.0,0.0,True,5,0.0,0.0,0.0,0.0,0.0,True,5,0.0,0.0,0.0,0.0,0.0,True
2018-09-30,SUN_FRI,False,,0.0,5,0.0,0.0,0.0,0.0,0.0,True,5,0.0,0.0,0.0,0.0,0.0,True,5,0.0,0.0,0.0,0.0,0.0,True
2018-10-07,SUN_FRI,False,,0.0,5,0.0,0.0,0.0,0.0,0.0,True,5,0.0,0.0,0.0,0.0,0.0,True,5,0.0,0.0,0.0,0.0,0.0,True
2018-10-14,SUN_FRI,False,,0.0,5,0.0,0.0,0.0,0.0,0.0,True,5,0.0,0.0,0.0,0.0,0.0,True,5,0.0,0.0,0.0,0.0,0.0,True
2018-10-21,SUN_FRI,False,,0.0,5,0.0,0.0,0.0,0.0,0.0,True,5,0.0,0.0,0.0,0.0,0.0,True,5,0.0,0.0,0.0,0.0,0.0,True
2018-10-28,SUN_FRI,False,,0.0,5,0.0,0.0,0.0,0.0,0.0,True,5,0.0,0.0,0.0,0.0,0.0,True,5,0.0,0.0,0.0,0.0,0.0,True
2018-11-04,SUN_FRI,False,,0.0,5,0.0,0.0,0.0,0.0,0.0,True,5,0.0,0.0,0.0,0.0,0.0,True,5,0.0,0.0,0.0,0.0,0.0,True
2018-11-11,SUN_FRI,False,,0.0,5,0.0,0.0,0.0,0.0,0.0,True,5,0.0,0.0,0.0,0.0,0.0,True,5,0.0,0.0,0.0,0.0,0.0,True
2018-11-18,SUN_FRI,False,,0.0,5,0.0,0.0,0.0,0.0,0.0,True,5,0.0,0.0,0.0,0.0,0.0,True,5,0.0,0.0,0.0,0.0,0.0,True
2018-11-25,SUN_FRI,False,,0.0,5,0.0,0.0,0.0,0.0,0.0,True,5,0.0,0.0,0.0,0.0,0.0,True,5,0.0,0.0,0.0,0.0,0.0,True
2018-12-02,SUN_FRI,False,,0.0,5,0.0,0.0,0.0,0.0,0.0,True,5,0.0,0.0,0.0,0.0,0.0,True,5,0.0,0.0,0.0,0.0,0.0,True
2018-12-09,SUN_FRI,False,,0.0,5,0.0,0.0,0.0,0.0,0.0,True,5,0.0,0.0,0.0,0.0,0.0,True,5,0.0,0.0,0.0,0.0,0.0,True
2018-12-16,SUN_FRI,False,,0.0,5,0.0,0.0,0.0,0.0,0.0,True,5,0.0,0.0,0.0,0.0,0.0,True,5,0.0,0.0,0.0,0.0,0.0,True
2018-12-23,SUN_FRI,False,,0.0,4,0.0,0.0,0.0,0.0,0.0,True,4,0.0,0.0,0.0,0.0,0.0,True,4,0.0,0.0,0.0,0.0,0.0,True
2018-12-30,SUN_FRI,False,,0.0,4,0.0,0.0,0.0,0.0,0.0,True,4,0.0,0.0,0.0,0.0,0.0,True,4,0.0,0.0,0.0,0.0,0.0,True
2019-01-06,SUN_FRI,False,,0.0,5,0.0,0.0,0.0,0.0,0.0,True,5,0.0,0.0,0.0,0.0,0.0,True,5,0.0,0.0,0.0,0.0,0.0,True
2019-01-13,SUN_FRI,False,,0.0,5,0.0,0.0,0.0,0.0,0.0,True,5,0.0,0.0,0.0,0.0,0.0,True,5,0.0,0.0,0.0,0.0,0.0,True
2019-01-20,SUN_FRI,False,,0.0,5,0.0,0.0,0.0,0.0,0.0,True,5,0.0,0.0,0.0,0.0,0.0,True,5,0.0,0.0,0.0,0.0,0.0,True
2019-01-27,SUN_FRI,False,,0.0,5,0.0,0.0,0.0,0.0,0.0,True,5,0.0,0.0,0.0,0.0,0.0,True,5,0.0,0.0,0.0,0.0,0.0,True
2019-02-03,SUN_FRI,False,,0.0,5,0.0,0.0,0.0,0.0,0.0,True,5,0.0,0.0,0.0,0.0,0.0,True,5,0.0,0.0,0.0,0.0,0.0,True
2019-02-10,SUN_FRI,False,,0.0,5,0.0,0.0,0.0,0.0,0.0,True,5,0.0,0.0,0.0,0.0,0.0,True,5,0.0,0.0,0.0,0.0,0.0,True
2019-02-17,SUN_FRI,False,,0.0,5,0.0,0.0,0.0,0.0,0.0,True,5,0.0,0.0,0.0,0.0,0.0,True,5,0.0,0.0,0.0,0.0,0.0,True
2019-02-24,SUN_FRI,False,,0.0,5,0.0,0.0,0.0,0.0,0.0,True,5,0.0,0.0,0.0,0.0,0.0,True,5,0.0,0.0,0.0,0.0,0.0,True
2019-03-03,SUN_FRI,False,,0.0,5,0.0,0.0,0.0,0.0,0.0,True,5,0.0,0.0,0.0,0.0,0.0,True,5,0.0,0.0,0.0,0.0,0.0,True
2019-03-10,SUN_FRI,False,,0.0,5,0.0,0.0,0.0,0.0,0.0,True,5,0.0,0.0,0.0,0.0,0.0,True,5,0.0,0.0,0.0,0.0,0.0,True
2019-03-17,SUN_FRI,False,,0.0,5,0.0,0.0,0.0,0.0,0.0,True,5,0.0,0.0,0.0,0.0,0.0,True,5,0.0,0.0,0.0,0.0,0.0,True
2019-03-24,SUN_FRI,False,,0.0,5,0.0,0.0,0.0,0.0,0.0,True,5,0.0,0.0,0.0,0.0,0.0,True,5,0.0,0.0,0.0,0.0,0.0,True
2019-03-31,SUN_FRI,False,,0.0,5,0.0,0.0,0.0,0.0,0.0,True,5,0.0,0.0,0.0,0.0,0.0,True,5,0.0,0.0,0.0,0.0,0.0,True
2019-04-07,SUN_FRI,False,,0.0,5,0.0,0.0,0.0,0.0,0.0,True,5,0.0,0.0,0.0,0.0,0.0,True,5,0.0,0.0,0.0,0.0,0.0,True
2019-04-14,SUN_FRI,False,,0.0,4,0.0,0.0,0.0,0.0,0.0,True,4,0.0,0.0,0.0,0.0,0.0,True,4,0.0,0.0,0.0,0.0,0.0,True
2019-04-21,SUN_FRI,False,,0.0,5,0.0,0.0,0.0,0.0,0.0,True,5,0.0,0.0,0.0,0.0,0.0,True,5,0.0,0.0,0.0,0.0,0.0,True
2019-04-28,SUN_FRI,False,,0.0,5,0.0,0.0,0.0,0.0,0.0,True,5,0.0,0.0,0.0,0.0,0.0,True,5,0.0,0.0,0.0,0.0,0.0,True
2019-05-05,SUN_FRI,False,,0.0,5,0.0,0.0,0.0,0.0,0.0,True,5,0.0,0.0,0.0,0.0,0.0,True,5,0.0,0.0,0.0,0.0,0.0,True
2019-05-12,SUN_FRI,False,,0.0,5,0.0,0.0,0.0,0.0,0.0,True,5,0.0,0.0,0.0,0.0,0.0,True,5,0.0,0.0,0.0,0.0,0.0,True
2019-05-19,SUN_FRI,False,,0.0,5,0.0,0.0,0.0,0.0,0.0,True,5,0.0,0.0,0.0,0.0,0.0,True,5,0.0,0.0,0.0,0.0,0.0,True
2019-05-26,SUN_FRI,False,,0.0,5,0.0,0.0,0.0,0.0,0.0,True,5,0.0,0.0,0.0,0.0,0.0,True,5,0.0,0.0,0.0,0.0,0.0,True
2019-06-02,SUN_FRI,False,,0.0,5,0.0,0.0,0.0,0.0,0.0,True,5,0.0,0.0,0.0,0.0,0.0,True,5,0.0,0.0,0.0,0.0,0.0,True
2019-06-09,SUN_FRI,False,,0.0,5,0.0,0.0,0.0,0.0,0.0,True,5,0.0,0.0,0.0,0.0,0.0,True,5,0.0,0.0,0.0,0.0,0.0,True
2019-06-16,SUN_FRI,False,,0.0,5,0.0,0.0,0.0,0.0,0.0,True,5,0.0,0.0,0.0,0.0,0.0,True,5,0.0,0.0,0.0,0.0,0.0,True
2019-06-23,SUN_FRI,False,,0.0,5,0.0,0.0,0.0,0.0,0.0,True,5,0.0,0.0,0.0,0.0,0.0,True,5,0.0,0.0,0.0,0.0,0.0,True
2019-06-30,SUN_FRI,False,,0.0,5,0.0,0.0,0.0,0.0,0.0,True,5,0.0,0.0,0.0,0.0,0.0,True,5,0.0,0.0,0.0,0.0,0.0,True
2019-07-07,SUN_FRI,False,,0.0,5,0.0,0.0,0.0,0.0,0.0,True,5,0.0,0.0,0.0,0.0,0.0,True,5,0.0,0.0,0.0,0.0,0.0,True
2019-07-14,SUN_FRI,False,,0.0,5,0.0,0.0,0.0,0.0,0.0,True,5,0.0,0.0,0.0,0.0,0.0,True,5,0.0,0.0,0.0,0.0,0.0,True
2019-07-21,SUN_FRI,False,,0.0,5,0.0,0.0,0.0,0.0,0.0,True,5,0.0,0.0,0.0,0.0,0.0,True,5,0.0,0.0,0.0,0.0,0.0,True
2019-07-28,SUN_FRI,False,,0.0,5,0.0,0.0,0.0,0.0,0.0,True,5,0.0,0.0,0.0,0.0,0.0,True,5,0.0,0.0,0.0,0.0,0.0,True
2019-08-04,SUN_FRI,False,,0.0,5,0.0,0.0,0.0,0.0,0.0,True,5,0.0,0.0,0.0,0.0,0.0,True,5,0.0,0.0,0.0,0.0,0.0,True
2019-08-11,SUN_FRI,False,,0.0,5,0.0,0.0,0.0,0.0,0.0,True,5,0.0,0.0,0.0,0.0,0.0,True,5,0.0,0.0,0.0,0.0,0.0,True
2019-08-18,SUN_FRI,False,,0.0,5,0.0,0.0,0.0,0.0,0.0,True,5,0.0,0.0,0.0,0.0,0.0,True,5,0.0,0.0,0.0,0.0,0.0,True
2019-08-25,SUN_FRI,False,,0.0,5,0.0,0.0,0.0,0.0,0.0,True,5,0.0,0.0,0.0,0.0,0.0,True,5,0.0,0.0,0.0,0.0,0.0,True
2019-09-01,SUN_FRI,False,,0.0,5,0.0,0.0,0.0,0.0,0.0,True,5,0.0,0.0,0.0,0.0,0.0,True,5,0.0,0.0,0.0,0.0,0.0,True
2019-09-08,SUN_FRI,False,,0.0,5,0.0,0.0,0.0,0.0,0.0,True,5,0.0,0.0,0.0,0.0,0.0,True,5,0.0,0.0,0.0,0.0,0.0,True
2019-09-15,SUN_FRI,False,,0.0,5,0.0,0.0,0.0,0.0,0.0,True,5,0.0,0.0,0.0,0.0,0.0,True,5,0.0,0.0,0.0,0.0,0.0,True
2019-09-22,SUN_FRI,False,,0.0,5,0.0,0.0,0.0,0.0,0.0,True,5,0.0,0.0,0.0,0.0,0.0,True,5,0.0,0.0,0.0,0.0,0.0,True
2019-09-29,SUN_FRI,False,,0.0,5,0.0,0.0,0.0,0.0,0.0,True,5,0.0,0.0,0.0,0.0,0.0,True,5,0.0,0.0,0.0,0.0,0.0,True
2019-10-06,SUN_FRI,False,,0.0,5,0.0,0.0,0.0,0.0,0.0,True,5,0.0,0.0,0.0,0.0,0.0,True,5,0.0,0.0,0.0,0.0,0.0,True
2019-10-13,SUN_FRI,False,,0.0,5,0.0,0.0,0.0,0.0,0.0,True,5,0.0,0.0,0.0,0.0,0.0,True,5,0.0,0.0,0.0,0.0,0.0,True
2019-10-20,SUN_FRI,False,,0.0,5,0.0,0.0,0.0,0.0,0.0,True,5,0.0,0.0,0.0,0.0,0.0,True,5,0.0,0.0,0.0,0.0,0.0,True
2019-10-27,SUN_FRI,False,,0.0,5,0.0,0.0,0.0,0.0,0.0,True,5,0.0,0.0,0.0,0.0,0.0,True,5,0.0,0.0,0.0,0.0,0.0,True
2019-11-03,SUN_FRI,False,,0.0,5,0.0,0.0,0.0,0.0,0.0,True,5,0.0,0.0,0.0,0.0,0.0,True,5,0.0,0.0,0.0,0.0,0.0,True
2019-11-10,SUN_FRI,False,,0.0,5,0.0,0.0,0.0,0.0,0.0,True,5,0.0,0.0,0.0,0.0,0.0,True,5,0.0,0.0,0.0,0.0,0.0,True
2019-11-17,SUN_FRI,False,,0.0,5,0.0,0.0,0.0,0.0,0.0,True,5,0.0,0.0,0.0,0.0,0.0,True,5,0.0,0.0,0.0,0.0,0.0,True
2019-11-24,SUN_FRI,False,,0.0,5,0.0,0.0,0.0,0.0,0.0,True,5,0.0,0.0,0.0,0.0,0.0,True,5,0.0,0.0,0.0,0.0,0.0,True
2019-12-01,SUN_FRI,False,,0.0,5,0.0,0.0,0.0,0.0,0.0,True,5,0.0,0.0,0.0,0.0,0.0,True,5,0.0,0.0,0.0,0.0,0.0,True
2019-12-08,SUN_FRI,False,,0.0,5,0.0,0.0,0.0,0.0,0.0,True,5,0.0,0.0,0.0,0.0,0.0,True,5,0.0,0.0,0.0,0.0,0.0,True
2019-12-15,SUN_FRI,False,,0.0,5,0.0,0.0,0.0,0.0,0.0,True,5,0.0,0.0,0.0,0.0,0.0,True,5,0.0,0.0,0.0,0.0,0.0,True
2019-12-22,SUN_FRI,False,,0.0,4,0.0,0.0,0.0,0.0,0.0,True,4,0.0,0.0,0.0,0.0,0.0,True,4,0.0,0.0,0.0,0.0,0.0,True
2019-12-29,SUN_FRI,False,,0.0,4,0.0,0.0,0.0,0.0,0.0,True,4,0.0,0.0,0.0,0.0,0.0,True,4,0.0,0.0,0.0,0.0,0.0,True
2020-01-05,SUN_FRI,False,,0.0,5,0.0,0.0,0.0,0.0,0.0,True,5,0.0,0.0,0.0,0.0,0.0,True,5,0.0,0.0,0.0,0.0,0.0,True
2020-01-12,SUN_FRI,False,,0.0,5,0.0,0.0,0.0,0.0,0.0,True,5,0.0,0.0,0.0,0.0,0.0,True,5,0.0,0.0,0.0,0.0,0.0,True
2020-01-19,SUN_FRI,False,,0.0,5,0.0,0.0,0.0,0.0,0.0,True,5,0.0,0.0,0.0,0.0,0.0,True,5,0.0,0.0,0.0,0.0,0.0,True
2020-01-26,SUN_FRI,False,,0.0,5,0.0,0.0,0.0,0.0,0.0,True,5,0.0,0.0,0.0,0.0,0.0,True,5,0.0,0.0,0.0,0.0,0.0,True
2020-02-02,SUN_FRI,False,,0.0,5,0.0,0.0,0.0,0.0,0.0,True,5,0.0,0.0,0.0,0.0,0.0,True,5,0.0,0.0,0.0,0.0,0.0,True
2020-02-09,SUN_FRI,False,,0.0,5,0.0,0.0,0.0,0.0,0.0,True,5,0.0,0.0,0.0,0.0,0.0,True,5,0.0,0.0,0.0,0.0,0.0,True
2020-02-16,SUN_FRI,False,,0.0,5,0.0,0.0,0.0,0.0,0.0,True,5,0.0,0.0,0.0,0.0,0.0,True,5,0.0,0.0,0.0,0.0,0.0,True
2020-02-23,SUN_FRI,False,,0.0,5,0.0,0.0,0.0,0.0,0.0,True,5,0.0,0.0,0.0,0.0,0.0,True,5,0.0,0.0,0.0,0.0,0.0,True
2020-03-01,SUN_FRI,False,,0.0,5,0.0,0.0,0.0,0.0,0.0,True,5,0.0,0.0,0.0,0.0,0.0,True,5,0.0,0.0,0.0,0.0,0.0,True
2020-03-08,SUN_FRI,False,,0.0,5,0.0,0.0,0.0,0.0,0.0,True,5,0.0,0.0,0.0,0.0,0.0,True,5,0.0,0.0,0.0,0.0,0.0,True
2020-03-15,SUN_FRI,False,,0.0,5,0.0,0.0,0.0,0.0,0.0,True,5,0.0,0.0,0.0,0.0,0.0,True,5,0.0,0.0,0.0,0.0,0.0,True
2020-03-22,SUN_FRI,False,,0.0,5,0.0,0.0,0.0,0.0,0.0,True,5,0.0,0.0,0.0,0.0,0.0,True,5,0.0,0.0,0.0,0.0,0.0,True
2020-03-29,SUN_FRI,False,,0.0,5,0.0,0.0,0.0,0.0,0.0,True,5,0.0,0.0,0.0,0.0,0.0,True,5,0.0,0.0,0.0,0.0,0.0,True
2020-04-05,SUN_FRI,False,,0.0,4,0.0,0.0,0.0,0.0,0.0,True,4,0.0,0.0,0.0,0.0,0.0,True,4,0.0,0.0,0.0,0.0,0.0,True
2020-04-12,SUN_FRI,False,,0.0,5,0.0,0.0,0.0,0.0,0.0,True,5,0.0,0.0,0.0,0.0,0.0,True,5,0.0,0.0,0.0,0.0,0.0,True
2020-04-19,SUN_FRI,False,,0.0,5,0.0,0.0,0.0,0.0,0.0,True,5,0.0,0.0,0.0,0.0,0.0,True,5,0.0,0.0,0.0,0.0,0.0,True
2020-04-26,SUN_FRI,False,,0.0,5,0.0,0.0,0.0,0.0,0.0,True,5,0.0,0.0,0.0,0.0,0.0,True,5,0.0,0.0,0.0,0.0,0.0,True
2020-05-03,SUN_FRI,False,,0.0,5,0.0,0.0,0.0,0.0,0.0,True,5,0.0,0.0,0.0,0.0,0.0,True,5,0.0,0.0,0.0,0.0,0.0,True
2020-05-10,SUN_FRI,False,,0.0,5,0.0,0.0,0.0,0.0,0.0,True,5,0.0,0.0,0.0,0.0,0.0,True,5,0.0,0.0,0.0,0.0,0.0,True
2020-05-17,SUN_FRI,False,,0.0,5,0.0,0.0,0.0,0.0,0.0,True,5,0.0,0.0,0.0,0.0,0.0,True,5,0.0,0.0,0.0,0.0,0.0,True
2020-05-24,SUN_FRI,False,,0.0,5,0.0,0.0,0.0,0.0,0.0,True,5,0.0,0.0,0.0,0.0,0.0,True,5,0.0,0.0,0.0,0.0,0.0,True
2020-05-31,SUN_FRI,False,,0.0,5,0.0,0.0,0.0,0.0,0.0,True,5,0.0,0.0,0.0,0.0,0.0,True,5,0.0,0.0,0.0,0.0,0.0,True
2020-06-07,SUN_FRI,False,,0.0,5,0.0,0.0,0.0,0.0,0.0,True,5,0.0,0.0,0.0,0.0,0.0,True,5,0.0,0.0,0.0,0.0,0.0,True
2020-06-14,SUN_FRI,False,,0.0,5,0.0,0.0,0.0,0.0,0.0,True,5,0.0,0.0,0.0,0.0,0.0,True,5,0.0,0.0,0.0,0.0,0.0,True
2020-06-21,SUN_FRI,False,,0.0,5,0.0,0.0,0.0,0.0,0.0,True,5,0.0,0.0,0.0,0.0,0.0,True,5,0.0,0.0,0.0,0.0,0.0,True
2020-06-28,SUN_FRI,False,,0.0,5,0.0,0.0,0.0,0.0,0.0,True,5,0.0,0.0,0.0,0.0,0.0,True,5,0.0,0.0,0.0,0.0,0.0,True
2020-07-05,SUN_FRI,False,,0.0,5,0.0,0.0,0.0,0.0,0.0,True,5,0.0,0.0,0.0,0.0,0.0,True,5,0.0,0.0,0.0,0.0,0.0,True
2020-07-12,SUN_FRI,False,,0.0,5,0.0,0.0,0.0,0.0,0.0,True,5,0.0,0.0,0.0,0.0,0.0,True,5,0.0,0.0,0.0,0.0,0.0,True
2020-07-19,SUN_FRI,False,,0.0,5,0.0,0.0,0.0,0.0,0.0,True,5,0.0,0.0,0.0,0.0,0.0,True,5,0.0,0.0,0.0,0.0,0.0,True
2020-07-26,SUN_FRI,False,,0.0,5,0.0,0.0,0.0,0.0,0.0,True,5,0.0,0.0,0.0,0.0,0.0,True,5,0.0,0.0,0.0,0.0,0.0,True
2020-08-02,SUN_FRI,False,,0.0,5,0.0,0.0,0.0,0.0,0.0,True,5,0.0,0.0,0.0,0.0,0.0,True,5,0.0,0.0,0.0,0.0,0.0,True
2020-08-09,SUN_FRI,False,,0.0,5,0.0,0.0,0.0,0.0,0.0,True,5,0.0,0.0,0.0,0.0,0.0,True,5,0.0,0.0,0.0,0.0,0.0,True
2020-08-16,SUN_FRI,False,,0.0,5,0.0,0.0,0.0,0.0,0.0,True,5,0.0,0.0,0.0,0.0,0.0,True,5,0.0,0.0,0.0,0.0,0.0,True
2020-08-23,SUN_FRI,False,,0.0,5,0.0,0.0,0.0,0.0,0.0,True,5,0.0,0.0,0.0,0.0,0.0,True,5,0.0,0.0,0.0,0.0,0.0,True
2020-08-30,SUN_FRI,False,,0.0,5,0.0,0.0,0.0,0.0,0.0,True,5,0.0,0.0,0.0,0.0,0.0,True,5,0.0,0.0,0.0,0.0,0.0,True
2020-09-06,SUN_FRI,False,,0.0,5,0.0,0.0,0.0,0.0,0.0,True,5,0.0,0.0,0.0,0.0,0.0,True,5,0.0,0.0,0.0,0.0,0.0,True
2020-09-13,SUN_FRI,False,,0.0,5,0.0,0.0,0.0,0.0,0.0,True,5,0.0,0.0,0.0,0.0,0.0,True,5,0.0,0.0,0.0,0.0,0.0,True
2020-09-20,SUN_FRI,False,,0.0,5,0.0,0.0,0.0,0.0,0.0,True,5,0.0,0.0,0.0,0.0,0.0,True,5,0.0,0.0,0.0,0.0,0.0,True
2020-09-27,SUN_FRI,False,,0.0,5,0.0,0.0,0.0,0.0,0.0,True,5,0.0,0.0,0.0,0.0,0.0,True,5,0.0,0.0,0.0,0.0,0.0,True
2020-10-04,SUN_FRI,False,,0.0,5,0.0,0.0,0.0,0.0,0.0,True,5,0.0,0.0,0.0,0.0,0.0,True,5,0.0,0.0,0.0,0.0,0.0,True
2020-10-11,SUN_FRI,False,,0.0,5,0.0,0.0,0.0,0.0,0.0,True,5,0.0,0.0,0.0,0.0,0.0,True,5,0.0,0.0,0.0,0.0,0.0,True
2020-10-18,SUN_FRI,False,,0.0,5,0.0,0.0,0.0,0.0,0.0,True,5,0.0,0.0,0.0,0.0,0.0,True,5,0.0,0.0,0.0,0.0,0.0,True
2020-10-25,SUN_FRI,False,,0.0,5,0.0,0.0,0.0,0.0,0.0,True,5,0.0,0.0,0.0,0.0,0.0,True,5,0.0,0.0,0.0,0.0,0.0,True
2020-11-01,SUN_FRI,False,,0.0,5,0.0,0.0,0.0,0.0,0.0,True,5,0.0,0.0,0.0,0.0,0.0,True,5,0.0,0.0,0.0,0.0,0.0,True
2020-11-08,SUN_FRI,False,,0.0,5,0.0,0.0,0.0,0.0,0.0,True,5,0.0,0.0,0.0,0.0,0.0,True,5,0.0,0.0,0.0,0.0,0.0,True
2020-11-15,SUN_FRI,False,,0.0,5,0.0,0.0,0.0,0.0,0.0,True,5,0.0,0.0,0.0,0.0,0.0,True,5,0.0,0.0,0.0,0.0,0.0,True
2020-11-22,SUN_FRI,False,,0.0,5,0.0,0.0,0.0,0.0,0.0,True,5,0.0,0.0,0.0,0.0,0.0,True,5,0.0,0.0,0.0,0.0,0.0,True
2020-11-29,SUN_FRI,False,,0.0,5,0.0,0.0,0.0,0.0,0.0,True,5,0.0,0.0,0.0,0.0,0.0,True,5,0.0,0.0,0.0,0.0,0.0,True
2020-12-06,SUN_FRI,False,,0.0,5,0.0,0.0,0.0,0.0,0.0,True,5,0.0,0.0,0.0,0.0,0.0,True,5,0.0,0.0,0.0,0.0,0.0,True
2020-12-13,SUN_FRI,False,,0.0,5,0.0,0.0,0.0,0.0,0.0,True,5,0.0,0.0,0.0,0.0,0.0,True,5,0.0,0.0,0.0,0.0,0.0,True
2020-12-20,SUN_FRI,False,,0.0,4,0.0,0.0,0.0,0.0,0.0,True,4,0.0,0.0,0.0,0.0,0.0,True,4,0.0,0.0,0.0,0.0,0.0,True
2020-12-27,SUN_FRI,False,,0.0,4,0.0,0.0,0.0,0.0,0.0,True,4,0.0,0.0,0.0,0.0,0.0,True,4,0.0,0.0,0.0,0.0,0.0,True
2021-01-03,SUN_FRI,False,,0.0,5,0.0,0.0,0.0,0.0,0.0,True,5,0.0,0.0,0.0,0.0,0.0,True,5,0.0,0.0,0.0,0.0,0.0,True
2021-01-10,SUN_FRI,False,,0.0,5,0.0,0.0,0.0,0.0,0.0,True,5,0.0,0.0,0.0,0.0,0.0,True,5,0.0,0.0,0.0,0.0,0.0,True
2021-01-17,SUN_FRI,False,,0.0,5,0.0,0.0,0.0,0.0,0.0,True,5,0.0,0.0,0.0,0.0,0.0,True,5,0.0,0.0,0.0,0.0,0.0,True
2021-01-24,SUN_FRI,False,,0.0,5,0.0,0.0,0.0,0.0,0.0,True,5,0.0,0.0,0.0,0.0,0.0,True,5,0.0,0.0,0.0,0.0,0.0,True
2021-01-31,SUN_FRI,False,,0.0,5,0.0,0.0,0.0,0.0,0.0,True,5,0.0,0.0,0.0,0.0,0.0,True,5,0.0,0.0,0.0,0.0,0.0,True
2021-02-07,SUN_FRI,False,,0.0,5,0.0,0.0,0.0,0.0,0.0,True,5,0.0,0.0,0.0,0.0,0.0,True,5,0.0,0.0,0.0,0.0,0.0,True
2021-02-14,SUN_FRI,False,,0.0,5,0.0,0.0,0.0,0.0,0.0,True,5,0.0,0.0,0.0,0.0,0.0,True,5,0.0,0.0,0.0,0.0,0.0,True
2021-02-21,SUN_FRI,False,,0.0,5,0.0,0.0,0.0,0.0,0.0,True,5,0.0,0.0,0.0,0.0,0.0,True,5,0.0,0.0,0.0,0.0,0.0,True
2021-02-28,SUN_FRI,False,,0.0,5,0.0,0.0,0.0,0.0,0.0,True,5,0.0,0.0,0.0,0.0,0.0,True,5,0.0,0.0,0.0,0.0,0.0,True
2021-03-07,SUN_FRI,False,,0.0,5,0.0,0.0,0.0,0.0,0.0,True,5,0.0,0.0,0.0,0.0,0.0,True,5,0.0,0.0,0.0,0.0,0.0,True
2021-03-14,SUN_FRI,False,,0.0,5,0.0,0.0,0.0,0.0,0.0,True,5,0.0,0.0,0.0,0.0,0.0,True,5,0.0,0.0,0.0,0.0,0.0,True
2021-03-21,SUN_FRI,False,,0.0,5,0.0,0.0,0.0,0.0,0.0,True,5,0.0,0.0,0.0,0.0,0.0,True,5,0.0,0.0,0.0,0.0,0.0,True
2021-03-28,SUN_FRI,False,,0.0,4,0.0,0.0,0.0,0.0,0.0,True,4,0.0,0.0,0.0,0.0,0.0,True,4,0.0,0.0,0.0,0.0,0.0,True
2021-04-04,SUN_FRI,False,,0.0,5,0.0,0.0,0.0,0.0,0.0,True,5,0.0,0.0,0.0,0.0,0.0,True,5,0.0,0.0,0.0,0.0,0.0,True
2021-04-11,SUN_FRI,False,,0.0,5,0.0,0.0,0.0,0.0,0.0,True,5,0.0,0.0,0.0,0.0,0.0,True,5,0.0,0.0,0.0,0.0,0.0,True
2021-04-18,SUN_FRI,False,,0.0,5,0.0,0.0,0.0,0.0,0.0,True,5,0.0,0.0,0.0,0.0,0.0,True,5,0.0,0.0,0.0,0.0,0.0,True
2021-04-25,SUN_FRI,False,,0.0,5,0.0,0.0,0.0,0.0,0.0,True,5,0.0,0.0,0.0,0.0,0.0,True,5,0.0,0.0,0.0,0.0,0.0,True
2021-05-02,SUN_FRI,False,,0.0,5,0.0,0.0,0.0,0.0,0.0,True,5,0.0,0.0,0.0,0.0,0.0,True,5,0.0,0.0,0.0,0.0,0.0,True
2021-05-09,SUN_FRI,False,,0.0,5,0.0,0.0,0.0,0.0,0.0,True,5,0.0,0.0,0.0,0.0,0.0,True,5,0.0,0.0,0.0,0.0,0.0,True
2021-05-16,SUN_FRI,False,,0.0,5,0.0,0.0,0.0,0.0,0.0,True,5,0.0,0.0,0.0,0.0,0.0,True,5,0.0,0.0,0.0,0.0,0.0,True
2021-05-23,SUN_FRI,False,,0.0,5,0.0,0.0,0.0,0.0,0.0,True,5,0.0,0.0,0.0,0.0,0.0,True,5,0.0,0.0,0.0,0.0,0.0,True
2021-05-30,SUN_FRI,False,,0.0,5,0.0,0.0,0.0,0.0,0.0,True,5,0.0,0.0,0.0,0.0,0.0,True,5,0.0,0.0,0.0,0.0,0.0,True
2021-06-06,SUN_FRI,False,,0.0,5,0.0,0.0,0.0,0.0,0.0,True,5,0.0,0.0,0.0,0.0,0.0,True,5,0.0,0.0,0.0,0.0,0.0,True
2021-06-13,SUN_FRI,False,,0.0,5,0.0,0.0,0.0,0.0,0.0,True,5,0.0,0.0,0.0,0.0,0.0,True,5,0.0,0.0,0.0,0.0,0.0,True
2021-06-20,SUN_FRI,False,,0.0,5,0.0,0.0,0.0,0.0,0.0,True,5,0.0,0.0,0.0,0.0,0.0,True,5,0.0,0.0,0.0,0.0,0.0,True
2021-06-27,SUN_FRI,False,,0.0,5,0.0,0.0,0.0,0.0,0.0,True,5,0.0,0.0,0.0,0.0,0.0,True,5,0.0,0.0,0.0,0.0,0.0,True
2021-07-04,SUN_FRI,False,,0.0,5,0.0,0.0,0.0,0.0,0.0,True,5,0.0,0.0,0.0,0.0,0.0,True,5,0.0,0.0,0.0,0.0,0.0,True
2021-07-11,SUN_FRI,False,,0.0,5,0.0,0.0,0.0,0.0,0.0,True,5,0.0,0.0,0.0,0.0,0.0,True,5,0.0,0.0,0.0,0.0,0.0,True
2021-07-18,SUN_FRI,False,,0.0,5,0.0,0.0,0.0,0.0,0.0,True,5,0.0,0.0,0.0,0.0,0.0,True,5,0.0,0.0,0.0,0.0,0.0,True
2021-07-25,SUN_FRI,False,,0.0,5,0.0,0.0,0.0,0.0,0.0,True,5,0.0,0.0,0.0,0.0,0.0,True,5,0.0,0.0,0.0,0.0,0.0,True
2021-08-01,SUN_FRI,False,,0.0,5,0.0,0.0,0.0,0.0,0.0,True,5,0.0,0.0,0.0,0.0,0.0,True,5,0.0,0.0,0.0,0.0,0.0,True
2021-08-08,SUN_FRI,False,,0.0,5,0.0,0.0,0.0,0.0,0.0,True,5,0.0,0.0,0.0,0.0,0.0,True,5,0.0,0.0,0.0,0.0,0.0,True
2021-08-15,SUN_FRI,False,,0.0,5,0.0,0.0,0.0,0.0,0.0,True,5,0.0,0.0,0.0,0.0,0.0,True,5,0.0,0.0,0.0,0.0,0.0,True
2021-08-22,SUN_FRI,False,,0.0,5,0.0,0.0,0.0,0.0,0.0,True,5,0.0,0.0,0.0,0.0,0.0,True,5,0.0,0.0,0.0,0.0,0.0,True
2021-08-29,SUN_FRI,False,,0.0,5,0.0,0.0,0.0,0.0,0.0,True,5,0.0,0.0,0.0,0.0,0.0,True,5,0.0,0.0,0.0,0.0,0.0,True
2021-09-05,SUN_FRI,False,,0.0,5,0.0,0.0,0.0,0.0,0.0,True,5,0.0,0.0,0.0,0.0,0.0,True,5,0.0,0.0,0.0,0.0,0.0,True
2021-09-12,SUN_FRI,False,,0.0,5,0.0,0.0,0.0,0.0,0.0,True,5,0.0,0.0,0.0,0.0,0.0,True,5,0.0,0.0,0.0,0.0,0.0,True
2021-09-19,SUN_FRI,False,,0.0,5,0.0,0.0,0.0,0.0,0.0,True,5,0.0,0.0,0.0,0.0,0.0,True,5,0.0,0.0,0.0,0.0,0.0,True
2021-09-26,SUN_FRI,False,,0.0,5,0.0,0.0,0.0,0.0,0.0,True,5,0.0,0.0,0.0,0.0,0.0,True,5,0.0,0.0,0.0,0.0,0.0,True
2021-10-03,SUN_FRI,False,,0.0,5,0.0,0.0,0.0,0.0,0.0,True,5,0.0,0.0,0.0,0.0,0.0,True,5,0.0,0.0,0.0,0.0,0.0,True
2021-10-10,SUN_FRI,False,,0.0,5,0.0,0.0,0.0,0.0,0.0,True,5,0.0,0.0,0.0,0.0,0.0,True,5,0.0,0.0,0.0,0.0,0.0,True
2021-10-17,SUN_FRI,False,,0.0,5,0.0,0.0,0.0,0.0,0.0,True,5,0.0,0.0,0.0,0.0,0.0,True,5,0.0,0.0,0.0,0.0,0.0,True
2021-10-24,SUN_FRI,False,,0.0,5,0.0,0.0,0.0,0.0,0.0,True,5,0.0,0.0,0.0,0.0,0.0,True,5,0.0,0.0,0.0,0.0,0.0,True
2021-10-31,SUN_FRI,False,,0.0,5,0.0,0.0,0.0,0.0,0.0,True,5,0.0,0.0,0.0,0.0,0.0,True,5,0.0,0.0,0.0,0.0,0.0,True
2021-11-07,SUN_FRI,False,,0.0,5,0.0,0.0,0.0,0.0,0.0,True,5,0.0,0.0,0.0,0.0,0.0,True,5,0.0,0.0,0.0,0.0,0.0,True
2021-11-14,SUN_FRI,False,,0.0,5,0.0,0.0,0.0,0.0,0.0,True,5,0.0,0.0,0.0,0.0,0.0,True,5,0.0,0.0,0.0,0.0,0.0,True
2021-11-21,SUN_FRI,False,,0.0,5,0.0,0.0,0.0,0.0,0.0,True,5,0.0,0.0,0.0,0.0,0.0,True,5,0.0,0.0,0.0,0.0,0.0,True
2021-11-28,SUN_FRI,False,,0.0,5,0.0,0.0,0.0,0.0,0.0,True,5,0.0,0.0,0.0,0.0,0.0,True,5,0.0,0.0,0.0,0.0,0.0,True
2021-12-05,SUN_FRI,False,,0.0,5,0.0,0.0,0.0,0.0,0.0,True,5,0.0,0.0,0.0,0.0,0.0,True,5,0.0,0.0,0.0,0.0,0.0,True
2021-12-12,SUN_FRI,False,,0.0,5,0.0,0.0,0.0,0.0,0.0,True,5,0.0,0.0,0.0,0.0,0.0,True,5,0.0,0.0,0.0,0.0,0.0,True
2021-12-19,SUN_FRI,False,,0.0,4,0.0,0.0,0.0,0.0,0.0,True,4,0.0,0.0,0.0,0.0,0.0,True,4,0.0,0.0,0.0,0.0,0.0,True
2021-12-26,SUN_FRI,False,,0.0,5,0.0,0.0,0.0,0.0,0.0,True,5,0.0,0.0,0.0,0.0,0.0,True,5,0.0,0.0,0.0,0.0,0.0,True
2022-01-02,SUN_FRI,False,,0.0,5,0.0,0.0,0.0,0.0,0.0,True,5,0.0,0.0,0.0,0.0,0.0,True,5,0.0,0.0,0.0,0.0,0.0,True
2022-01-09,SUN_FRI,False,,0.0,5,0.0,0.0,0.0,0.0,0.0,True,5,0.0,0.0,0.0,0.0,0.0,True,5,0.0,0.0,0.0,0.0,0.0,True
2022-01-16,SUN_FRI,False,,0.0,5,0.0,0.0,0.0,0.0,0.0,True,5,0.0,0.0,0.0,0.0,0.0,True,5,0.0,0.0,0.0,0.0,0.0,True
2022-01-23,SUN_FRI,False,,0.0,5,0.0,0.0,0.0,0.0,0.0,True,5,0.0,0.0,0.0,0.0,0.0,True,5,0.0,0.0,0.0,0.0,0.0,True
2022-01-30,SUN_FRI,False,,0.0,5,0.0,0.0,0.0,0.0,0.0,True,5,0.0,0.0,0.0,0.0,0.0,True,5,0.0,0.0,0.0,0.0,0.0,True
2022-02-06,SUN_FRI,False,,0.0,5,0.0,0.0,0.0,0.0,0.0,True,5,0.0,0.0,0.0,0.0,0.0,True,5,0.0,0.0,0.0,0.0,0.0,True
2022-02-13,SUN_FRI,False,,0.0,5,0.0,0.0,0.0,0.0,0.0,True,5,0.0,0.0,0.0,0.0,0.0,True,5,0.0,0.0,0.0,0.0,0.0,True
2022-02-20,SUN_FRI,False,,0.0,5,0.0,0.0,0.0,0.0,0.0,True,5,0.0,0.0,0.0,0.0,0.0,True,5,0.0,0.0,0.0,0.0,0.0,True
2022-02-27,SUN_FRI,False,,0.0,5,0.0,0.0,0.0,0.0,0.0,True,5,0.0,0.0,0.0,0.0,0.0,True,5,0.0,0.0,0.0,0.0,0.0,True
2022-03-06,SUN_FRI,False,,0.0,5,0.0,0.0,0.0,0.0,0.0,True,5,0.0,0.0,0.0,0.0,0.0,True,5,0.0,0.0,0.0,0.0,0.0,True
2022-03-13,SUN_FRI,False,,0.0,5,0.0,0.0,0.0,0.0,0.0,True,5,0.0,0.0,0.0,0.0,0.0,True,5,0.0,0.0,0.0,0.0,0.0,True
2022-03-20,SUN_FRI,False,,0.0,5,0.0,0.0,0.0,0.0,0.0,True,5,0.0,0.0,0.0,0.0,0.0,True,5,0.0,0.0,0.0,0.0,0.0,True
2022-03-27,SUN_FRI,False,,0.0,5,0.0,0.0,0.0,0.0,0.0,True,5,0.0,0.0,0.0,0.0,0.0,True,5,0.0,0.0,0.0,0.0,0.0,True
2022-04-03,SUN_FRI,False,,0.0,5,0.0,0.0,0.0,0.0,0.0,True,5,0.0,0.0,0.0,0.0,0.0,True,5,0.0,0.0,0.0,0.0,0.0,True
2022-04-10,SUN_FRI,False,,0.0,4,0.0,0.0,0.0,0.0,0.0,True,4,0.0,0.0,0.0,0.0,0.0,True,4,0.0,0.0,0.0,0.0,0.0,True
2022-04-17,SUN_FRI,False,,0.0,5,0.0,0.0,0.0,0.0,0.0,True,5,0.0,0.0,0.0,0.0,0.0,True,5,0.0,0.0,0.0,0.0,0.0,True
2022-04-24,SUN_FRI,False,,0.0,5,0.0,0.0,0.0,0.0,0.0,True,5,0.0,0.0,0.0,0.0,0.0,True,5,0.0,0.0,0.0,0.0,0.0,True
2022-05-01,SUN_FRI,False,,0.0,5,0.0,0.0,0.0,0.0,0.0,True,5,0.0,0.0,0.0,0.0,0.0,True,5,0.0,0.0,0.0,0.0,0.0,True
2022-05-08,SUN_FRI,False,,0.0,5,0.0,0.0,0.0,0.0,0.0,True,5,0.0,0.0,0.0,0.0,0.0,True,5,0.0,0.0,0.0,0.0,0.0,True
2022-05-15,SUN_FRI,False,,0.0,5,0.0,0.0,0.0,0.0,0.0,True,5,0.0,0.0,0.0,0.0,0.0,True,5,0.0,0.0,0.0,0.0,0.0,True
2022-05-22,SUN_FRI,False,,0.0,5,0.0,0.0,0.0,0.0,0.0,True,5,0.0,0.0,0.0,0.0,0.0,True,5,0.0,0.0,0.0,0.0,0.0,True
2022-05-29,SUN_FRI,False,,0.0,5,0.0,0.0,0.0,0.0,0.0,True,5,0.0,0.0,0.0,0.0,0.0,True,5,0.0,0.0,0.0,0.0,0.0,True
2022-06-05,SUN_FRI,False,,0.0,5,0.0,0.0,0.0,0.0,0.0,True,5,0.0,0.0,0.0,0.0,0.0,True,5,0.0,0.0,0.0,0.0,0.0,True
2022-06-12,SUN_FRI,False,,0.0,5,0.0,0.0,0.0,0.0,0.0,True,5,0.0,0.0,0.0,0.0,0.0,True,5,0.0,0.0,0.0,0.0,0.0,True
2022-06-19,SUN_FRI,False,,0.0,5,0.0,0.0,0.0,0.0,0.0,True,5,0.0,0.0,0.0,0.0,0.0,True,5,0.0,0.0,0.0,0.0,0.0,True
2022-06-26,SUN_FRI,False,,0.0,5,0.0,0.0,0.0,0.0,0.0,True,5,0.0,0.0,0.0,0.0,0.0,True,5,0.0,0.0,0.0,0.0,0.0,True
2022-07-03,SUN_FRI,False,,0.0,5,0.0,0.0,0.0,0.0,0.0,True,5,0.0,0.0,0.0,0.0,0.0,True,5,0.0,0.0,0.0,0.0,0.0,True
2022-07-10,SUN_FRI,False,,0.0,5,0.0,0.0,0.0,0.0,0.0,True,5,0.0,0.0,0.0,0.0,0.0,True,5,0.0,0.0,0.0,0.0,0.0,True
2022-07-17,SUN_FRI,False,,0.0,5,0.0,0.0,0.0,0.0,0.0,True,5,0.0,0.0,0.0,0.0,0.0,True,5,0.0,0.0,0.0,0.0,0.0,True
2022-07-24,SUN_FRI,False,,0.0,5,0.0,0.0,0.0,0.0,0.0,True,5,0.0,0.0,0.0,0.0,0.0,True,5,0.0,0.0,0.0,0.0,0.0,True
2022-07-31,SUN_FRI,False,,0.0,5,0.0,0.0,0.0,0.0,0.0,True,5,0.0,0.0,0.0,0.0,0.0,True,5,0.0,0.0,0.0,0.0,0.0,True
2022-08-07,SUN_FRI,False,,0.0,5,0.0,0.0,0.0,0.0,0.0,True,5,0.0,0.0,0.0,0.0,0.0,True,5,0.0,0.0,0.0,0.0,0.0,True
2022-08-14,SUN_FRI,False,,0.0,5,0.0,0.0,0.0,0.0,0.0,True,5,0.0,0.0,0.0,0.0,0.0,True,5,0.0,0.0,0.0,0.0,0.0,True
2022-08-21,SUN_FRI,False,,0.0,5,0.0,0.0,0.0,0.0,0.0,True,5,0.0,0.0,0.0,0.0,0.0,True,5,0.0,0.0,0.0,0.0,0.0,True
2022-08-28,SUN_FRI,False,,0.0,5,0.0,0.0,0.0,0.0,0.0,True,5,0.0,0.0,0.0,0.0,0.0,True,5,0.0,0.0,0.0,0.0,0.0,True
2022-09-04,SUN_FRI,False,,0.0,5,0.0,0.0,0.0,0.0,0.0,True,5,0.0,0.0,0.0,0.0,0.0,True,5,0.0,0.0,0.0,0.0,0.0,True
2022-09-11,SUN_FRI,False,,0.0,5,0.0,0.0,0.0,0.0,0.0,True,5,0.0,0.0,0.0,0.0,0.0,True,5,0.0,0.0,0.0,0.0,0.0,True
2022-09-18,SUN_FRI,False,,0.0,5,0.0,0.0,0.0,0.0,0.0,True,5,0.0,0.0,0.0,0.0,0.0,True,5,0.0,0.0,0.0,0.0,0.0,True
2022-09-25,SUN_FRI,False,,0.0,5,0.0,0.0,0.0,0.0,0.0,True,5,0.0,0.0,0.0,0.0,0.0,True,5,0.0,0.0,0.0,0.0,0.0,True
2022-10-02,SUN_FRI,False,,0.0,5,0.0,0.0,0.0,0.0,0.0,True,5,0.0,0.0,0.0,0.0,0.0,True,5,0.0,0.0,0.0,0.0,0.0,True
2022-10-09,SUN_FRI,False,,0.0,5,0.0,0.0,0.0,0.0,0.0,True,5,0.0,0.0,0.0,0.0,0.0,True,5,0.0,0.0,0.0,0.0,0.0,True
2022-10-16,SUN_FRI,False,,0.0,5,0.0,0.0,0.0,0.0,0.0,True,5,0.0,0.0,0.0,0.0,0.0,True,5,0.0,0.0,0.0,0.0,0.0,True
2022-10-23,SUN_FRI,False,,0.0,5,0.0,0.0,0.0,0.0,0.0,True,5,0.0,0.0,0.0,0.0,0.0,True,5,0.0,0.0,0.0,0.0,0.0,True
2022-10-30,SUN_FRI,False,,0.0,5,0.0,0.0,0.0,0.0,0.0,True,5,0.0,0.0,0.0,0.0,0.0,True,5,0.0,0.0,0.0,0.0,0.0,True
2022-11-06,SUN_FRI,False,,0.0,5,0.0,0.0,0.0,0.0,0.0,True,5,0.0,0.0,0.0,0.0,0.0,True,5,0.0,0.0,0.0,0.0,0.0,True
2022-11-13,SUN_FRI,False,,0.0,5,0.0,0.0,0.0,0.0,0.0,True,5,0.0,0.0,0.0,0.0,0.0,True,5,0.0,0.0,0.0,0.0,0.0,True
2022-11-20,SUN_FRI,False,,0.0,5,0.0,0.0,0.0,0.0,0.0,True,5,0.0,0.0,0.0,0.0,0.0,True,5,0.0,0.0,0.0,0.0,0.0,True
2022-11-27,SUN_FRI,False,,0.0,5,0.0,0.0,0.0,0.0,0.0,True,5,0.0,0.0,0.0,0.0,0.0,True,5,0.0,0.0,0.0,0.0,0.0,True
2022-12-04,SUN_FRI,False,,0.0,5,0.0,0.0,0.0,0.0,0.0,True,5,0.0,0.0,0.0,0.0,0.0,True,5,0.0,0.0,0.0,0.0,0.0,True
2022-12-11,SUN_FRI,False,,0.0,5,0.0,0.0,0.0,0.0,0.0,True,5,0.0,0.0,0.0,0.0,0.0,True,5,0.0,0.0,0.0,0.0,0.0,True
2022-12-18,SUN_FRI,False,,0.0,5,0.0,0.0,0.0,0.0,0.0,True,5,0.0,0.0,0.0,0.0,0.0,True,5,0.0,0.0,0.0,0.0,0.0,True
2022-12-25,SUN_FRI,False,,0.0,4,0.0,0.0,0.0,0.0,0.0,True,4,0.0,0.0,0.0,0.0,0.0,True,4,0.0,0.0,0.0,0.0,0.0,True
